CRN,Subject,Course Number,Course,Title,Instructor,Meeting Times,Campus,Instructional Method,Status,Seats Available,Enrollment,Maximum Enrollment,Waitlist Available
82107,ACG,2021,ACG 2021,Principles of Financial Accounting,[REDACTED],MW | 12:00 PM - 1:15 PM | 42-Coggin College of Business Room 1101,Main Campus-UNF,Standard,FULL - WAITLIST AVAILABLE,0,43,43,5
82108,ACG,2021,ACG 2021,Principles of Financial Accounting,[REDACTED],MW | 3:00 PM - 4:15 PM | 42-Coggin College of Business Room 1101,Main Campus-UNF,Standard,FULL - WAITLIST AVAILABLE,0,43,43,5
83505,ACG,2021,ACG 2021,Principles of Financial Accounting,[REDACTED],Online,Distance Learning,Online (DL),OPEN,2,48,50,10
83506,ACG,2021,ACG 2021,Principles of Financial Accounting,[REDACTED],Online,Distance Learning,Online (DL),OPEN,3,47,50,10
83955,ACG,2021,ACG 2021,Principles of Financial Accounting,[REDACTED],TR | 10:50 AM - 12:05 PM | 42-Coggin College of Business Room 1102,Main Campus-UNF,Standard,FULL - WAITLIST AVAILABLE,0,43,43,5
83958,ACG,2021,ACG 2021,Principles of Financial Accounting,[REDACTED],T | 3:05 PM - 4:20 PM | 51-Social Sciences Room 1209; Online,Hybrid - On Campus/Online,Hybrid,FULL - WAITLIST AVAILABLE,0,50,50,5
83963,ACG,2021,ACG 2021,Principles of Financial Accounting,[REDACTED],T | 4:30 PM - 5:45 PM | 51-Social Sciences Room 1209; Online,Hybrid - On Campus/Online,Hybrid,OPEN,1,49,50,5
86343,ACG,2021,ACG 2021,Principles of Financial Accounting,[REDACTED],Online,Distance Learning,Online (DL),FULL - WAITLIST AVAILABLE,0,50,50,10
86356,ACG,2021,ACG 2021,Principles of Financial Accounting,[REDACTED],T | 6:00 PM - 7:15 PM | 51-Social Sciences Room 1209; Online,Hybrid - On Campus/Online,Hybrid,OPEN,24,26,50,5
86427,ACG,2021,ACG 2021,Principles of Financial Accounting,[REDACTED],Online,Distance Learning,Online (DL),OPEN,1,49,50,10
82502,ACG,2071,ACG 2071,Principles of Managerial Accounting,[REDACTED],W | 1:30 PM - 2:45 PM | 42-Coggin College of Business Room 2105; Online,Hybrid - On Campus/Online,Hybrid,FULL - WAITLIST AVAILABLE,0,43,43,5
82624,ACG,2071,ACG 2071,Principles of Managerial Accounting,[REDACTED],W | 4:30 PM - 5:45 PM | 2-Founders Hall Room 2218; Online,Hybrid - On Campus/Online,Hybrid,FULL - WAITLIST AVAILABLE,0,42,42,5
82768,ACG,2071,ACG 2071,Principles of Managerial Accounting,[REDACTED],W | 6:00 PM - 7:15 PM | 2-Founders Hall Room 2212; Online,Hybrid - On Campus/Online,Hybrid,OPEN,1,39,40,5
83484,ACG,2071,ACG 2071,Principles of Managerial Accounting,[REDACTED],Online,Distance Learning,Online (DL),OPEN,3,102,105,10
84040,ACG,2071,ACG 2071,Principles of Managerial Accounting,[REDACTED],Online,Distance Learning,Online (DL),OPEN,2,103,105,10
82109,ACG,3103,ACG 3103,Intermediate Accounting Problems and Concepts I,[REDACTED],Online,Distance Learning,Online (DL),OPEN,4,81,85,5
82688,ACG,3103,ACG 3103,Intermediate Accounting Problems and Concepts I,[REDACTED],MW | 1:30 PM - 2:45 PM | 51-Social Sciences Room 1205,Main Campus-UNF,Standard,OPEN,5,70,75,5
83953,ACG,3113,ACG 3113,Intermediate Accounting Problems and Concepts II,[REDACTED],TR | 1:40 PM - 2:55 PM | 42-Coggin College of Business Room 1113,Main Campus-UNF,Standard,OPEN,22,21,43,5
83994,ACG,3123,ACG 3123,Intermediate Accounting Problems and Concepts III,[REDACTED],W | 6:00 PM - 7:15 PM | 51-Social Sciences Room 1209; Online,Hybrid - On Campus/Online,Hybrid,OPEN,1,74,75,10
84001,ACG,4361,ACG 4361,Cost Accounting,[REDACTED],TR | 6:00 PM - 7:15 PM | 42-Coggin College of Business Room 1113,Main Campus-UNF,Standard,FULL - WAITLIST AVAILABLE,0,43,43,5
86051,ACG,4361,ACG 4361,Cost Accounting,[REDACTED],TR | 7:30 PM - 8:45 PM | 42-Coggin College of Business Room 1113,Main Campus-UNF,Standard,OPEN,9,34,43,5
82111,ACG,4401,ACG 4401,Accounting Information Systems,[REDACTED],T | 3:05 PM - 4:20 PM | 42-Coggin College of Business Room 2105; Online,Hybrid - On Campus/Online,Hybrid,OPEN,8,36,44,5
83959,ACG,4651,ACG 4651,Auditing,[REDACTED],MW | 4:30 PM - 5:45 PM | 42-Coggin College of Business Room 1116,Main Campus-UNF,Standard,OPEN,5,40,45,5
85571,ACG,4842,ACG 4842,Data Analytics for Accounting,[REDACTED],R | 3:05 PM - 4:20 PM | 42-Coggin College of Business Room 2105; Online,Hybrid - On Campus/Online,Hybrid,OPEN,6,38,44,5
86117,ACG,4901,ACG 4901,Directed Independent Study in Accounting,[REDACTED],TBA,Main Campus-UNF,Independent,FULL - WAITLIST AVAILABLE,0,1,1,1
82910,ACG,4941,ACG 4941,Accounting Internship,[REDACTED],Off Main Campus Room OFF-MC,Off-Campus: Internships,Independent,OPEN,11,4,15,5
84078,ACG,6005,ACG 6005,Fundamentals of Financial Accounting,[REDACTED],Online,Distance Learning,Online (DL),OPEN,31,14,45,5
82222,ACG,6305,ACG 6305,Management Accounting,[REDACTED],Online,Distance Learning,Online (DL),OPEN,2,53,55,5
85563,ACG,6309,ACG 6309,Advanced Managerial Accounting,[REDACTED],Online,Distance Learning,Online (DL),OPEN,22,28,50,5
84853,ACG,6405,ACG 6405,Advanced Accounting Information Systems,[REDACTED],T | 7:30 PM - 8:45 PM | 42-Coggin College of Business Room 2105; Online,Hybrid - On Campus/Online,Hybrid,OPEN,12,31,43,5
83960,ACG,6645,ACG 6645,Advanced Auditing,[REDACTED],M | 6:00 PM - 7:15 PM | 57-Petway Hall Room 2070; Online,Hybrid - On Campus/Online,Hybrid,OPEN,20,23,43,5
83209,ACG,6805,ACG 6805,Advanced Financial Accounting,[REDACTED],W | 7:30 PM - 8:45 PM | 39A-J. Brooks Brown Hall Addit Room 1028; Online,Hybrid - On Campus/Online,Hybrid,OPEN,34,16,50,5
85572,ACG,6846,ACG 6846,Accounting Data Analytics,[REDACTED],R | 6:00 PM - 7:15 PM | 42-Coggin College of Business Room 1105; Online,Hybrid - On Campus/Online,Hybrid,OPEN,28,15,43,5
82248,ADV,3008,ADV 3008,Principles of Advertising,[REDACTED],Online,Distance Learning,Online (DL),FULL - WAITLIST AVAILABLE,-1,51,50,50
82436,ADV,3101,ADV 3101,Advertising Creative Strategy,[REDACTED],W | 1:30 PM - 2:45 PM | 14D-Andrew A. Robinson Center Room 1013; Online,Hybrid - On Campus/Online,Hybrid,OPEN,5,15,20,20
82735,ADV,3101,ADV 3101,Advertising Creative Strategy,[REDACTED],Online,Distance Learning,Online (DL),FULL - WAITLIST AVAILABLE,0,20,20,20
82435,ADV,3203,ADV 3203,Advertising Media Graphics,[REDACTED],Online,Distance Learning,Online (DL),OPEN,2,18,20,20
82956,ADV,3203,ADV 3203,Advertising Media Graphics,[REDACTED],TR | 12:15 PM - 1:30 PM | 14D-Andrew A. Robinson Center Room 1013,Main Campus-UNF,Standard,OPEN,1,19,20,20
83708,ADV,3203,ADV 3203,Advertising Media Graphics,[REDACTED],Online,Distance Learning,Online (DL),OPEN,6,14,20,20
82012,ADV,3300,ADV 3300,Media Planning,[REDACTED],Online,Distance Learning,Online (DL),OPEN,6,24,30,25
83464,ADV,4404,ADV 4404,Strategic Branding,[REDACTED],Online,Distance Learning,Online (DL),FULL - WAITLIST AVAILABLE,0,14,14,15
82008,ADV,4800,ADV 4800,Advertising Campaigns,[REDACTED],TR | 10:50 AM - 12:05 PM | 14D-Andrew A. Robinson Center Room 1013,Main Campus-UNF,Standard,OPEN,5,15,20,15
83581,ADV,5408,ADV 5408,Strategic Branding,[REDACTED],Online,Distance Learning,Online (DL),FULL - WAITLIST AVAILABLE,0,11,11,5
85222,AFH,3252,AFH 3252,"War, Genocide, and HIV in Mod. Africa",[REDACTED],MW | 12:00 PM - 1:15 PM | 51-Social Sciences Room 1104,Main Campus-UNF,Standard,OPEN,28,17,45,45
83698,AMH,2010,AMH 2010,United States History to 1877,[REDACTED],TR | 3:05 PM - 4:20 PM | 51-Social Sciences Room 1104,Main Campus-UNF,Standard,FULL - WAITLIST AVAILABLE,0,45,45,35
85214,AMH,2010,AMH 2010,United States History to 1877,[REDACTED],Online,Distance Learning,Online (DL),OPEN,2,43,45,35
82482,AMH,2020,AMH 2020,United States History since 1877,[REDACTED],MW | 1:30 PM - 2:45 PM | 39-J. Brooks Brown Hall Room 1016,Main Campus-UNF,Standard,OPEN,4,181,185,100
82932,AMH,2020,AMH 2020,United States History since 1877,[REDACTED],MW | 4:30 PM - 5:45 PM | 39A-J. Brooks Brown Hall Addit Room 1032,Main Campus-UNF,Standard,FULL - WAITLIST AVAILABLE,-1,21,20,20
83007,AMH,2020,AMH 2020,United States History since 1877,[REDACTED],Online,Distance Learning,Online (DL),FULL - WAITLIST AVAILABLE,-1,46,45,35
83265,AMH,2020,AMH 2020,United States History since 1877,[REDACTED],Online,Distance Learning,Online (DL),OPEN,1,44,45,35
83281,AMH,2020,AMH 2020,United States History since 1877,[REDACTED],Online,Distance Learning,Online (DL),FULL - WAITLIST AVAILABLE,0,45,45,35
83282,AMH,2020,AMH 2020,United States History since 1877,[REDACTED],Online,Distance Learning,Online (DL),OPEN,1,44,45,35
84323,AMH,2020,AMH 2020,United States History since 1877,[REDACTED],Online,Distance Learning,Online (DL),OPEN,2,43,45,35
84840,AMH,2020,AMH 2020,United States History since 1877,[REDACTED],Online,Distance Learning,Online (DL),OPEN,4,41,45,45
86229,AMH,2020,AMH 2020,United States History since 1877,[REDACTED],TR | 9:25 AM - 10:40 AM | 39-J. Brooks Brown Hall Room 1009,Main Campus-UNF,Standard,FULL - WAITLIST AVAILABLE,0,150,150,50
85831,AMH,3111,AMH 3111,Early America,[REDACTED],Online,Distance Learning,Online (DL),FULL - WAITLIST AVAILABLE,0,45,45,45
85226,AMH,3403,AMH 3403,The American South from the 20th Century,[REDACTED],TR | 10:50 AM - 12:05 PM | 51-Social Sciences Room 1104,Main Campus-UNF,Standard,OPEN,14,31,45,45
84320,AMH,3673,AMH 3673,The Civil Rights Movement,[REDACTED],MW | 3:00 PM - 4:15 PM | 51-Social Sciences Room 1209,Main Campus-UNF,Standard,OPEN,29,16,45,45
84642,AMH,5515,AMH 5515,U.S. in World Affairs,[REDACTED],T | 6:00 PM - 8:45 PM | 9-Fred Schultz Hall Room 2401,Main Campus-UNF,Standard,OPEN,5,12,17,8
85215,AMH,6907,AMH 6907,Readings in American History II,[REDACTED],W | 6:00 PM - 8:45 PM | 51-Social Sciences Room 1103,Main Campus-UNF,Standard,OPEN,3,12,15,15
85283,AML,2010,AML 2010,American Literature I,[REDACTED],MW | 3:00 PM - 4:15 PM | 59-Biological Sciences Room 2701,Main Campus-UNF,Standard,OPEN,1,29,30,30
82879,AML,3621,AML 3621,Black American Literature,[REDACTED],TR | 10:50 AM - 12:05 PM | 39-J. Brooks Brown Hall Room 1002A,Main Campus-UNF,Standard,FULL - WAITLIST AVAILABLE,0,30,30,10
83588,ANT,2000,ANT 2000,(CD) Introduction to Anthropology,[REDACTED],Online,Distance Learning,Online (DL),OPEN,2,73,75,35
85252,ANT,2000,ANT 2000,(CD) Introduction to Anthropology,[REDACTED],Online,Distance Learning,Online (DL),FULL - WAITLIST AVAILABLE,0,75,75,35
82498,ANT,2423,ANT 2423,Kinship and the Family,[REDACTED],Online,Distance Learning,Online (DL),OPEN,9,26,35,35
85254,ANT,2930,ANT 2930,"ST: Bodies, Bones &amp; Belief",[REDACTED],TR | 12:15 PM - 1:30 PM | 51-Social Sciences Room 1205,Main Campus-UNF,Standard,OPEN,24,51,75,35
82544,ANT,3101,ANT 3101,Fundamentals of Archaeology,[REDACTED],TR | 10:50 AM - 12:05 PM | 57-Petway Hall Room 2070,Main Campus-UNF,Standard,OPEN,4,21,25,25
82338,ANT,3212,ANT 3212,(FC) Peoples and Cultures of the World,[REDACTED],Online,Distance Learning,Online (DL),FULL - WAITLIST AVAILABLE,0,35,35,35
82392,ANT,3212,ANT 3212,(FC) Peoples and Cultures of the World,[REDACTED],Online,Distance Learning,Online (DL),FULL - WAITLIST AVAILABLE,0,35,35,35
83006,ANT,3212,ANT 3212,(FC) Peoples and Cultures of the World,[REDACTED],Online,Distance Learning,Online (DL),FULL - WAITLIST AVAILABLE,0,35,35,35
83256,ANT,3212,ANT 3212,(FC) Peoples and Cultures of the World,[REDACTED],Online,Distance Learning,Online (DL),OPEN,1,34,35,35
83297,ANT,3212,ANT 3212,(FC) Peoples and Cultures of the World,[REDACTED],Online,Distance Learning,Online (DL),OPEN,2,33,35,35
83298,ANT,3212,ANT 3212,(FC) Peoples and Cultures of the World,[REDACTED],Online,Distance Learning,Online (DL),FULL - WAITLIST AVAILABLE,0,35,35,35
85255,ANT,3243,ANT 3243,(FC) Comparative Muslim Cultures,[REDACTED],MW | 3:00 PM - 4:15 PM | 39A-J. Brooks Brown Hall Addit Room 1030,Main Campus-UNF,Standard,FULL - WAITLIST AVAILABLE,0,25,25,25
82162,ANT,3312,ANT 3312,(FC) North American Indians,[REDACTED],Online,Distance Learning,Online (DL),FULL - WAITLIST AVAILABLE,0,35,35,35
82252,ANT,3312,ANT 3312,(FC) North American Indians,[REDACTED],Online,Distance Learning,Online (DL),OPEN,3,32,35,35
85256,ANT,3321,ANT 3321,Peoples &amp; Cultures of Mexico,[REDACTED],MW | 12:00 PM - 1:15 PM | 51-Social Sciences Room 1210,Main Campus-UNF,Standard,OPEN,12,13,25,25
83713,ANT,3462,ANT 3462,"Health, Illness and Culture",[REDACTED],Online,Distance Learning,Online (DL),OPEN,2,33,35,35
84290,ANT,3514,ANT 3514,Principles of Physical Anthropology,[REDACTED],Online,Distance Learning,Online (DL),OPEN,10,25,35,35
82456,ANT,3610,ANT 3610,Linguistic Anthropology,[REDACTED],R | 3:05 PM - 5:50 PM | 51-Social Sciences Room 1210,Main Campus-UNF,Standard,OPEN,8,17,25,25
82209,ANT,3933,ANT 3933,Seminar in Anthropology,[REDACTED],MW | 12:00 PM - 1:15 PM | 57-Petway Hall Room 1100B,Main Campus-UNF,Standard,FULL - WAITLIST AVAILABLE,0,25,25,25
84312,ANT,4115,ANT 4115,Archaeological Research Strategies,[REDACTED],MW | 1:30 PM - 2:45 PM | 51-Social Sciences Room 1210,Main Campus-UNF,Standard,FULL - WAITLIST AVAILABLE,0,20,20,20
85257,ANT,4180,ANT 4180,Archaeological Lab Methods,[REDACTED],F | 9:00 AM - 12:00 PM | 51-Social Sciences Room 1204,Main Campus-UNF,Standard,OPEN,4,14,18,10
85253,ANT,4497,ANT 4497,Ethnographic Methods,[REDACTED],TR | 1:40 PM - 2:55 PM | Online,Distance Learning,Live Online,OPEN,11,14,25,25
86376,ANT,4905,ANT 4905,Directed Independent Study in Anthropology,[REDACTED],TBA,Main Campus-UNF,Independent,FULL - WAITLIST AVAILABLE,0,1,1,1
86449,ANT,4905,ANT 4905,Directed Independent Study in Anthropology,[REDACTED],TBA,Main Campus-UNF,Independent,OPEN,3,1,4,4
85258,ANT,4931,ANT 4931,ST: Museums and Memory,[REDACTED],TR | 10:50 AM - 12:05 PM | Online,Distance Learning,Live Online,OPEN,22,13,35,35
82800,APK,4165,APK 4165,Bioenergetics,[REDACTED],TR | 10:50 AM - 12:05 PM | 39-J. Brooks Brown Hall Room 1009,Main Campus-UNF,Standard,OPEN,1,59,60,0
82801,APK,4165,APK 4165,Bioenergetics,[REDACTED],TR | 10:50 AM - 12:05 PM | 39-J. Brooks Brown Hall Room 1009,Main Campus-UNF,Standard,OPEN,10,50,60,0
83300,APK,6116C,APK 6116C,Exercise Physiology and Laboratory Techniques,[REDACTED],R | 4:30 PM - 7:15 PM | 39-J. Brooks Brown Hall Room 4062,Main Campus-UNF,Standard,OPEN,1,23,24,0
83076,APK,6176,APK 6176,Advanced Concepts in Strength Training,[REDACTED],M | 4:30 PM - 7:15 PM | 39-J. Brooks Brown Hall Room 4062,Main Campus-UNF,Standard,OPEN,11,9,20,0
83301,APK,6235C,APK 6235C,Physical Activity Measurement in Research and Medicine,[REDACTED],W | 4:30 PM - 7:15 PM | 39-J. Brooks Brown Hall Room 4062,Main Campus-UNF,Standard,OPEN,11,9,20,0
86084,APK,6336,APK 6336,Physical Activity Epidemiology and Evidence Review,[REDACTED],T | 4:30 PM - 7:15 PM | 39-J. Brooks Brown Hall Room 4062,Main Campus-UNF,Standard,OPEN,1,23,24,0
82480,ARH,2000,ARH 2000,Art Appreciation,[REDACTED],Online,Distance Learning,Online (DL),FULL - WAITLIST AVAILABLE,-1,76,75,60
82994,ARH,2000,ARH 2000,Art Appreciation,[REDACTED],Online,Distance Learning,Online (DL),FULL - WAITLIST AVAILABLE,0,75,75,75
83969,ARH,2000,ARH 2000,Art Appreciation,[REDACTED],R | 12:15 PM - 3:00 PM | 57-Petway Hall Room 2050,Main Campus-UNF,Standard,OPEN,1,34,35,35
84787,ARH,2000,ARH 2000,Art Appreciation,[REDACTED],TR | 3:05 PM - 4:20 PM | 45-Fine Arts Center Room 2807,Main Campus-UNF,Standard,OPEN,1,34,35,35
86228,ARH,2000,ARH 2000,Art Appreciation,[REDACTED],TR | 4:30 PM - 5:45 PM | 45-Fine Arts Center Room 2403,Main Campus-UNF,Standard,OPEN,5,55,60,60
86236,ARH,2000,ARH 2000,Art Appreciation,[REDACTED],Online,Distance Learning,Online (DL),FULL - WAITLIST AVAILABLE,0,50,50,50
82007,ARH,2050,ARH 2050,Art History Survey I,[REDACTED],TR | 1:40 PM - 2:55 PM | 14A-Robinson Theater Room 1312,Main Campus-UNF,Standard,OPEN,1,43,44,35
83972,ARH,2051,ARH 2051,Art History Survey II,[REDACTED],TR | 10:50 AM - 12:05 PM | 45-Fine Arts Center Room 2807,Main Campus-UNF,Standard,FULL - WAITLIST AVAILABLE,0,35,35,35
85815,ARH,3130,ARH 3130,Ancient Greek Art and Architecture,[REDACTED],T | 12:15 PM - 1:30 PM | 14A-Robinson Theater Room 1314; Online,Hybrid - On Campus/Online,Hybrid,OPEN,3,59,62,35
84203,ARH,3453,ARH 3453,Post War Art: 1940-1980,[REDACTED],MW | 1:30 PM - 2:45 PM | 45-Fine Arts Center Room 2807,Main Campus-UNF,Standard,OPEN,1,34,35,35
83978,ARH,3930,ARH 3930,ST:American Art Envir and Ecol,[REDACTED],W | 12:00 PM - 1:15 PM | 45-Fine Arts Center Room 2807; Online,Hybrid - On Campus/Online,Hybrid,OPEN,2,33,35,35
85998,ARH,3930,ARH 3930,ST: Museum Basics,[REDACTED],F | 12:00 PM - 2:45 PM | 45-Fine Arts Center Room 2807,Main Campus-UNF,Standard,OPEN,1,19,20,20
86064,ARH,3930,ARH 3930,ST:Renaissance c.1350-1600,[REDACTED],T | 9:25 AM - 10:40 AM | 45-Fine Arts Center Room 2807; Online,Hybrid - On Campus/Online,Hybrid,OPEN,6,29,35,35
83172,ARH,4910,ARH 4910,Senior Research Seminar,[REDACTED],M | 12:00 PM - 1:15 PM | 45-Fine Arts Center Room 2807; Online,Hybrid - On Campus/Online,Hybrid,OPEN,5,10,15,15
86520,ARH,4941,ARH 4941,Internship in Art History,[REDACTED],Off Main Campus Room OFF-MC,Off-Campus: Internships,Independent,OPEN,3,2,5,5
82063,ART,1201C,ART 1201C,Two-Dimensional Design,[REDACTED],MW | 9:00 AM - 11:30 AM | 45-Fine Arts Center Room 1606,Main Campus-UNF,Standard,OPEN,2,16,18,18
82064,ART,1201C,ART 1201C,Two-Dimensional Design,[REDACTED],MW | 12:00 PM - 2:30 PM | 45-Fine Arts Center Room 1606,Main Campus-UNF,Standard,FULL - WAITLIST AVAILABLE,0,18,18,18
82978,ART,1201C,ART 1201C,Two-Dimensional Design,[REDACTED],MW | 3:00 PM - 5:30 PM | 45-Fine Arts Center Room 1606,Main Campus-UNF,Standard,OPEN,6,12,18,18
82979,ART,1201C,ART 1201C,Two-Dimensional Design,[REDACTED],TR | 12:15 PM - 2:45 PM | 45-Fine Arts Center Room 1606,Main Campus-UNF,Standard,OPEN,2,16,18,18
83230,ART,1201C,ART 1201C,Two-Dimensional Design,[REDACTED],TR | 3:05 PM - 5:35 PM | 45-Fine Arts Center Room 1606,Main Campus-UNF,Standard,OPEN,4,14,18,18
82385,ART,1300C,ART 1300C,Drawing I,[REDACTED],MW | 9:00 AM - 11:30 AM | 45-Fine Arts Center Room 2505,Main Campus-UNF,Standard,FULL - WAITLIST AVAILABLE,0,18,18,18
83229,ART,1300C,ART 1300C,Drawing I,[REDACTED],MW | 12:00 PM - 2:30 PM | 45-Fine Arts Center Room 2506,Main Campus-UNF,Standard,OPEN,1,17,18,18
83239,ART,1300C,ART 1300C,Drawing I,[REDACTED],TR | 9:25 AM - 11:55 AM | 45-Fine Arts Center Room 2506,Main Campus-UNF,Standard,FULL - WAITLIST AVAILABLE,0,18,18,18
83669,ART,1300C,ART 1300C,Drawing I,[REDACTED],TR | 3:05 PM - 5:35 PM | 45-Fine Arts Center Room 2506,Main Campus-UNF,Standard,OPEN,1,17,18,18
86395,ART,1300C,ART 1300C,Drawing I,[REDACTED],MW | 3:00 PM - 5:30 PM | 45-Fine Arts Center Room 2505,Main Campus-UNF,Standard,OPEN,5,13,18,18
83175,ART,1600C,ART 1600C,Digital Imaging Methods,[REDACTED],TR | 12:15 PM - 2:45 PM | 45-Fine Arts Center Room 2813,Main Campus-UNF,Standard,OPEN,3,17,20,20
83319,ART,1600C,ART 1600C,Digital Imaging Methods,[REDACTED],MW | 9:00 AM - 11:30 AM | 45-Fine Arts Center Room 2502,Main Campus-UNF,Standard,OPEN,2,18,20,20
82206,ART,2203C,ART 2203C,Three-Dimensional Design,[REDACTED],MW | 9:00 AM - 11:30 AM | 6-Building Services Room 1237,Main Campus-UNF,Standard,OPEN,1,15,16,16
82647,ART,2203C,ART 2203C,Three-Dimensional Design,[REDACTED],TR | 9:25 AM - 11:55 AM | 6-Building Services Room 1237,Main Campus-UNF,Standard,OPEN,1,14,15,15
85829,ART,2203C,ART 2203C,Three-Dimensional Design,[REDACTED],F | 9:00 AM - 2:00 PM | 6-Building Services Room 1237,Main Campus-UNF,Standard,OPEN,7,8,15,15
82010,ART,2301C,ART 2301C,Drawing II,[REDACTED],MW | 12:00 PM - 2:30 PM | 45-Fine Arts Center Room 2505,Main Campus-UNF,Standard,FULL - WAITLIST AVAILABLE,0,18,18,18
82156,ART,2301C,ART 2301C,Drawing II,[REDACTED],TR | 9:25 AM - 11:55 AM | 45-Fine Arts Center Room 2505,Main Campus-UNF,Standard,OPEN,3,15,18,18
83614,ART,2301C,ART 2301C,Drawing II,[REDACTED],TR | 12:15 PM - 2:45 PM | 45-Fine Arts Center Room 2506,Main Campus-UNF,Standard,OPEN,1,17,18,18
83202,ART,2330C,ART 2330C,Figure Drawing I,[REDACTED],TR | 12:15 PM - 2:45 PM | 45-Fine Arts Center Room 2505,Main Campus-UNF,Standard,OPEN,3,15,18,18
82249,ART,2400C,ART 2400C,Introduction to Printmaking,[REDACTED],MW | 12:00 PM - 2:30 PM | 45-Fine Arts Center Room 1603,Main Campus-UNF,Standard,OPEN,3,12,15,15
82250,ART,2400C,ART 2400C,Introduction to Printmaking,[REDACTED],TR | 12:15 PM - 2:45 PM | 45-Fine Arts Center Room 1603,Main Campus-UNF,Standard,OPEN,6,9,15,15
82011,ART,2500C,ART 2500C,Painting I,[REDACTED],TR | 12:15 PM - 2:45 PM | 45-Fine Arts Center Room 1600,Main Campus-UNF,Standard,OPEN,3,15,18,18
84206,ART,3317C,ART 3317C,Drawing Studio,[REDACTED],MW | 3:00 PM - 5:30 PM | 45-Fine Arts Center Room 2506,Main Campus-UNF,Standard,FULL - WAITLIST AVAILABLE,0,18,18,18
83177,ART,3420C,ART 3420C,Lithography Printmaking I,[REDACTED],TR | 9:25 AM - 11:55 AM | 45-Fine Arts Center Room 1603,Main Campus-UNF,Standard,OPEN,3,7,10,10
82415,ART,3433C,ART 3433C,Screenprint I,[REDACTED],F | 9:00 AM - 2:00 PM | 45-Fine Arts Center Room 1603,Main Campus-UNF,Standard,OPEN,7,5,12,12
82344,ART,3442C,ART 3442C,Intaglio Printmaking I,[REDACTED],MW | 9:00 AM - 11:30 AM | 45-Fine Arts Center Room 1603,Main Campus-UNF,Standard,OPEN,6,4,10,10
82420,ART,3443C,ART 3443C,Relief Printmaking I,[REDACTED],MW | 3:00 PM - 5:30 PM | 45-Fine Arts Center Room 1603,Main Campus-UNF,Standard,FULL - WAITLIST AVAILABLE,0,11,11,10
84670,ART,3504C,ART 3504C,Painting III,[REDACTED],TR | 9:25 AM - 11:55 AM | 45-Fine Arts Center Room 1600,Main Campus-UNF,Standard,OPEN,1,17,18,18
82606,ART,3530C,ART 3530C,Painting II,[REDACTED],TR | 3:05 PM - 5:35 PM | 45-Fine Arts Center Room 1600,Main Campus-UNF,Standard,OPEN,7,11,18,18
84204,ART,3560C,ART 3560C,Figurative Painting,[REDACTED],MW | 3:00 PM - 5:30 PM | 45-Fine Arts Center Room 1600,Main Campus-UNF,Standard,OPEN,6,12,18,18
82359,ART,3707C,ART 3707C,Sculpture I,[REDACTED],MW | 12:00 PM - 2:30 PM | 6-Building Services Room 1237,Main Campus-UNF,Standard,OPEN,1,14,15,15
82065,ART,3709C,ART 3709C,Sculpture II,[REDACTED],TR | 12:15 PM - 2:45 PM | 6-Building Services Room 1237,Main Campus-UNF,Standard,OPEN,4,3,7,7
82345,ART,3714C,ART 3714C,Sculpture: Casting,[REDACTED],MW | 3:00 PM - 5:30 PM | 6-Building Services Room 1237,Main Campus-UNF,Standard,OPEN,4,10,14,10
82172,ART,3765C,ART 3765C,Intermediate Ceramics,[REDACTED],TR | 3:05 PM - 5:35 PM | 45-Fine Arts Center Room 1504,Main Campus-UNF,Standard,FULL - WAITLIST AVAILABLE,0,15,15,15
82066,ART,3786C,ART 3786C,Ceramics,[REDACTED],MW | 9:00 AM - 11:30 AM | 45-Fine Arts Center Room 1504,Main Campus-UNF,Standard,OPEN,1,14,15,15
82210,ART,3786C,ART 3786C,Ceramics,[REDACTED],MW | 12:00 PM - 2:30 PM | 45-Fine Arts Center Room 1504,Main Campus-UNF,Standard,FULL - WAITLIST AVAILABLE,0,15,15,15
82319,ART,3786C,ART 3786C,Ceramics,[REDACTED],MW | 3:00 PM - 5:30 PM | 45-Fine Arts Center Room 1504,Main Campus-UNF,Standard,OPEN,1,14,15,15
83049,ART,3786C,ART 3786C,Ceramics,[REDACTED],TR | 9:25 AM - 11:55 AM | 45-Fine Arts Center Room 1504,Main Campus-UNF,Standard,FULL - WAITLIST AVAILABLE,0,15,15,15
83405,ART,3786C,ART 3786C,Ceramics,[REDACTED],TR | 12:15 PM - 2:45 PM | 45-Fine Arts Center Room 1504,Main Campus-UNF,Standard,FULL - WAITLIST AVAILABLE,0,15,15,15
83359,ART,3830,ART 3830,Curatorial Practices,[REDACTED],MW | 12:00 PM - 2:30 PM | 2-Founders Hall Room 1001,Main Campus-UNF,Standard,FULL - WAITLIST AVAILABLE,0,20,20,20
83514,ART,3930,ART 3930,ST: Bookbinding,[REDACTED],TR | 9:25 AM - 11:55 AM | 45-Fine Arts Center Room 1606,Main Campus-UNF,Standard,FULL - WAITLIST AVAILABLE,0,18,18,18
83517,ART,3930,ART 3930,ST: Transdisc Studio Pract,[REDACTED],TR | 3:05 PM - 5:35 PM | 6-Building Services Room 1237,Main Campus-UNF,Standard,OPEN,1,14,15,15
85275,ART,3930,ART 3930,ST: Zines &amp; Community,[REDACTED],F | 9:00 AM - 2:00 PM | 45-Fine Arts Center Room 1606,Main Campus-UNF,Standard,FULL - WAITLIST AVAILABLE,0,16,16,16
83601,ART,4421C,ART 4421C,Lithography Printmaking II,[REDACTED],TR | 9:25 AM - 11:55 AM | 45-Fine Arts Center Room 1603,Main Campus-UNF,Standard,OPEN,2,1,3,3
82481,ART,4434C,ART 4434C,Screenprint II,[REDACTED],F | 9:00 AM - 2:00 PM | 45-Fine Arts Center Room 1603,Main Campus-UNF,Standard,OPEN,2,1,3,3
86274,ART,4444C,ART 4444C,Intaglio Printmaking II,[REDACTED],MW | 9:00 AM - 11:30 AM | 45-Fine Arts Center Room 1603,Main Campus-UNF,Standard,OPEN,3,2,5,5
83178,ART,4445C,ART 4445C,Relief Printmaking II,[REDACTED],MW | 3:00 PM - 5:30 PM | 45-Fine Arts Center Room 1603,Main Campus-UNF,Standard,FULL - WAITLIST AVAILABLE,0,3,3,3
82228,ART,4710C,ART 4710C,Sculpture III,[REDACTED],TR | 12:15 PM - 2:45 PM | 6-Building Services Room 1237,Main Campus-UNF,Standard,OPEN,3,5,8,8
82227,ART,4768C,ART 4768C,Advanced Ceramics,[REDACTED],MW | 9:00 AM - 11:30 AM | 45-Fine Arts Center Room 1500,Main Campus-UNF,Standard,OPEN,1,9,10,10
83313,ART,4805,ART 4805,Painting and Drawing Research,[REDACTED],TR | 4:30 PM - 5:45 PM | 45-Fine Arts Center Room 2807,Main Campus-UNF,Standard,FULL - WAITLIST AVAILABLE,0,18,18,18
85279,ART,4905,ART 4905,Directed Individual Studies,[REDACTED],TBA,Main Campus-UNF,Independent,FULL - WAITLIST AVAILABLE,0,8,8,8
85280,ART,4905,ART 4905,Directed Individual Studies,[REDACTED],TBA,Main Campus-UNF,Independent,FULL - WAITLIST AVAILABLE,0,2,2,2
86097,ART,4905,ART 4905,Directed Individual Studies,[REDACTED],TBA,Main Campus-UNF,Independent,FULL - WAITLIST AVAILABLE,0,1,1,1
86459,ART,4905,ART 4905,Directed Individual Studies,[REDACTED],TBA,Main Campus-UNF,Independent,FULL - WAITLIST AVAILABLE,0,1,1,1
83605,ART,4929C,ART 4929C,Senior Project: Printmaking,[REDACTED],MW | 3:00 PM - 5:30 PM | 45-Fine Arts Center Room 1603,Main Campus-UNF,Standard,FULL - WAITLIST AVAILABLE,0,1,1,1
84208,ART,4929C,ART 4929C,Sr. Project:Painting &amp; Drawing,[REDACTED],MW | 9:00 AM - 11:30 AM | 45-Fine Arts Center Room 1600,Main Campus-UNF,Standard,OPEN,9,9,18,10
84671,ART,4929C,ART 4929C,Senior Project: Printmaking,[REDACTED],TR | 9:25 AM - 11:55 AM | 45-Fine Arts Center Room 1603,Main Campus-UNF,Standard,FULL - WAITLIST AVAILABLE,0,2,2,2
85277,ART,4929C,ART 4929C,Sr. Project:Painting &amp; Drawing,[REDACTED],MW | 12:00 PM - 2:30 PM | 45-Fine Arts Center Room 1600,Main Campus-UNF,Standard,OPEN,1,17,18,18
86380,ART,4929C,ART 4929C,Senior Project,[REDACTED],MW | 3:00 PM - 5:30 PM | 6-Building Services Room 1237,Main Campus-UNF,Standard,FULL - WAITLIST AVAILABLE,0,1,1,1
84618,ART,4940,ART 4940,Internship In Fine Arts,[REDACTED],Off Main Campus Room OFF-MC,Off-Campus: Internships,Independent,OPEN,3,2,5,5
86061,ART,4940,ART 4940,Internship In Fine Arts,[REDACTED],TBA,Main Campus-UNF,Independent,FULL - WAITLIST AVAILABLE,0,1,1,1
86116,ART,4940,ART 4940,Internship In Fine Arts,[REDACTED],TBA,Main Campus-UNF,Independent,FULL - WAITLIST AVAILABLE,0,1,1,1
84012,ART,4965C,ART 4965C,Professional Practices,[REDACTED],F | 1:00 PM - 5:00 PM | 14A-Robinson Theater Room 1312; F | 1:00 PM - 5:00 PM | 14A-Robinson Theater Room 1312; Online,Distance Learning,Primarily Online,FULL - WAITLIST AVAILABLE,-5,25,20,20
83697,ASH,3401,ASH 3401,Contemporary China,[REDACTED],MW | 1:30 PM - 2:45 PM | 51-Social Sciences Room 1209,Main Campus-UNF,Standard,OPEN,19,26,45,45
83052,ASH,3440,ASH 3440,(FC) Japanese Civilization,[REDACTED],TR | 12:15 PM - 1:30 PM | 51-Social Sciences Room 1104,Main Campus-UNF,Standard,FULL - WAITLIST AVAILABLE,0,45,45,35
84318,ASH,3620,ASH 3620,(FC) Asian Art and Culture,[REDACTED],TR | 4:30 PM - 5:45 PM | 51-Social Sciences Room 1104,Main Campus-UNF,Standard,OPEN,17,28,45,45
82240,ASL,2140,ASL 2140,American Sign Language I,[REDACTED],TR | 2:00 PM - 3:40 PM | 57-Petway Hall Room 1210,Main Campus-UNF,Standard,OPEN,3,17,20,5
82241,ASL,2140,ASL 2140,American Sign Language I,[REDACTED],MW | 2:00 PM - 3:40 PM | Online,Distance Learning,Live Online,OPEN,2,18,20,5
82242,ASL,2140,ASL 2140,American Sign Language I,[REDACTED],TR | 10:00 AM - 11:40 AM | 57-Petway Hall Room 1210,Main Campus-UNF,Standard,OPEN,7,13,20,5
82320,ASL,2140,ASL 2140,American Sign Language I,[REDACTED],MW | 10:00 AM - 11:40 AM | 57-Petway Hall Room 1210,Main Campus-UNF,Standard,OPEN,1,19,20,5
82587,ASL,2140,ASL 2140,American Sign Language I,[REDACTED],Online,Distance Learning,Online (DL),FULL - WAITLIST AVAILABLE,-1,21,20,5
82618,ASL,2150,ASL 2150,American Sign Language II,[REDACTED],Online,Distance Learning,Online (DL),OPEN,1,19,20,5
83053,ASL,2150,ASL 2150,American Sign Language II,[REDACTED],TR | 11:50 AM - 1:30 PM | 57-Petway Hall Room 1210,Main Campus-UNF,Standard,OPEN,4,16,20,0
86126,ASL,2150,ASL 2150,American Sign Language II,[REDACTED],MW | 10:00 AM - 11:40 AM | Online,Distance Learning,Live Online,OPEN,4,16,20,5
85742,ASL,3226,ASL 3226,Advanced ASL Proficiency,[REDACTED],F | 8:30 AM - 5:00 PM | 57-Petway Hall Room 1210; S | 8:30 AM - 5:00 PM | 57-Petway Hall Room 1210; U | 8:30 AM - 5:00 PM | 57-Petway Hall Room 1210; Online,Main Campus-UNF,Standard,OPEN,1,7,8,0
85743,ASL,3226,ASL 3226,Advanced ASL Proficiency,[REDACTED],F | 8:30 AM - 5:00 PM | 57-Petway Hall Room 1210; S | 8:30 AM - 5:00 PM | 57-Petway Hall Room 1210; U | 8:30 AM - 5:00 PM | 57-Petway Hall Room 1210; Online,Main Campus-UNF,Standard,OPEN,3,9,12,5
82416,ASL,3301,ASL 3301,ASL Structure,[REDACTED],Online,Distance Learning,Online (DL),OPEN,5,15,20,5
82798,ASL,3435,ASL 3435,Fingerspelling and Numbering Systems in ASL,[REDACTED],Online,Distance Learning,Online (DL),FULL - WAITLIST AVAILABLE,0,20,20,5
84006,ASL,3514,ASL 3514,Deaf Culture,[REDACTED],Online,Distance Learning,Online (DL),OPEN,2,23,25,5
85976,ASL,4131,ASL 4131,American Sign Language III,[REDACTED],MW | 12:00 PM - 1:15 PM | 57-Petway Hall Room 2120,Main Campus-UNF,Standard,FULL - WAITLIST AVAILABLE,0,20,20,5
86287,ASL,4131,ASL 4131,American Sign Language III,[REDACTED],Online,Distance Learning,Online (DL),OPEN,5,15,20,0
85977,ASL,4211,ASL 4211,American Sign Language IV,[REDACTED],MW | 1:30 PM - 2:45 PM | 57-Petway Hall Room 2120,Main Campus-UNF,Standard,OPEN,4,16,20,5
82003,AST,2002,AST 2002,Discovering Astronomy,[REDACTED],MW | 4:30 PM - 5:45 PM | 42-Coggin College of Business Room 1020,Main Campus-UNF,Standard,OPEN,43,177,220,100
83383,AST,2002,AST 2002,Discovering Astronomy,[REDACTED],Online,Distance Learning,Online (DL),OPEN,5,225,230,100
85987,AST,2002,AST 2002,(H) Discovering Astronomy,[REDACTED],TR | 1:40 PM - 2:55 PM | 50-Science &amp; Engineering Room 1402,Main Campus-UNF,Standard,OPEN,8,12,20,20
83382,AST,2002L,AST 2002L,Discovering Astronomy Lab,[REDACTED],Online,Distance Learning,Online (DL),OPEN,15,15,30,30
85869,AST,3204,AST 3204,Stellar Astronomy,[REDACTED],TR | 3:50 PM - 5:30 PM | 50-Science &amp; Engineering Room 2400,Main Campus-UNF,Standard,OPEN,14,10,24,24
84240,ATR,2000C,ATR 2000C,Intro to Sports Med (KAF),[REDACTED],F | 10:00 AM - 11:40 AM | 39-J. Brooks Brown Hall Room 2045,Main Campus-UNF,Standard,OPEN,23,17,40,0
82829,ATR,4610,ATR 4610,Research in Sports Medicine,[REDACTED],Online,Distance Learning,Online (DL),OPEN,1,59,60,0
82831,ATR,4610,ATR 4610,Research in Sports Medicine,[REDACTED],Online,Distance Learning,Online (DL),OPEN,1,59,60,0
82819,ATR,5119C,ATR 5119C,Emergency Management of Athletic Trauma,[REDACTED],M | 8:00 AM - 10:50 AM | 39-J. Brooks Brown Hall Room 2045,Main Campus-UNF,Standard,OPEN,4,16,20,0
82788,ATR,5217C,ATR 5217C,Orthopedic Assessment and Diagnosis I,[REDACTED],TR | 9:25 AM - 10:40 AM | 39-J. Brooks Brown Hall Room 1001A,Main Campus-UNF,Standard,OPEN,4,16,20,0
82821,ATR,5306C,ATR 5306C,Therapeutic Interventions I,[REDACTED],W | 8:00 AM - 10:50 AM | 39-J. Brooks Brown Hall Room 2047,Main Campus-UNF,Standard,OPEN,4,16,20,0
82789,ATR,5815C,ATR 5815C,Clinical Integration I,[REDACTED],R | 10:50 AM - 1:30 PM | 39-J. Brooks Brown Hall Room 1001A,Main Campus-UNF,Independent,OPEN,4,16,20,0
82897,ATR,6308C,ATR 6308C,Therapeutic Interventions III,[REDACTED],W | 8:00 AM - 10:50 AM | 39-J. Brooks Brown Hall Room 2045,Main Campus-UNF,Standard,OPEN,4,16,20,0
82898,ATR,6516,ATR 6516,Athletic Training Administration,[REDACTED],TR | 8:00 AM - 9:15 AM | 39-J. Brooks Brown Hall Room 1001A,Main Campus-UNF,Standard,OPEN,4,16,20,5
82899,ATR,6617,ATR 6617,Research Methods,[REDACTED],TR | 9:25 AM - 10:40 AM | 39-J. Brooks Brown Hall Room 1003A,Main Campus-UNF,Standard,OPEN,4,16,20,5
82901,ATR,6835C,ATR 6835C,Clinical Integration III,[REDACTED],T | 10:50 AM - 1:30 PM | 39-J. Brooks Brown Hall Room 1001A,Main Campus-UNF,Independent,OPEN,3,17,20,0
85496,ATR,6907,ATR 6907,Independent Study in Athletic Training,[REDACTED],TBA,Main Campus-UNF,Independent,FULL,0,1,1,0
86377,ATR,6945L,ATR 6945L,Clinical-Decision Making I,[REDACTED],W | 11:00 AM - 12:50 PM | 39-J. Brooks Brown Hall Room 2045,Main Campus-UNF,Standard,OPEN,4,16,20,0
82686,BCH,3023,BCH 3023,Survey of Organic and Biological Chemistry,[REDACTED],Online,Distance Learning,Online (DL),OPEN,9,61,70,40
82592,BCH,3023L,BCH 3023L,Survey of Organic and Biological Chemistry Laboratory,[REDACTED],Online,Distance Learning,Online (DL),FULL - WAITLIST AVAILABLE,-1,29,28,24
84722,BCH,3023L,BCH 3023L,Survey of Organic and Biological Chemistry Laboratory,[REDACTED],Online,Distance Learning,Online (DL),FULL - WAITLIST AVAILABLE,0,28,28,24
83608,BCH,4024,BCH 4024,Molecular Biology and Biochemistry,[REDACTED],TR | 4:30 PM - 5:45 PM | 50-Science &amp; Engineering Room 1102,Main Campus-UNF,Standard,OPEN,33,59,92,40
84626,BCH,4033,BCH 4033,Biochemistry I,[REDACTED],MW | 6:00 PM - 7:15 PM | 4-Skinner-Jones Hall Room 1704,Main Campus-UNF,Standard,OPEN,23,52,75,40
82528,BCH,4033L,BCH 4033L,Biochemistry I Lab,[REDACTED],T | 9:00 AM - 11:50 AM | 50-Science &amp; Engineering Room 3022,Main Campus-UNF,Standard,FULL - WAITLIST AVAILABLE,0,12,12,12
83155,BCH,4033L,BCH 4033L,Biochemistry I Lab,[REDACTED],W | 9:00 AM - 11:50 AM | 50-Science &amp; Engineering Room 3022,Main Campus-UNF,Standard,OPEN,5,7,12,12
84410,BCH,5418,BCH 5418,Advanced Molecular Biology and Biochemistry,[REDACTED],TR | 4:30 PM - 5:45 PM | 50-Science &amp; Engineering Room 1102,Main Campus-UNF,Standard,OPEN,2,6,8,3
82863,BCN,1005C,BCN 1005C,Introduction to Construction Management,[REDACTED],W | 3:00 PM - 5:45 PM | 15-John E. Mathews Room 1304,Main Campus-UNF,Standard,OPEN,2,73,75,5
83029,BCN,1210C,BCN 1210C,Construction Materials,[REDACTED],T | 12:15 PM - 3:00 PM | 57-Petway Hall Room 2050,Main Campus-UNF,Standard,OPEN,8,32,40,5
85553,BCN,1210C,BCN 1210C,Construction Materials,[REDACTED],W | 6:00 PM - 8:45 PM | 15-John E. Mathews Room 1205,Main Campus-UNF,Standard,OPEN,11,29,40,5
82308,BCN,1251,BCN 1251,Construction Drawing,[REDACTED],MW | 12:00 PM - 1:15 PM | 51-Social Sciences Room 1209,Main Campus-UNF,Standard,FULL,0,50,50,0
84085,BCN,1251,BCN 1251,Construction Drawing,[REDACTED],M | 6:00 PM - 8:45 PM | 51-Social Sciences Room 1205,Main Campus-UNF,Standard,FULL - WAITLIST AVAILABLE,-2,52,50,1
83268,BCN,2280C,BCN 2280C,Surveying: Construction Layout,[REDACTED],TR | 12:15 PM - 1:30 PM | 4-Skinner-Jones Hall Room 1705,Main Campus-UNF,Standard,FULL - WAITLIST AVAILABLE,0,55,55,20
82722,BCN,2405,BCN 2405,Introduction to Structures,[REDACTED],MW | 4:30 PM - 5:45 PM | 4-Skinner-Jones Hall Room 1706,Main Campus-UNF,Standard,OPEN,10,50,60,15
82955,BCN,3223C,BCN 3223C,Soils and Foundations,[REDACTED],TR | 9:25 AM - 10:40 AM | 51-Social Sciences Room 1209,Main Campus-UNF,Standard,FULL - WAITLIST AVAILABLE,-1,66,65,15
83762,BCN,3224,BCN 3224,Construction Techniques,[REDACTED],TR | 4:30 PM - 5:45 PM | 4-Skinner-Jones Hall Room 1704,Main Campus-UNF,Standard,OPEN,2,68,70,15
82817,BCN,3611C,BCN 3611C,Construction Cost Estimating,[REDACTED],MW | 12:00 PM - 1:15 PM | 15-John E. Mathews Room 1205,Main Campus-UNF,Standard,OPEN,19,21,40,5
85554,BCN,3611C,BCN 3611C,Construction Cost Estimating,[REDACTED],TR | 1:40 PM - 2:55 PM | 15-John E. Mathews Room 1205,Main Campus-UNF,Standard,FULL - WAITLIST AVAILABLE,-1,41,40,5
83763,BCN,3762,BCN 3762,Building Construction Design and Codes,[REDACTED],MW | 1:30 PM - 2:45 PM | 4-Skinner-Jones Hall Room 1706,Main Campus-UNF,Standard,OPEN,1,64,65,5
83379,BCN,3782C,BCN 3782C,Introduction to Construction Computing,[REDACTED],TR | 10:50 AM - 12:05 PM | 4-Skinner-Jones Hall Room 1706,Main Campus-UNF,Standard,FULL - WAITLIST AVAILABLE,0,40,40,5
83445,BCN,3782C,BCN 3782C,Introduction to Construction Computing,[REDACTED],TR | 6:00 PM - 7:15 PM | 4-Skinner-Jones Hall Room 2305,Main Campus-UNF,Standard,OPEN,4,36,40,5
83448,BCN,4431,BCN 4431,Structural Systems,[REDACTED],MW | 3:00 PM - 4:15 PM | 4-Skinner-Jones Hall Room 1706,Main Campus-UNF,Standard,OPEN,14,46,60,5
85565,BCN,4591C,BCN 4591C,Mechanical and Electrical Systems,[REDACTED],MW | 4:30 PM - 5:45 PM | 4-Skinner-Jones Hall Room 1705,Main Campus-UNF,Standard,OPEN,16,44,60,5
83764,BCN,4612,BCN 4612,Advanced Construction Estimating,[REDACTED],T | 6:00 PM - 8:45 PM | 4-Skinner-Jones Hall Room 2306,Main Campus-UNF,Standard,FULL - WAITLIST AVAILABLE,0,20,20,5
85558,BCN,4612,BCN 4612,Advanced Construction Estimating,[REDACTED],T | 6:00 PM - 8:45 PM | 4-Skinner-Jones Hall Room 2307,Main Campus-UNF,Standard,OPEN,9,1,10,5
83997,BCN,4708,BCN 4708,Construction Documents and Contracts,[REDACTED],R | 6:00 PM - 8:45 PM | 4-Skinner-Jones Hall Room 1705,Main Campus-UNF,Standard,OPEN,7,53,60,5
82057,BCN,4709,BCN 4709,Construction Project Management Capstone,[REDACTED],F | 8:00 AM - 10:45 AM | 45-Fine Arts Center Room 2412,Main Campus-UNF,Standard,OPEN,22,28,50,5
82846,BCN,4720,BCN 4720,Construction Project Planning and Scheduling,[REDACTED],TR | 10:50 AM - 12:05 PM | 4-Skinner-Jones Hall Room 2305,Main Campus-UNF,Standard,FULL - WAITLIST AVAILABLE,-2,37,35,5
85560,BCN,4720,BCN 4720,Construction Project Planning and Scheduling,[REDACTED],MW | 4:30 PM - 5:45 PM | 4-Skinner-Jones Hall Room 1703,Main Campus-UNF,Standard,FULL - WAITLIST AVAILABLE,0,30,30,10
84043,BCN,4730,BCN 4730,Construction Safety,[REDACTED],MW | 6:00 PM - 7:15 PM | 50-Science &amp; Engineering Room 1202,Main Campus-UNF,Standard,FULL - WAITLIST AVAILABLE,0,65,65,10
82671,BCN,4751C,BCN 4751C,Housing and Land Development,[REDACTED],TR | 8:00 AM - 9:15 AM | 4-Skinner-Jones Hall Room 1706,Main Campus-UNF,Standard,OPEN,14,36,50,5
83599,BCN,4753,BCN 4753,Construction Finance and Cost Controls,[REDACTED],TR | 3:05 PM - 4:20 PM | 4-Skinner-Jones Hall Room 1703,Main Campus-UNF,Standard,OPEN,1,49,50,5
82159,BCN,4944,BCN 4944,Construction Management Internship,[REDACTED],Off Main Campus Room OFF-MC,Off-Campus: Internships,Independent,OPEN,39,11,50,5
83766,BCN,6315,BCN 6315,Advanced Construction Technology,[REDACTED],T | 3:05 PM - 5:50 PM | 15-John E. Mathews Room 1202,Main Campus-UNF,Standard,OPEN,24,6,30,2
83765,BCN,6470,BCN 6470,Production Management in Construction,[REDACTED],T | 6:00 PM - 8:45 PM | 15-John E. Mathews Room 1204,Main Campus-UNF,Standard,OPEN,10,15,25,2
84103,BCN,6585,BCN 6585,Sustainability in Construction,[REDACTED],MW | 4:30 PM - 5:45 PM | Online,Distance Learning,Live Online,OPEN,19,6,25,2
84328,BCN,6715,BCN 6715,Construction Labor Resources,[REDACTED],W | 6:00 PM - 8:45 PM | 15-John E. Mathews Room 1204,Main Campus-UNF,Standard,OPEN,19,14,33,1
83767,BCN,6763,BCN 6763,Constructability,[REDACTED],M | 6:00 PM - 8:45 PM | 15-John E. Mathews Room 1204,Main Campus-UNF,Standard,OPEN,15,10,25,2
83580,BCN,6949,BCN 6949,Construction Management Practicum,[REDACTED],Off Main Campus Room OFF-MC,Off-Campus: Internships,Independent,OPEN,11,4,15,2
84183,BME,4745C,BME 4745C,Modeling in Biomechanics,[REDACTED],F | 9:00 AM - 11:50 AM | 4-Skinner-Jones Hall Room 2307,Main Campus-UNF,Standard,OPEN,1,17,18,5
84448,BOT,4404,BOT 4404,Marine Botany,[REDACTED],TR | 12:15 PM - 1:30 PM | 59-Biological Sciences Room 2703,Main Campus-UNF,Standard,OPEN,8,22,30,30
84530,BOT,5186,BOT 5186,Advanced Marine Botany,[REDACTED],TR | 12:15 PM - 1:30 PM | 59-Biological Sciences Room 2703,Main Campus-UNF,Standard,FULL - WAITLIST AVAILABLE,-3,11,8,5
82980,BSC,1005,BSC 1005,Principles of Biology,[REDACTED],MW | 4:30 PM - 5:45 PM | 59-Biological Sciences Room 1701,Main Campus-UNF,Standard,OPEN,9,117,126,50
86355,BSC,1005,BSC 1005,Principles of Biology,[REDACTED],Online,Distance Learning,Online (DL),FULL - WAITLIST AVAILABLE,0,48,48,48
82981,BSC,1005L,BSC 1005L,Principles of Biology Lab,[REDACTED],Online,Distance Learning,Online (DL),OPEN,2,22,24,24
82982,BSC,1005L,BSC 1005L,Principles of Biology Lab,[REDACTED],Online,Distance Learning,Online (DL),OPEN,3,21,24,24
82102,BSC,1010C,BSC 1010C,General Biology I,[REDACTED],M | 8:00 AM - 10:50 AM | 59-Biological Sciences Room 1503; TR | 1:40 PM - 2:55 PM | 59-Biological Sciences Room 1701,Main Campus-UNF,Standard,FULL - WAITLIST AVAILABLE,0,24,24,24
82103,BSC,1010C,BSC 1010C,General Biology I,[REDACTED],M | 12:00 PM - 2:50 PM | 59-Biological Sciences Room 1503; TR | 1:40 PM - 2:55 PM | 59-Biological Sciences Room 1701,Main Campus-UNF,Standard,FULL - WAITLIST AVAILABLE,0,24,24,24
82104,BSC,1010C,BSC 1010C,General Biology I,[REDACTED],TR | 1:40 PM - 2:55 PM | 59-Biological Sciences Room 1701; M | 3:00 PM - 5:50 PM | 59-Biological Sciences Room 1503,Main Campus-UNF,Standard,FULL - WAITLIST AVAILABLE,0,24,24,24
82105,BSC,1010C,BSC 1010C,General Biology I,[REDACTED],T | 8:00 AM - 10:50 AM | 59-Biological Sciences Room 1503; TR | 1:40 PM - 2:55 PM | 59-Biological Sciences Room 1701,Main Campus-UNF,Standard,FULL - WAITLIST AVAILABLE,0,24,24,24
82106,BSC,1010C,BSC 1010C,General Biology I,[REDACTED],TR | 1:40 PM - 2:55 PM | 59-Biological Sciences Room 1701; T | 6:00 PM - 8:50 PM | 59-Biological Sciences Room 1503,Main Campus-UNF,Standard,FULL - WAITLIST AVAILABLE,0,24,24,24
82112,BSC,1010C,BSC 1010C,(H) General Biology I,[REDACTED],W | 8:00 AM - 10:50 AM | 59-Biological Sciences Room 1503; TR | 1:40 PM - 2:55 PM | 59-Biological Sciences Room 1701,Main Campus-UNF,Standard,FULL - WAITLIST AVAILABLE,0,24,24,24
82113,BSC,1010C,BSC 1010C,General Biology I,[REDACTED],TR | 1:40 PM - 2:55 PM | 59-Biological Sciences Room 1701; W | 3:00 PM - 5:50 PM | 59-Biological Sciences Room 1503,Main Campus-UNF,Standard,FULL - WAITLIST AVAILABLE,0,24,24,24
82114,BSC,1010C,BSC 1010C,General Biology I,[REDACTED],R | 8:00 AM - 10:50 AM | 59-Biological Sciences Room 1503; TR | 1:40 PM - 2:55 PM | 59-Biological Sciences Room 1701,Main Campus-UNF,Standard,FULL - WAITLIST AVAILABLE,0,24,24,24
82115,BSC,1010C,BSC 1010C,General Biology I,[REDACTED],TR | 8:00 AM - 9:15 AM | 59-Biological Sciences Room 1701; M | 6:00 PM - 8:50 PM | 59-Biological Sciences Room 1503,Main Campus-UNF,Standard,FULL - WAITLIST AVAILABLE,0,24,24,24
82116,BSC,1010C,BSC 1010C,General Biology I,[REDACTED],TR | 8:00 AM - 9:15 AM | 59-Biological Sciences Room 1701; T | 12:00 PM - 2:50 PM | 59-Biological Sciences Room 1503,Main Campus-UNF,Standard,FULL - WAITLIST AVAILABLE,0,24,24,24
82117,BSC,1010C,BSC 1010C,General Biology I,[REDACTED],TR | 8:00 AM - 9:15 AM | 59-Biological Sciences Room 1701; T | 3:00 PM - 5:50 PM | 59-Biological Sciences Room 1503,Main Campus-UNF,Standard,FULL - WAITLIST AVAILABLE,0,24,24,24
82118,BSC,1010C,BSC 1010C,General Biology I,[REDACTED],TR | 8:00 AM - 9:15 AM | 59-Biological Sciences Room 1701; W | 12:00 PM - 2:50 PM | 59-Biological Sciences Room 1503,Main Campus-UNF,Standard,FULL - WAITLIST AVAILABLE,0,24,24,24
82119,BSC,1010C,BSC 1010C,General Biology I,[REDACTED],TR | 8:00 AM - 9:15 AM | 59-Biological Sciences Room 1701; W | 6:00 PM - 8:50 PM | 59-Biological Sciences Room 1503,Main Campus-UNF,Standard,FULL - WAITLIST AVAILABLE,0,24,24,24
82120,BSC,1010C,BSC 1010C,General Biology I,[REDACTED],TR | 8:00 AM - 9:15 AM | 59-Biological Sciences Room 1701; R | 12:00 PM - 2:50 PM | 59-Biological Sciences Room 1503,Main Campus-UNF,Standard,FULL - WAITLIST AVAILABLE,0,24,24,24
82121,BSC,1010C,BSC 1010C,General Biology I,[REDACTED],TR | 8:00 AM - 9:15 AM | 59-Biological Sciences Room 1701; R | 3:00 PM - 5:50 PM | 59-Biological Sciences Room 1503,Main Campus-UNF,Standard,FULL - WAITLIST AVAILABLE,0,24,24,24
82122,BSC,1010C,BSC 1010C,General Biology I,[REDACTED],TR | 8:00 AM - 9:15 AM | 59-Biological Sciences Room 1701; R | 6:00 PM - 8:50 PM | 59-Biological Sciences Room 1503,Main Campus-UNF,Standard,OPEN,1,23,24,24
82123,BSC,1010C,BSC 1010C,General Biology I,[REDACTED],TR | 10:50 AM - 12:05 PM | 59-Biological Sciences Room 1701; M | 12:00 PM - 2:50 PM | 59-Biological Sciences Room 1506,Main Campus-UNF,Standard,FULL - WAITLIST AVAILABLE,0,24,24,24
82124,BSC,1010C,BSC 1010C,General Biology I,[REDACTED],TR | 10:50 AM - 12:05 PM | 59-Biological Sciences Room 1701; M | 3:00 PM - 5:50 PM | 59-Biological Sciences Room 1506,Main Campus-UNF,Standard,FULL - WAITLIST AVAILABLE,0,24,24,24
82125,BSC,1010C,BSC 1010C,General Biology I,[REDACTED],TR | 10:50 AM - 12:05 PM | 59-Biological Sciences Room 1701; T | 3:00 PM - 5:50 PM | 59-Biological Sciences Room 1506,Main Campus-UNF,Standard,FULL - WAITLIST AVAILABLE,0,24,24,24
82358,BSC,1010C,BSC 1010C,General Biology I,[REDACTED],TR | 10:50 AM - 12:05 PM | 59-Biological Sciences Room 1701; T | 6:00 PM - 8:50 PM | 59-Biological Sciences Room 1506,Main Campus-UNF,Standard,FULL - WAITLIST AVAILABLE,0,24,24,24
82474,BSC,1010C,BSC 1010C,General Biology I,[REDACTED],TR | 10:50 AM - 12:05 PM | 59-Biological Sciences Room 1701; W | 12:00 PM - 2:50 PM | 59-Biological Sciences Room 1506,Main Campus-UNF,Standard,FULL - WAITLIST AVAILABLE,0,24,24,24
82500,BSC,1010C,BSC 1010C,General Biology I,[REDACTED],TR | 10:50 AM - 12:05 PM | 59-Biological Sciences Room 1701; W | 3:00 PM - 5:50 PM | 59-Biological Sciences Room 1506,Main Campus-UNF,Standard,FULL - WAITLIST AVAILABLE,0,24,24,24
82589,BSC,1010C,BSC 1010C,General Biology I,[REDACTED],TR | 10:50 AM - 12:05 PM | 59-Biological Sciences Room 1701; W | 6:00 PM - 8:50 PM | 59-Biological Sciences Room 1506,Main Campus-UNF,Standard,OPEN,1,23,24,24
82663,BSC,1010C,BSC 1010C,General Biology I,[REDACTED],TR | 10:50 AM - 12:05 PM | 59-Biological Sciences Room 1701; R | 3:00 PM - 5:50 PM | 59-Biological Sciences Room 1506,Main Campus-UNF,Standard,FULL - WAITLIST AVAILABLE,0,24,24,24
82664,BSC,1010C,BSC 1010C,General Biology I,[REDACTED],M | 8:00 AM - 10:50 AM | 59-Biological Sciences Room 1505; TR | 9:25 AM - 10:40 AM | 59-Biological Sciences Room 1701,Main Campus-UNF,Standard,FULL - WAITLIST AVAILABLE,0,24,24,24
82665,BSC,1010C,BSC 1010C,General Biology I,[REDACTED],TR | 9:25 AM - 10:40 AM | 59-Biological Sciences Room 1701; M | 3:00 PM - 5:50 PM | 59-Biological Sciences Room 1505,Main Campus-UNF,Standard,FULL - WAITLIST AVAILABLE,0,24,24,24
82836,BSC,1010C,BSC 1010C,General Biology I,[REDACTED],TR | 9:25 AM - 10:40 AM | 59-Biological Sciences Room 1701; T | 12:00 PM - 2:50 PM | 59-Biological Sciences Room 1505,Main Campus-UNF,Standard,FULL - WAITLIST AVAILABLE,0,24,24,24
82837,BSC,1010C,BSC 1010C,General Biology I,[REDACTED],TR | 9:25 AM - 10:40 AM | 59-Biological Sciences Room 1701; T | 3:00 PM - 5:50 PM | 59-Biological Sciences Room 1505,Main Campus-UNF,Standard,FULL - WAITLIST AVAILABLE,0,24,24,24
83133,BSC,1010C,BSC 1010C,General Biology I,[REDACTED],W | 8:00 AM - 10:50 AM | 59-Biological Sciences Room 1505; TR | 9:25 AM - 10:40 AM | 59-Biological Sciences Room 1701,Main Campus-UNF,Standard,FULL - WAITLIST AVAILABLE,0,24,24,24
83386,BSC,1010C,BSC 1010C,General Biology I,[REDACTED],TR | 9:25 AM - 10:40 AM | 59-Biological Sciences Room 1701; W | 3:00 PM - 5:50 PM | 59-Biological Sciences Room 1505,Main Campus-UNF,Standard,OPEN,1,23,24,24
83387,BSC,1010C,BSC 1010C,General Biology I,[REDACTED],TR | 9:25 AM - 10:40 AM | 59-Biological Sciences Room 1701; R | 12:00 PM - 2:50 PM | 59-Biological Sciences Room 1505,Main Campus-UNF,Standard,FULL - WAITLIST AVAILABLE,0,24,24,24
83388,BSC,1010C,BSC 1010C,General Biology I,[REDACTED],TR | 9:25 AM - 10:40 AM | 59-Biological Sciences Room 1701; R | 3:00 PM - 5:50 PM | 59-Biological Sciences Room 1505,Main Campus-UNF,Standard,OPEN,1,23,24,24
83419,BSC,1010C,BSC 1010C,General Biology I,[REDACTED],M | 12:00 PM - 2:50 PM | 59-Biological Sciences Room 1505; TR | 4:30 PM - 5:45 PM | 59-Biological Sciences Room 1701,Main Campus-UNF,Standard,FULL - WAITLIST AVAILABLE,0,24,24,24
83420,BSC,1010C,BSC 1010C,General Biology I,[REDACTED],TR | 4:30 PM - 5:45 PM | 59-Biological Sciences Room 1701; M | 6:00 PM - 8:50 PM | 59-Biological Sciences Room 1505,Main Campus-UNF,Standard,FULL - WAITLIST AVAILABLE,0,24,24,24
83488,BSC,1010C,BSC 1010C,General Biology I,[REDACTED],T | 8:00 AM - 10:50 AM | 59-Biological Sciences Room 1505; TR | 4:30 PM - 5:45 PM | 59-Biological Sciences Room 1701,Main Campus-UNF,Standard,FULL - WAITLIST AVAILABLE,0,24,24,24
84458,BSC,1010C,BSC 1010C,General Biology I,[REDACTED],TR | 4:30 PM - 5:45 PM | 59-Biological Sciences Room 1701; T | 6:00 PM - 8:50 PM | 59-Biological Sciences Room 1505,Main Campus-UNF,Standard,FULL - WAITLIST AVAILABLE,0,24,24,24
84459,BSC,1010C,BSC 1010C,General Biology I,[REDACTED],W | 12:00 PM - 2:50 PM | 59-Biological Sciences Room 1505; TR | 4:30 PM - 5:45 PM | 59-Biological Sciences Room 1701,Main Campus-UNF,Standard,FULL - WAITLIST AVAILABLE,0,24,24,24
84460,BSC,1010C,BSC 1010C,General Biology I,[REDACTED],TR | 4:30 PM - 5:45 PM | 59-Biological Sciences Room 1701; W | 6:00 PM - 8:50 PM | 59-Biological Sciences Room 1505,Main Campus-UNF,Standard,FULL - WAITLIST AVAILABLE,0,24,24,24
84461,BSC,1010C,BSC 1010C,General Biology I,[REDACTED],R | 8:00 AM - 10:50 AM | 59-Biological Sciences Room 1505; TR | 4:30 PM - 5:45 PM | 59-Biological Sciences Room 1701,Main Campus-UNF,Standard,FULL - WAITLIST AVAILABLE,0,24,24,24
84764,BSC,1010C,BSC 1010C,General Biology I (Health),[REDACTED],M | 8:00 AM - 10:50 AM | 59-Biological Sciences Room 1506; MW | 12:00 PM - 1:15 PM | 59-Biological Sciences Room 1701,Main Campus-UNF,Standard,OPEN,1,23,24,24
84833,BSC,1010C,BSC 1010C,General Biology I (Health),[REDACTED],MW | 12:00 PM - 1:15 PM | 59-Biological Sciences Room 1701; M | 6:00 PM - 8:50 PM | 59-Biological Sciences Room 1506,Main Campus-UNF,Standard,FULL - WAITLIST AVAILABLE,0,24,24,24
84834,BSC,1010C,BSC 1010C,General Biology I (Health),[REDACTED],T | 8:00 AM - 10:50 AM | 59-Biological Sciences Room 1506; MW | 12:00 PM - 1:15 PM | 59-Biological Sciences Room 1701,Main Campus-UNF,Standard,FULL - WAITLIST AVAILABLE,0,24,24,24
84835,BSC,1010C,BSC 1010C,General Biology I (Health),[REDACTED],MW | 12:00 PM - 1:15 PM | 59-Biological Sciences Room 1701; T | 12:00 PM - 2:50 PM | 59-Biological Sciences Room 1506,Main Campus-UNF,Standard,OPEN,1,23,24,24
84836,BSC,1010C,BSC 1010C,General Biology I (Health),[REDACTED],W | 8:00 AM - 10:50 AM | 59-Biological Sciences Room 1506; MW | 12:00 PM - 1:15 PM | 59-Biological Sciences Room 1701,Main Campus-UNF,Standard,OPEN,1,23,24,24
84993,BSC,1010C,BSC 1010C,General Biology I (Health),[REDACTED],R | 8:00 AM - 10:50 AM | 59-Biological Sciences Room 1506; MW | 12:00 PM - 1:15 PM | 59-Biological Sciences Room 1701,Main Campus-UNF,Standard,OPEN,1,23,24,24
85304,BSC,1010C,BSC 1010C,General Biology I,[REDACTED],Online; Online,Distance Learning,Online (DL),FULL - WAITLIST AVAILABLE,-1,25,24,24
85305,BSC,1010C,BSC 1010C,General Biology I,[REDACTED],Online; Online,Distance Learning,Online (DL),FULL - WAITLIST AVAILABLE,0,24,24,24
85306,BSC,1010C,BSC 1010C,General Biology I,[REDACTED],Online; Online,Distance Learning,Online (DL),FULL - WAITLIST AVAILABLE,0,24,24,24
85307,BSC,1010C,BSC 1010C,General Biology I (Health),[REDACTED],MW | 12:00 PM - 1:15 PM | 59-Biological Sciences Room 1701; R | 12:00 PM - 2:50 PM | 59-Biological Sciences Room 1506,Main Campus-UNF,Standard,OPEN,3,21,24,24
86261,BSC,1010C,BSC 1010C,General Biology I (Health),[REDACTED],MW | 12:00 PM - 1:15 PM | 59-Biological Sciences Room 1701; R | 6:00 PM - 8:50 PM | 59-Biological Sciences Room 1506,Main Campus-UNF,Standard,OPEN,1,23,24,24
86373,BSC,1010C,BSC 1010C,General Biology I,[REDACTED],Online; Online,Distance Learning,Online (DL),FULL - WAITLIST AVAILABLE,0,24,24,24
86374,BSC,1010C,BSC 1010C,General Biology I,[REDACTED],Online; Online,Distance Learning,Online (DL),OPEN,1,23,24,24
86378,BSC,1010C,BSC 1010C,General Biology I,[REDACTED],TR | 4:30 PM - 5:45 PM | 59-Biological Sciences Room 1701; R | 6:00 PM - 8:50 PM | 59-Biological Sciences Room 1505,Main Campus-UNF,Standard,OPEN,2,22,24,22
82126,BSC,1011C,BSC 1011C,General Biology II,[REDACTED],M | 8:00 AM - 10:50 AM | 59-Biological Sciences Room 2508; TR | 12:15 PM - 1:30 PM | 59-Biological Sciences Room 1701,Main Campus-UNF,Standard,FULL - WAITLIST AVAILABLE,0,24,24,24
82127,BSC,1011C,BSC 1011C,General Biology II,[REDACTED],M | 12:00 PM - 2:50 PM | 59-Biological Sciences Room 2508; TR | 12:15 PM - 1:30 PM | 59-Biological Sciences Room 1701,Main Campus-UNF,Standard,FULL - WAITLIST AVAILABLE,0,24,24,24
82128,BSC,1011C,BSC 1011C,General Biology II,[REDACTED],TR | 12:15 PM - 1:30 PM | 59-Biological Sciences Room 1701; M | 3:00 PM - 5:50 PM | 59-Biological Sciences Room 2508,Main Campus-UNF,Standard,FULL - WAITLIST AVAILABLE,0,24,24,24
82129,BSC,1011C,BSC 1011C,General Biology II,[REDACTED],T | 8:00 AM - 10:50 AM | 59-Biological Sciences Room 2508; TR | 12:15 PM - 1:30 PM | 59-Biological Sciences Room 1701,Main Campus-UNF,Standard,FULL - WAITLIST AVAILABLE,0,24,24,24
82380,BSC,1011C,BSC 1011C,General Biology II,[REDACTED],W | 8:00 AM - 10:50 AM | 59-Biological Sciences Room 2508; TR | 12:15 PM - 1:30 PM | 59-Biological Sciences Room 1701,Main Campus-UNF,Standard,FULL - WAITLIST AVAILABLE,0,24,24,24
82753,BSC,1011C,BSC 1011C,General Biology II,[REDACTED],W | 12:00 PM - 2:50 PM | 59-Biological Sciences Room 2508; TR | 12:15 PM - 1:30 PM | 59-Biological Sciences Room 1701,Main Campus-UNF,Standard,FULL - WAITLIST AVAILABLE,0,24,24,24
82998,BSC,1011C,BSC 1011C,General Biology II,[REDACTED],R | 8:00 AM - 10:50 AM | 59-Biological Sciences Room 2508; TR | 12:15 PM - 1:30 PM | 59-Biological Sciences Room 1701,Main Campus-UNF,Standard,FULL - WAITLIST AVAILABLE,0,24,24,24
86233,BSC,1011C,BSC 1011C,General Biology II,[REDACTED],TR | 12:15 PM - 1:30 PM | 59-Biological Sciences Room 1701; W | 3:00 PM - 5:45 PM | 59-Biological Sciences Room 2508,Main Campus-UNF,Standard,OPEN,1,23,24,24
82339,BSC,2012C,BSC 2012C,Integrative Biology and Research Methods,[REDACTED],M | 8:00 AM - 11:50 AM | 59-Biological Sciences Room 2502; MW | 3:00 PM - 4:15 PM | 59-Biological Sciences Room 1701,Main Campus-UNF,Standard,OPEN,2,22,24,24
82340,BSC,2012C,BSC 2012C,Integrative Biology and Research Methods,[REDACTED],MW | 3:00 PM - 4:15 PM | 59-Biological Sciences Room 1701; M | 5:00 PM - 8:50 PM | 59-Biological Sciences Room 2502,Main Campus-UNF,Standard,FULL - WAITLIST AVAILABLE,0,24,24,24
82387,BSC,2012C,BSC 2012C,Integrative Biology and Research Methods,[REDACTED],T | 8:00 AM - 11:50 AM | 59-Biological Sciences Room 2502; MW | 3:00 PM - 4:15 PM | 59-Biological Sciences Room 1701,Main Campus-UNF,Standard,OPEN,2,22,24,24
82430,BSC,2012C,BSC 2012C,Integrative Biology and Research Methods,[REDACTED],T | 1:00 PM - 4:50 PM | 59-Biological Sciences Room 2502; MW | 3:00 PM - 4:15 PM | 59-Biological Sciences Room 1701,Main Campus-UNF,Standard,OPEN,1,23,24,24
82729,BSC,2012C,BSC 2012C,Integrative Biology and Research Methods,[REDACTED],W | 8:00 AM - 11:50 AM | 59-Biological Sciences Room 2502; MW | 3:00 PM - 4:15 PM | 59-Biological Sciences Room 1701,Main Campus-UNF,Standard,FULL - WAITLIST AVAILABLE,0,24,24,24
82822,BSC,2012C,BSC 2012C,Integrative Biology and Research Methods,[REDACTED],MW | 3:00 PM - 4:15 PM | 59-Biological Sciences Room 1701; W | 5:00 PM - 8:50 PM | 59-Biological Sciences Room 2502,Main Campus-UNF,Standard,FULL - WAITLIST AVAILABLE,0,24,24,24
82823,BSC,2012C,BSC 2012C,Integrative Biology and Research Methods,[REDACTED],R | 8:00 AM - 11:50 AM | 59-Biological Sciences Room 2502; MW | 3:00 PM - 4:15 PM | 59-Biological Sciences Room 1701,Main Campus-UNF,Standard,OPEN,2,22,24,24
82855,BSC,2012C,BSC 2012C,Integrative Biology and Research Methods,[REDACTED],R | 1:00 PM - 4:50 PM | 59-Biological Sciences Room 2502; MW | 3:00 PM - 4:15 PM | 59-Biological Sciences Room 1701,Main Campus-UNF,Standard,OPEN,1,23,24,24
82130,BSC,2085C,BSC 2085C,Human Anatomy and Physiology I,[REDACTED],Online; Online,Distance Learning,Online (DL),FULL - WAITLIST AVAILABLE,-1,25,24,24
82131,BSC,2085C,BSC 2085C,Human Anatomy and Physiology I,[REDACTED],Online; Online,Distance Learning,Online (DL),FULL - WAITLIST AVAILABLE,0,24,24,24
82132,BSC,2085C,BSC 2085C,Human Anatomy and Physiology I,[REDACTED],Online; Online,Distance Learning,Online (DL),FULL - WAITLIST AVAILABLE,0,24,24,24
82408,BSC,2085C,BSC 2085C,Human Anatomy and Physiology I,[REDACTED],MW | 8:00 AM - 9:50 AM | 59-Biological Sciences Room 3508; TR | 3:05 PM - 4:20 PM | 59-Biological Sciences Room 1701,Main Campus-UNF,Standard,OPEN,2,22,24,24
82421,BSC,2085C,BSC 2085C,Human Anatomy and Physiology I,[REDACTED],MW | 10:00 AM - 11:50 AM | 59-Biological Sciences Room 3508; TR | 3:05 PM - 4:20 PM | 59-Biological Sciences Room 1701,Main Campus-UNF,Standard,FULL - WAITLIST AVAILABLE,0,24,24,24
82824,BSC,2085C,BSC 2085C,Human Anatomy and Physiology I,[REDACTED],MW | 1:00 PM - 2:50 PM | 59-Biological Sciences Room 3508; TR | 3:05 PM - 4:20 PM | 59-Biological Sciences Room 1701,Main Campus-UNF,Standard,FULL - WAITLIST AVAILABLE,0,24,24,24
82825,BSC,2085C,BSC 2085C,Human Anatomy and Physiology I,[REDACTED],MW | 3:00 PM - 4:50 PM | 59-Biological Sciences Room 3508; TR | 3:05 PM - 4:20 PM | 59-Biological Sciences Room 1701,Main Campus-UNF,Standard,FULL - WAITLIST AVAILABLE,0,24,24,24
82853,BSC,2085C,BSC 2085C,Human Anatomy and Physiology I,[REDACTED],TR | 8:00 AM - 9:50 AM | 59-Biological Sciences Room 3508; TR | 3:05 PM - 4:20 PM | 59-Biological Sciences Room 1701,Main Campus-UNF,Standard,OPEN,1,23,24,24
82854,BSC,2085C,BSC 2085C,Human Anatomy and Physiology I,[REDACTED],TR | 10:00 AM - 11:50 AM | 59-Biological Sciences Room 3508; TR | 3:05 PM - 4:20 PM | 59-Biological Sciences Room 1701,Main Campus-UNF,Standard,OPEN,1,23,24,24
82999,BSC,2085C,BSC 2085C,Human Anatomy and Physiology I,[REDACTED],TR | 1:00 PM - 2:50 PM | 59-Biological Sciences Room 3508; TR | 3:05 PM - 4:20 PM | 59-Biological Sciences Room 1701,Main Campus-UNF,Standard,OPEN,1,23,24,24
85308,BSC,2085C,BSC 2085C,Human Anatomy and Physiology I,[REDACTED],TR | 3:05 PM - 4:20 PM | 59-Biological Sciences Room 1701; TR | 5:00 PM - 6:50 PM | 59-Biological Sciences Room 3508,Main Campus-UNF,Standard,OPEN,1,23,24,24
85309,BSC,2085C,BSC 2085C,Human Anatomy and Physiology I,[REDACTED],Online; Online,Distance Learning,Online (DL),FULL - WAITLIST AVAILABLE,0,24,24,24
85310,BSC,2085C,BSC 2085C,Human Anatomy and Physiology I,[REDACTED],Online; Online,Distance Learning,Online (DL),OPEN,1,23,24,24
82133,BSC,2086C,BSC 2086C,Human Anatomy and Physiology II,[REDACTED],Online; Online,Distance Learning,Online (DL),FULL - WAITLIST AVAILABLE,0,24,24,24
82134,BSC,2086C,BSC 2086C,Human Anatomy and Physiology II,[REDACTED],Online; Online,Distance Learning,Online (DL),OPEN,1,23,24,24
82135,BSC,2086C,BSC 2086C,Human Anatomy and Physiology II,[REDACTED],Online; Online,Distance Learning,Online (DL),FULL - WAITLIST AVAILABLE,0,24,24,24
82332,BSC,2086C,BSC 2086C,Human Anatomy and Physiology II,[REDACTED],M | 9:00 AM - 12:50 PM | 59-Biological Sciences Room 3505; MW | 1:30 PM - 2:45 PM | 59-Biological Sciences Room 1701,Main Campus-UNF,Standard,OPEN,2,22,24,24
82826,BSC,2086C,BSC 2086C,Human Anatomy and Physiology II,[REDACTED],T | 9:00 AM - 12:50 PM | 59-Biological Sciences Room 3505; MW | 1:30 PM - 2:45 PM | 59-Biological Sciences Room 1701,Main Campus-UNF,Standard,OPEN,1,23,24,24
82856,BSC,2086C,BSC 2086C,Human Anatomy and Physiology II,[REDACTED],T | 1:00 PM - 4:50 PM | 59-Biological Sciences Room 3505; MW | 1:30 PM - 2:45 PM | 59-Biological Sciences Room 1701,Main Campus-UNF,Standard,FULL - WAITLIST AVAILABLE,0,24,24,24
83275,BSC,2086C,BSC 2086C,Human Anatomy and Physiology II,[REDACTED],W | 9:00 AM - 12:50 PM | 59-Biological Sciences Room 3505; MW | 1:30 PM - 2:45 PM | 59-Biological Sciences Room 1701,Main Campus-UNF,Standard,OPEN,1,23,24,24
83276,BSC,2086C,BSC 2086C,Human Anatomy and Physiology II,[REDACTED],R | 9:00 AM - 12:50 PM | 59-Biological Sciences Room 3505; MW | 1:30 PM - 2:45 PM | 59-Biological Sciences Room 1701,Main Campus-UNF,Standard,OPEN,3,21,24,24
83407,BSC,2086C,BSC 2086C,Human Anatomy and Physiology II,[REDACTED],R | 1:00 PM - 4:50 PM | 59-Biological Sciences Room 3505; MW | 1:30 PM - 2:45 PM | 59-Biological Sciences Room 1701,Main Campus-UNF,Standard,OPEN,6,18,24,24
84945,BSC,2086C,BSC 2086C,Human Anatomy and Physiology II,[REDACTED],F | 9:00 AM - 12:50 PM | 59-Biological Sciences Room 3505; MW | 1:30 PM - 2:45 PM | 59-Biological Sciences Room 1701,Main Campus-UNF,Standard,OPEN,1,23,24,24
86345,BSC,2086C,BSC 2086C,Human Anatomy and Physiology II,[REDACTED],Online; Online,Distance Learning,Online (DL),OPEN,3,21,24,24
86346,BSC,2086C,BSC 2086C,Human Anatomy and Physiology II,[REDACTED],Online; Online,Distance Learning,Online (DL),OPEN,15,9,24,24
82514,BSC,3052,BSC 3052,Conservation Biology,[REDACTED],TR | 10:50 AM - 12:05 PM | 39A-J. Brooks Brown Hall Addit Room 1034,Main Campus-UNF,Standard,OPEN,9,29,38,41
82989,BSC,3842,BSC 3842,Writing and Analytical Skills in Biology,[REDACTED],Online,Distance Learning,Online (DL),FULL - WAITLIST AVAILABLE,-1,47,46,40
82990,BSC,3842,BSC 3842,Writing and Analytical Skills in Biology,[REDACTED],Online,Distance Learning,Online (DL),OPEN,4,36,40,40
83030,BSC,3842,BSC 3842,Writing and Analytical Skills in Biology,[REDACTED],Online,Distance Learning,Online (DL),FULL - WAITLIST AVAILABLE,0,42,42,40
82475,BSC,3943,BSC 3943,Internship in Applied Biology,[REDACTED],F | 1:00 PM - 2:50 PM | 59-Biological Sciences Room 2701; Off Main Campus Room OFF-MC,Off-Campus: Internships,Independent,OPEN,4,6,10,10
82476,BSC,3943,BSC 3943,Internship in Applied Biology,[REDACTED],F | 1:00 PM - 2:50 PM | 59-Biological Sciences Room 2701; Off Main Campus Room OFF-MC,Off-Campus: Internships,Independent,OPEN,8,2,10,10
82477,BSC,3943,BSC 3943,Internship in Applied Biology,[REDACTED],F | 1:00 PM - 2:50 PM | 59-Biological Sciences Room 2701; Off Main Campus Room OFF-MC,Off-Campus: Internships,Independent,OPEN,4,6,10,10
82581,BSC,3943,BSC 3943,Internship in Applied Biology,[REDACTED],F | 1:00 PM - 2:50 PM | 59-Biological Sciences Room 2701; Off Main Campus Room OFF-MC,Off-Campus: Internships,Independent,OPEN,6,4,10,10
85312,BSC,3943,BSC 3943,Internship in Applied Biology,[REDACTED],F | 1:00 PM - 2:50 PM | 59-Biological Sciences Room 2701; Off Main Campus Room OFF-MC,Off-Campus: Internships,Independent,OPEN,4,1,5,5
85313,BSC,3943,BSC 3943,Internship in Applied Biology,[REDACTED],F | 1:00 PM - 2:50 PM | 59-Biological Sciences Room 2701; Off Main Campus Room OFF-MC,Off-Campus: Internships,Independent,OPEN,4,1,5,5
85316,BSC,4054,BSC 4054,Environmental Toxicology,[REDACTED],TR | 3:05 PM - 4:20 PM | 4-Skinner-Jones Hall Room 1701,Main Campus-UNF,Standard,OPEN,3,27,30,30
84528,BSC,4434C,BSC 4434C,Introduction to Bioinformatics,[REDACTED],TR | 9:25 AM - 10:40 AM | 4-Skinner-Jones Hall Room 2305; F | 1:00 PM - 3:50 PM | 4-Skinner-Jones Hall Room 2305,Main Campus-UNF,Standard,OPEN,13,5,18,20
83139,BSC,4801C,BSC 4801C,Animal Physiology,[REDACTED],T | 8:00 AM - 11:50 AM | 59-Biological Sciences Room 3502; MW | 1:30 PM - 2:45 PM | 59-Biological Sciences Room 2703,Main Campus-UNF,Standard,FULL - WAITLIST AVAILABLE,0,24,24,24
83140,BSC,4801C,BSC 4801C,Animal Physiology,[REDACTED],W | 8:00 AM - 11:50 AM | 59-Biological Sciences Room 3502; MW | 1:30 PM - 2:45 PM | 59-Biological Sciences Room 2703,Main Campus-UNF,Standard,FULL - WAITLIST AVAILABLE,0,24,24,24
83986,BSC,4870,BSC 4870,Biological Basis of Pharmacology,[REDACTED],Online,Distance Learning,Online (DL),FULL - WAITLIST AVAILABLE,-1,73,72,45
85507,BSC,4905,BSC 4905,Directed Independent Study in Biology,[REDACTED],TBA,Main Campus-UNF,Independent,OPEN,4,1,5,5
85508,BSC,4905,BSC 4905,Directed Independent Study in Biology,[REDACTED],TBA,Main Campus-UNF,Independent,OPEN,4,1,5,5
85510,BSC,4905,BSC 4905,Directed Independent Study in Biology,[REDACTED],TBA,Main Campus-UNF,Independent,OPEN,1,4,5,5
85511,BSC,4905,BSC 4905,Directed Independent Study in Biology,[REDACTED],TBA,Main Campus-UNF,Independent,OPEN,2,3,5,5
85514,BSC,4905,BSC 4905,Directed Independent Study in Biology,[REDACTED],TBA,Main Campus-UNF,Independent,OPEN,4,1,5,5
85515,BSC,4905,BSC 4905,Directed Independent Study in Biology,[REDACTED],TBA,Main Campus-UNF,Independent,OPEN,4,1,5,5
85517,BSC,4905,BSC 4905,Directed Independent Study in Biology,[REDACTED],TBA,Main Campus-UNF,Independent,OPEN,1,4,5,5
85519,BSC,4905,BSC 4905,Directed Independent Study in Biology,[REDACTED],TBA,Main Campus-UNF,Independent,OPEN,3,2,5,5
85521,BSC,4905,BSC 4905,Directed Independent Study in Biology,[REDACTED],TBA,Main Campus-UNF,Independent,OPEN,4,1,5,5
85525,BSC,4905,BSC 4905,Directed Independent Study in Biology,[REDACTED],TBA,Main Campus-UNF,Independent,OPEN,3,2,5,5
85526,BSC,4905,BSC 4905,Directed Independent Study in Biology,[REDACTED],TBA,Main Campus-UNF,Independent,OPEN,4,1,5,5
85527,BSC,4905,BSC 4905,Directed Independent Study in Biology,[REDACTED],TBA,Main Campus-UNF,Independent,OPEN,4,1,5,5
85528,BSC,4905,BSC 4905,Directed Independent Study in Biology,[REDACTED],TBA,Main Campus-UNF,Independent,OPEN,3,2,5,5
85530,BSC,4905,BSC 4905,Directed Independent Study in Biology,[REDACTED],TBA,Main Campus-UNF,Independent,OPEN,3,2,5,5
85534,BSC,4905,BSC 4905,Directed Independent Study in Biology,[REDACTED],TBA,Main Campus-UNF,Independent,OPEN,4,1,5,5
85535,BSC,4905,BSC 4905,Directed Independent Study in Biology,[REDACTED],TBA,Main Campus-UNF,Independent,OPEN,4,1,5,5
85538,BSC,4905,BSC 4905,Directed Independent Study in Biology,[REDACTED],TBA,Main Campus-UNF,Independent,OPEN,4,1,5,5
85539,BSC,4905,BSC 4905,Directed Independent Study in Biology,[REDACTED],TBA,Main Campus-UNF,Independent,OPEN,4,1,5,5
85543,BSC,4905,BSC 4905,Directed Independent Study in Biology,[REDACTED],TBA,Main Campus-UNF,Independent,OPEN,4,1,5,5
82367,BSC,4921,BSC 4921,Biology Lecture Series,[REDACTED],F | 3:00 PM - 3:50 PM | 59-Biological Sciences Room 1701,Main Campus-UNF,Standard,OPEN,13,107,120,100
85037,BSC,4940,BSC 4940,UNF-Jacksonville Zoo and Gardens Animal Behavior Research Internship,[REDACTED],Off Main Campus Room OFF-MC,Jacksonville Zoo and Gardens,Independent,OPEN,1,1,2,2
82766,BSC,4941,BSC 4941,Mayo Clinic Biomedical Research Internship,[REDACTED],Off Main Campus Room OFF-MC,Mayo Clinic,Independent,OPEN,3,7,10,10
83286,BSC,4941,BSC 4941,Mayo Clinic Biomedical Research Internship,[REDACTED],Off Main Campus Room OFF-MC,Mayo Clinic,Independent,OPEN,9,1,10,10
83287,BSC,4941,BSC 4941,Mayo Clinic Biomedical Research Internship,[REDACTED],Off Main Campus Room OFF-MC,Mayo Clinic,Independent,OPEN,9,1,10,10
83032,BSC,4947,BSC 4947,Senior Seminar Practicum,[REDACTED],Online,Distance Learning,Online (DL),FULL - WAITLIST AVAILABLE,0,32,32,30
83999,BSC,4947,BSC 4947,Senior Seminar Practicum,[REDACTED],Online,Distance Learning,Online (DL),FULL - WAITLIST AVAILABLE,0,30,30,30
84529,BSC,5429C,BSC 5429C,Advanced Bioinformatics,[REDACTED],TR | 9:25 AM - 10:40 AM | 4-Skinner-Jones Hall Room 2305; F | 1:00 PM - 3:50 PM | 4-Skinner-Jones Hall Room 2305,Main Campus-UNF,Standard,OPEN,3,3,6,4
83847,BSC,5872,BSC 5872,Advanced Biological Pharmacology,[REDACTED],Online,Distance Learning,Online (DL),OPEN,2,6,8,5
85932,BSC,5930,BSC 5930,Biology Seminar,[REDACTED],F | 3:00 PM - 3:50 PM | 59-Biological Sciences Room 1701,Main Campus-UNF,Standard,FULL - WAITLIST AVAILABLE,0,10,10,9
85934,BSC,5936,BSC 5936,ST: Adv. Env. Toxicology,[REDACTED],TR | 3:05 PM - 4:20 PM | 4-Skinner-Jones Hall Room 1701,Main Campus-UNF,Standard,FULL - WAITLIST AVAILABLE,-1,6,5,5
83983,BSC,6917,BSC 6917,Advanced Graduate Research,[REDACTED],TBA,Main Campus-UNF,Independent,OPEN,4,1,5,5
85087,BSC,6917,BSC 6917,Advanced Graduate Research,[REDACTED],TBA,Main Campus-UNF,Independent,FULL - WAITLIST AVAILABLE,0,4,4,3
85996,BSC,6941,BSC 6941,Mayo Clinic Graduate Biomedical Research Internship,[REDACTED],Off Main Campus Room OFF-MC,Mayo Clinic,Independent,OPEN,4,1,5,5
85997,BSC,6941,BSC 6941,Mayo Clinic Graduate Biomedical Research Internship,[REDACTED],Off Main Campus Room OFF-MC,Mayo Clinic,Independent,OPEN,4,1,5,5
83598,BSC,6971,BSC 6971,Graduate Thesis Defense,[REDACTED],TBA,Main Campus-UNF,Independent,OPEN,1,1,2,2
84024,BSC,6971,BSC 6971,Graduate Thesis Defense,[REDACTED],TBA,Main Campus-UNF,Independent,FULL,0,1,1,0
84113,BSC,6971,BSC 6971,Graduate Thesis Defense,[REDACTED],TBA,Main Campus-UNF,Independent,FULL - WAITLIST AVAILABLE,0,1,1,1
84913,BSC,6971,BSC 6971,Graduate Thesis Defense,[REDACTED],TBA,Main Campus-UNF,Independent,FULL - WAITLIST AVAILABLE,0,1,1,1
83072,BSC,6972,BSC 6972,Graduate Thesis Research,[REDACTED],TBA,Main Campus-UNF,Independent,OPEN,4,1,5,5
83093,BSC,6972,BSC 6972,Graduate Thesis Research,[REDACTED],TBA,Main Campus-UNF,Independent,OPEN,4,1,5,5
83094,BSC,6972,BSC 6972,Graduate Thesis Research,[REDACTED],TBA,Main Campus-UNF,Independent,OPEN,4,1,5,5
83097,BSC,6972,BSC 6972,Graduate Thesis Research,[REDACTED],TBA,Main Campus-UNF,Independent,OPEN,4,1,5,5
83098,BSC,6972,BSC 6972,Graduate Thesis Research,[REDACTED],TBA,Main Campus-UNF,Independent,OPEN,3,2,5,0
83099,BSC,6972,BSC 6972,Graduate Thesis Research,[REDACTED],TBA,Main Campus-UNF,Independent,OPEN,4,1,5,5
83100,BSC,6972,BSC 6972,Graduate Thesis Research,[REDACTED],TBA,Main Campus-UNF,Independent,OPEN,4,1,5,5
83101,BSC,6972,BSC 6972,Graduate Thesis Research,[REDACTED],TBA,Main Campus-UNF,Independent,OPEN,2,3,5,5
83122,BSC,6972,BSC 6972,Graduate Thesis Research,[REDACTED],TBA,Main Campus-UNF,Independent,OPEN,4,1,5,5
83129,BSC,6972,BSC 6972,Graduate Thesis Research,[REDACTED],TBA,Main Campus-UNF,Independent,OPEN,3,2,5,5
83691,BSC,6972,BSC 6972,Graduate Thesis Research,[REDACTED],TBA,Main Campus-UNF,Independent,OPEN,3,2,5,5
84129,BSC,6972,BSC 6972,Graduate Thesis Research,[REDACTED],TBA,Main Campus-UNF,Independent,FULL - WAITLIST AVAILABLE,0,1,1,1
84133,BSC,6972,BSC 6972,Graduate Thesis Research,[REDACTED],TBA,Main Campus-UNF,Independent,FULL - WAITLIST AVAILABLE,0,1,1,1
85012,BSC,6972,BSC 6972,Graduate Thesis Research,[REDACTED],TBA,Main Campus-UNF,Independent,FULL - WAITLIST AVAILABLE,0,1,1,1
85094,BSC,6972,BSC 6972,Graduate Thesis Research,[REDACTED],TBA,Main Campus-UNF,Independent,OPEN,1,0,1,1
86129,BSC,6972,BSC 6972,Graduate Thesis Research,[REDACTED],TBA,Main Campus-UNF,Independent,OPEN,4,1,5,5
86145,BSC,6972,BSC 6972,Graduate Thesis Research,[REDACTED],TBA,Main Campus-UNF,Independent,OPEN,4,1,5,5
86312,BSC,6972,BSC 6972,Graduate Thesis Research,[REDACTED],TBA,Main Campus-UNF,Independent,OPEN,4,1,5,5
86339,BSC,6972,BSC 6972,Graduate Thesis Research,[REDACTED],TBA,Main Campus-UNF,Independent,OPEN,4,1,5,5
86341,BSC,6972,BSC 6972,Graduate Thesis Research,[REDACTED],TBA,Main Campus-UNF,Independent,OPEN,4,1,5,5
86425,BSC,6972,BSC 6972,Graduate Thesis Research,[REDACTED],TBA,Main Campus-UNF,Independent,OPEN,4,1,5,5
82081,BUL,3130,BUL 3130,The Legal Environment of Business,[REDACTED],MW | 1:30 PM - 2:45 PM | 39-J. Brooks Brown Hall Room 1009,Main Campus-UNF,Standard,OPEN,4,176,180,5
82154,BUL,3130,BUL 3130,The Legal Environment of Business,[REDACTED],TR | 1:40 PM - 2:55 PM | 42-Coggin College of Business Room 1020,Main Campus-UNF,Standard,FULL - WAITLIST AVAILABLE,0,52,52,5
82907,BUL,3130,BUL 3130,The Legal Environment of Business,[REDACTED],Online,Distance Learning,Online (DL),OPEN,4,176,180,5
83227,BUL,3130,BUL 3130,The Legal Environment of Business,[REDACTED],Online,Distance Learning,Online (DL),FULL - WAITLIST AVAILABLE,0,60,60,5
84903,BUL,3130,BUL 3130,The Legal Environment of Business,[REDACTED],TR | 4:30 PM - 5:45 PM | 42-Coggin College of Business Room 1020,Main Campus-UNF,Standard,FULL - WAITLIST AVAILABLE,-1,51,50,5
83423,BUL,4350,BUL 4350,Business Law II,[REDACTED],MW | 3:00 PM - 4:15 PM | 39-J. Brooks Brown Hall Room 2002A,Main Campus-UNF,Standard,OPEN,15,8,23,5
82963,BUL,6138,BUL 6138,Management in the Legal Environment,[REDACTED],Online,Distance Learning,Online (DL),OPEN,26,4,30,5
83285,BUL,6840,BUL 6840,Employment Law,[REDACTED],Online,Distance Learning,Online (DL),FULL - WAITLIST AVAILABLE,-1,21,20,5
83772,CAI,4105,CAI 4105,Machine Learning,[REDACTED],TR | 4:30 PM - 5:45 PM | 39-J. Brooks Brown Hall Room 1026A,Main Campus-UNF,Standard,OPEN,35,5,40,20
85727,CAI,5005,CAI 5005,AI for All,[REDACTED],MW | 12:00 PM - 1:15 PM | 4-Skinner-Jones Hall Room 1703,Main Campus-UNF,Standard,OPEN,35,5,40,20
83043,CAP,4770,CAP 4770,Data Mining,[REDACTED],MW | 3:00 PM - 4:15 PM | 15-John E. Mathews Room 3130,Main Campus-UNF,Standard,OPEN,32,8,40,10
85724,CAP,5605,CAP 5605,Introduction to Artificial Intelligence,[REDACTED],TR | 1:40 PM - 2:55 PM | 39-J. Brooks Brown Hall Room 2006,Main Campus-UNF,Standard,OPEN,31,9,40,10
83774,CAP,6100,CAP 6100,User Experience Design,[REDACTED],W | 6:00 PM - 8:45 PM | 15-John E. Mathews Room 3124,Main Campus-UNF,Standard,OPEN,22,8,30,20
85801,CAP,6768,CAP 6768,Data Analytics,[REDACTED],Online,Distance Learning,Online (DL),OPEN,1,44,45,1
85802,CAP,6768,CAP 6768,Data Analytics,[REDACTED],Online,Distance Learning,Online (DL),OPEN,2,43,45,2
85955,CAP,6768,CAP 6768,Data Analytics,[REDACTED],M | 6:00 PM - 7:15 PM | 45-Fine Arts Center Room 2412; Online,Hybrid - On Campus/Online,Hybrid,OPEN,21,24,45,5
85704,CAP,6776,CAP 6776,Information Retrieval and Text Mining,[REDACTED],MW | 1:30 PM - 2:45 PM | 15-John E. Mathews Room 1205,Main Campus-UNF,Standard,OPEN,21,19,40,10
82924,CBH,3004,CBH 3004,Comparative Psychology,[REDACTED],Online,Distance Learning,Online (DL),FULL - WAITLIST AVAILABLE,0,40,40,40
82945,CBH,3004,CBH 3004,Comparative Psychology,[REDACTED],T | 9:25 AM - 10:40 AM | 45-Fine Arts Center Room 2412; Online,Hybrid - On Campus/Online,Hybrid,OPEN,12,38,50,50
82946,CBH,3004,CBH 3004,Comparative Psychology,[REDACTED],R | 9:25 AM - 10:40 AM | 45-Fine Arts Center Room 2412; Online,Hybrid - On Campus/Online,Hybrid,OPEN,22,28,50,50
82155,CCJ,2002,CCJ 2002,Crime in America,[REDACTED],R | 12:15 PM - 1:30 PM | 51-Social Sciences Room 1101; Online,Hybrid - On Campus/Online,Hybrid,FULL - WAITLIST AVAILABLE,0,40,40,40
82218,CCJ,2002,CCJ 2002,Crime in America,[REDACTED],Online,Distance Learning,Online (DL),OPEN,1,39,40,40
82579,CCJ,2002,CCJ 2002,Crime in America,[REDACTED],Online,Distance Learning,Online (DL),OPEN,2,38,40,40
82353,CCJ,3014,CCJ 3014,Criminological Theory,[REDACTED],Online,Distance Learning,Online (DL),FULL - WAITLIST AVAILABLE,0,40,40,40
83019,CCJ,3014,CCJ 3014,Criminological Theory,[REDACTED],Online,Distance Learning,Online (DL),FULL - WAITLIST AVAILABLE,0,40,40,40
83690,CCJ,3014,CCJ 3014,Criminological Theory,[REDACTED],Online,Distance Learning,Online (DL),OPEN,2,38,40,40
82285,CCJ,3023,CCJ 3023,Introduction to Criminal Justice,[REDACTED],TR | 9:25 AM - 10:40 AM | 2-Founders Hall Room 1017,Main Campus-UNF,Standard,OPEN,1,39,40,40
82318,CCJ,3023,CCJ 3023,Introduction to Criminal Justice,[REDACTED],Online,Distance Learning,Online (DL),OPEN,1,39,40,40
82363,CCJ,3023,CCJ 3023,Introduction to Criminal Justice,[REDACTED],Online,Distance Learning,Online (DL),OPEN,3,37,40,40
84216,CCJ,3023,CCJ 3023,Introduction to Criminal Justice,[REDACTED],Online,Distance Learning,Online (DL),OPEN,2,38,40,40
82196,CCJ,3700,CCJ 3700,Research Methods in Criminology &amp; Criminal Justice,[REDACTED],Online,Distance Learning,Online (DL),OPEN,1,39,40,40
82341,CCJ,3700,CCJ 3700,Research Methods in Criminology &amp; Criminal Justice,[REDACTED],Online,Distance Learning,Online (DL),FULL - WAITLIST AVAILABLE,0,33,33,30
82350,CCJ,4604,CCJ 4604,Crime and Mental Illness,[REDACTED],Online,Distance Learning,Online (DL),FULL - WAITLIST AVAILABLE,-2,42,40,40
85939,CCJ,4905,CCJ 4905,Directed Independent Study,[REDACTED],TBA,Main Campus-UNF,Independent,FULL - WAITLIST AVAILABLE,0,2,2,2
82305,CCJ,4935,CCJ 4935,ST:Crime Scene Investigation,[REDACTED],TR | 4:30 PM - 5:45 PM | 2-Founders Hall Room 2212,Main Campus-UNF,Standard,OPEN,9,31,40,40
83500,CCJ,4935,CCJ 4935,ST: Child Abuse and Neglect,[REDACTED],Online,Distance Learning,Online (DL),FULL - WAITLIST AVAILABLE,0,40,40,40
84215,CCJ,4938,CCJ 4938,ST: Victimology,[REDACTED],MW | 1:30 PM - 2:45 PM | 2-Founders Hall Room 2216,Main Campus-UNF,Standard,OPEN,2,38,40,40
82083,CCJ,4939,CCJ 4939,Pre-Internship in Criminal Justice,[REDACTED],T | 12:15 PM - 1:30 PM | 51-Social Sciences Room 1101; Online,Hybrid - On Campus/Online,Hybrid,OPEN,23,17,40,40
82226,CCJ,4939,CCJ 4939,Pre-Internship in Criminal Justice,[REDACTED],Online,Distance Learning,Online (DL),FULL - WAITLIST AVAILABLE,0,41,41,40
82084,CCJ,4940,CCJ 4940,Internship in Criminal Justice,[REDACTED],Off Main Campus Room OFF-MC,Off-Campus: Internships,Independent,OPEN,6,34,40,40
84383,CCJ,5934,CCJ 5934,ST:Evidence-Based Practices CJ,[REDACTED],Online,Distance Learning,Online (DL),OPEN,2,18,20,20
85248,CCJ,6309,CCJ 6309,ST: Hist &amp; Phil of Corrections,[REDACTED],Online,Distance Learning,Online (DL),FULL - WAITLIST AVAILABLE,-4,24,20,20
83409,CCJ,6457,CCJ 6457,Administration of Justice,[REDACTED],Online,Distance Learning,Online (DL),FULL - WAITLIST AVAILABLE,-3,23,20,20
82253,CCJ,6705,CCJ 6705,Advanced Methods of Criminological Research,[REDACTED],Online,Distance Learning,Online (DL),FULL - WAITLIST AVAILABLE,-2,22,20,20
85249,CCJ,6801,CCJ 6801,Mental Health and Corrections,[REDACTED],Online,Distance Learning,Online (DL),FULL - WAITLIST AVAILABLE,0,22,22,20
82702,CDA,4010,CDA 4010,User Interface Design,[REDACTED],MW | 12:00 PM - 1:15 PM | 15-John E. Mathews Room 1104,Main Campus-UNF,Standard,FULL - WAITLIST AVAILABLE,0,40,40,10
83373,CDA,4010,CDA 4010,User Interface Design,[REDACTED],TR | 12:15 PM - 1:30 PM | 15-John E. Mathews Room 1104,Main Campus-UNF,Standard,OPEN,1,39,40,10
85719,CEN,4360,CEN 4360,Mobile Apps Development,[REDACTED],TR | 3:05 PM - 4:20 PM | 15-John E. Mathews Room 1104,Main Campus-UNF,Standard,OPEN,8,32,40,10
85601,CEN,6036,CEN 6036,Software Architecture,[REDACTED],T | 6:00 PM - 8:45 PM | 15-John E. Mathews Room 3124,Main Campus-UNF,Standard,OPEN,22,8,30,20
85846,CEN,6940,CEN 6940,Computing Practicum,[REDACTED],W | 7:30 PM - 8:45 PM | 42-Coggin College of Business Room 1105; Online,Hybrid - On Campus/Online,Hybrid,FULL - WAITLIST AVAILABLE,-1,36,35,5
82511,CES,3100,CES 3100,Analysis of Structures,[REDACTED],MW | 12:00 PM - 1:15 PM | 4-Skinner-Jones Hall Room 1705,Main Campus-UNF,Standard,OPEN,8,52,60,10
85333,CES,4711,CES 4711,Prestressed Concrete,[REDACTED],Online,Distance Learning,Online (DL),OPEN,12,8,20,5
82894,CGN,3501C,CGN 3501C,Civil Engineering Materials,[REDACTED],W | 9:00 AM - 10:15 AM | 50-Science &amp; Engineering Room 1002; TR | 9:25 AM - 10:40 AM | 42-Coggin College of Business Room 1116,Main Campus-UNF,Standard,OPEN,1,23,24,5
82931,CGN,3501C,CGN 3501C,Civil Engineering Materials,[REDACTED],TR | 9:25 AM - 10:40 AM | 42-Coggin College of Business Room 1116; W | 10:30 AM - 11:45 AM | 50-Science &amp; Engineering Room 1002,Main Campus-UNF,Standard,FULL - WAITLIST AVAILABLE,0,24,24,5
82895,CGN,4151,CGN 4151,Engineering Management,[REDACTED],TR | 8:00 AM - 9:15 AM | 4-Skinner-Jones Hall Room 1703,Main Campus-UNF,Standard,OPEN,1,49,50,10
82073,CGN,4803,CGN 4803,Senior Capstone Design I,[REDACTED],TR | 9:25 AM - 12:05 PM | 59-Biological Sciences Room 2701,Main Campus-UNF,Standard,OPEN,10,35,45,5
83449,CGN,4824,CGN 4824,Principles of Land Development,[REDACTED],W | 4:30 PM - 7:15 PM | 4-Skinner-Jones Hall Room 2307,Main Campus-UNF,Standard,OPEN,11,9,20,5
85360,CGN,4911,CGN 4911,Supervised Undergraduate Research,[REDACTED],TBA,Main Campus-UNF,Independent,OPEN,4,1,5,5
85327,CGN,4931,CGN 4931,ST: Floating Structures,[REDACTED],TR | 12:15 PM - 1:30 PM | 4-Skinner-Jones Hall Room 2307,Main Campus-UNF,Standard,OPEN,5,5,10,5
82513,CGN,4935,CGN 4935,FE Exam Review Seminar,[REDACTED],Online,Distance Learning,Online (DL),OPEN,19,36,55,5
83451,CGN,4949,CGN 4949,Civil Engineering Internship,[REDACTED],Off Main Campus Room OFF-MC,Off-Campus: Internships,Independent,OPEN,2,3,5,5
85379,CGN,6900,CGN 6900,Supervised Graduate Research,[REDACTED],TBA,Main Campus-UNF,Independent,OPEN,8,2,10,5
85380,CGN,6900,CGN 6900,Supervised Graduate Research,[REDACTED],TBA,Main Campus-UNF,Independent,OPEN,9,1,10,5
85381,CGN,6900,CGN 6900,Supervised Graduate Research,[REDACTED],TBA,Main Campus-UNF,Independent,OPEN,9,1,10,5
86301,CGN,6933,CGN 6933,ST: Floating Structures,[REDACTED],TR | 12:15 PM - 1:30 PM | 4-Skinner-Jones Hall Room 2307,Main Campus-UNF,Standard,OPEN,5,5,10,5
86318,CGN,6933,CGN 6933,ST: Engr Properties of Soil,[REDACTED],MW | 3:00 PM - 4:15 PM | 9-Fred Schultz Hall Room 2301,Main Campus-UNF,Standard,OPEN,7,3,10,5
86349,CGN,6949,CGN 6949,Civil Engineering Graduate Internship,[REDACTED],TBA,Off-Campus: Internships,Independent,OPEN,2,3,5,5
83450,CGN,6970,CGN 6970,Civil Engineering Master&#39;s Thesis,[REDACTED],TBA,Main Campus-UNF,Independent,OPEN,3,7,10,5
84164,CGN,6970,CGN 6970,Civil Engineering Master&#39;s Thesis,[REDACTED],TBA,Main Campus-UNF,Independent,OPEN,9,1,10,5
84884,CGN,6970,CGN 6970,Civil Engineering Master&#39;s Thesis,[REDACTED],TBA,Main Campus-UNF,Independent,OPEN,8,2,10,5
85366,CGN,6970,CGN 6970,Civil Engineering Master&#39;s Thesis,[REDACTED],TBA,Main Campus-UNF,Independent,OPEN,9,1,10,5
85369,CGN,6970,CGN 6970,Civil Engineering Master&#39;s Thesis,[REDACTED],TBA,Main Campus-UNF,Independent,OPEN,10,0,10,5
85371,CGN,6970,CGN 6970,Civil Engineering Master&#39;s Thesis,[REDACTED],TBA,Main Campus-UNF,Independent,OPEN,8,2,10,5
82650,CGS,1100,CGS 1100,Computer Applications for Business,[REDACTED],F | 9:30 AM - 11:00 AM | Online; F | 9:30 AM - 11:00 AM | Online; F | 9:30 AM - 11:00 AM | Online; F | 9:30 AM - 11:00 AM | Online; F | 9:30 AM - 11:00 AM | Online; F | 9:30 AM - 11:00 AM | Online; Online,Distance Learning,Online (DL),OPEN,6,44,50,50
82653,CGS,1100,CGS 1100,Computer Applications for Business,[REDACTED],F | 9:30 AM - 11:00 AM | Online; F | 9:30 AM - 11:00 AM | Online; F | 9:30 AM - 11:00 AM | Online; F | 9:30 AM - 11:00 AM | Online; F | 9:30 AM - 11:00 AM | Online; F | 9:30 AM - 11:00 AM | Online; Online,Distance Learning,Online (DL),OPEN,3,47,50,50
82657,CGS,1100,CGS 1100,Computer Applications for Business,[REDACTED],F | 9:30 AM - 11:00 AM | Online; F | 9:30 AM - 11:00 AM | Online; F | 9:30 AM - 11:00 AM | Online; F | 9:30 AM - 11:00 AM | Online; F | 9:30 AM - 11:00 AM | Online; F | 9:30 AM - 11:00 AM | Online; Online,Distance Learning,Online (DL),OPEN,6,44,50,50
82703,CGS,1100,CGS 1100,Computer Applications for Business,[REDACTED],F | 9:30 AM - 11:00 AM | Online; F | 9:30 AM - 11:00 AM | Online; F | 9:30 AM - 11:00 AM | Online; F | 9:30 AM - 11:00 AM | Online; F | 9:30 AM - 11:00 AM | Online; F | 9:30 AM - 11:00 AM | Online; Online,Distance Learning,Online (DL),OPEN,5,45,50,50
82704,CGS,1100,CGS 1100,Computer Applications for Business,[REDACTED],F | 9:30 AM - 11:00 AM | Online; F | 9:30 AM - 11:00 AM | Online; F | 9:30 AM - 11:00 AM | Online; F | 9:30 AM - 11:00 AM | Online; F | 9:30 AM - 11:00 AM | Online; F | 9:30 AM - 11:00 AM | Online; Online,Distance Learning,Online (DL),OPEN,4,46,50,50
82705,CGS,1100,CGS 1100,Computer Applications for Business,[REDACTED],F | 9:30 AM - 11:00 AM | Online; F | 9:30 AM - 11:00 AM | Online; F | 9:30 AM - 11:00 AM | Online; F | 9:30 AM - 11:00 AM | Online; F | 9:30 AM - 11:00 AM | Online; F | 9:30 AM - 11:00 AM | Online; Online,Distance Learning,Online (DL),OPEN,3,47,50,50
82725,CGS,1100,CGS 1100,Computer Applications for Business,[REDACTED],F | 9:30 AM - 11:00 AM | Online; F | 9:30 AM - 11:00 AM | Online; F | 9:30 AM - 11:00 AM | Online; F | 9:30 AM - 11:00 AM | Online; F | 9:30 AM - 11:00 AM | Online; F | 9:30 AM - 11:00 AM | Online; Online,Distance Learning,Online (DL),OPEN,2,48,50,50
82726,CGS,1100,CGS 1100,Computer Applications for Business,[REDACTED],F | 9:30 AM - 11:00 AM | Online; F | 9:30 AM - 11:00 AM | Online; F | 9:30 AM - 11:00 AM | Online; F | 9:30 AM - 11:00 AM | Online; F | 9:30 AM - 11:00 AM | Online; F | 9:30 AM - 11:00 AM | Online; Online,Distance Learning,Online (DL),OPEN,6,44,50,50
82727,CGS,1100,CGS 1100,Computer Applications for Business,[REDACTED],F | 9:30 AM - 11:00 AM | Online; F | 9:30 AM - 11:00 AM | Online; F | 9:30 AM - 11:00 AM | Online; F | 9:30 AM - 11:00 AM | Online; F | 9:30 AM - 11:00 AM | Online; F | 9:30 AM - 11:00 AM | Online; Online,Distance Learning,Online (DL),OPEN,2,48,50,50
83232,CGS,1100,CGS 1100,Computer Applications for Business,[REDACTED],Online,Distance Learning,Online (DL),OPEN,1,49,50,50
83240,CGS,1100,CGS 1100,Computer Applications for Business,[REDACTED],Online,Distance Learning,Online (DL),OPEN,2,48,50,50
83248,CGS,1100,CGS 1100,Computer Applications for Business,[REDACTED],Online,Distance Learning,Online (DL),OPEN,2,48,50,50
83183,CHI,1120,CHI 1120,(FC) Beginning Chinese I,[REDACTED],TR | 4:30 PM - 5:45 PM | 2-Founders Hall Room 2221; Online,Main Campus-UNF,Standard,FULL - WAITLIST AVAILABLE,0,20,20,20
82307,CHI,2200,CHI 2200,(FC) Intermediate Chinese I,[REDACTED],MW | 3:00 PM - 4:15 PM | 39A-J. Brooks Brown Hall Addit Room 1032,Main Campus-UNF,Standard,OPEN,14,6,20,20
83489,CHM,1020,CHM 1020,Discovering Chemistry,[REDACTED],Online,Distance Learning,Online (DL),FULL - WAITLIST AVAILABLE,0,100,100,75
82256,CHM,1025,CHM 1025,Introduction to Chemistry,[REDACTED],TR | 12:15 PM - 1:05 PM | 50-Science &amp; Engineering Room 1102,Main Campus-UNF,Standard,FULL - WAITLIST AVAILABLE,0,100,100,100
82754,CHM,1025,CHM 1025,Introduction to Chemistry,[REDACTED],TR | 10:50 AM - 11:40 AM | 50-Science &amp; Engineering Room 1102,Main Campus-UNF,Standard,FULL - WAITLIST AVAILABLE,0,100,100,100
83000,CHM,1025,CHM 1025,Introduction to Chemistry,[REDACTED],Online,Distance Learning,Online (DL),OPEN,1,74,75,70
83103,CHM,1025,CHM 1025,Introduction to Chemistry,[REDACTED],Online,Distance Learning,Online (DL),FULL - WAITLIST AVAILABLE,0,75,75,70
83391,CHM,1025,CHM 1025,Introduction to Chemistry,[REDACTED],Online,Distance Learning,Online (DL),FULL - WAITLIST AVAILABLE,-1,101,100,100
86270,CHM,1025,CHM 1025,Introduction to Chemistry,[REDACTED],MW | 10:00 AM - 10:50 AM | 50-Science &amp; Engineering Room 1102,Main Campus-UNF,Standard,FULL - WAITLIST AVAILABLE,0,100,100,75
82257,CHM,1025L,CHM 1025L,Introduction to Chemistry Laboratory,[REDACTED],W | 1:00 PM - 3:50 PM | 50-Science &amp; Engineering Room 2830,Main Campus-UNF,Standard,FULL - WAITLIST AVAILABLE,0,24,24,24
82730,CHM,1025L,CHM 1025L,Introduction to Chemistry Laboratory,[REDACTED],T | 9:00 AM - 11:50 AM | 50-Science &amp; Engineering Room 2830,Main Campus-UNF,Standard,FULL - WAITLIST AVAILABLE,0,24,24,24
82740,CHM,1025L,CHM 1025L,Introduction to Chemistry Laboratory,[REDACTED],R | 9:00 AM - 11:50 AM | 50-Science &amp; Engineering Room 2830,Main Campus-UNF,Standard,FULL - WAITLIST AVAILABLE,0,24,24,24
82975,CHM,1025L,CHM 1025L,Introduction to Chemistry Laboratory,[REDACTED],F | 9:00 AM - 11:50 AM | 50-Science &amp; Engineering Room 2830,Main Campus-UNF,Standard,FULL - WAITLIST AVAILABLE,0,24,24,24
83001,CHM,1025L,CHM 1025L,Introduction to Chemistry Laboratory,[REDACTED],M | 9:00 AM - 11:50 AM | 50-Science &amp; Engineering Room 2830,Main Campus-UNF,Standard,FULL - WAITLIST AVAILABLE,0,24,24,24
83118,CHM,1025L,CHM 1025L,Introduction to Chemistry Laboratory,[REDACTED],F | 1:00 PM - 3:50 PM | 50-Science &amp; Engineering Room 2830,Main Campus-UNF,Standard,FULL - WAITLIST AVAILABLE,0,24,24,24
83121,CHM,1025L,CHM 1025L,Introduction to Chemistry Laboratory,[REDACTED],T | 1:15 PM - 4:05 PM | 50-Science &amp; Engineering Room 2830,Main Campus-UNF,Standard,FULL - WAITLIST AVAILABLE,0,24,24,24
83235,CHM,1025L,CHM 1025L,Introduction to Chemistry Laboratory,[REDACTED],R | 1:15 PM - 4:05 PM | 50-Science &amp; Engineering Room 2830,Main Campus-UNF,Standard,FULL - WAITLIST AVAILABLE,0,24,24,24
84876,CHM,1025L,CHM 1025L,Introduction to Chemistry Laboratory,[REDACTED],M | 1:00 PM - 3:50 PM | 50-Science &amp; Engineering Room 2830,Main Campus-UNF,Standard,FULL - WAITLIST AVAILABLE,0,24,24,24
85210,CHM,1025L,CHM 1025L,Introduction to Chemistry Laboratory,[REDACTED],W | 9:00 AM - 11:50 AM | 50-Science &amp; Engineering Room 2830,Main Campus-UNF,Standard,FULL - WAITLIST AVAILABLE,0,24,24,24
86280,CHM,1025L,CHM 1025L,Introduction to Chemistry Laboratory,[REDACTED],T | 6:00 PM - 8:50 PM | 50-Science &amp; Engineering Room 2830,Main Campus-UNF,Standard,FULL - WAITLIST AVAILABLE,0,24,24,24
86281,CHM,1025L,CHM 1025L,Introduction to Chemistry Laboratory,[REDACTED],W | 6:00 PM - 8:50 PM | 50-Science &amp; Engineering Room 2830,Main Campus-UNF,Standard,FULL - WAITLIST AVAILABLE,0,24,24,24
82258,CHM,2045,CHM 2045,General Chemistry I,[REDACTED],TR | 1:40 PM - 2:55 PM | 50-Science &amp; Engineering Room 1102,Main Campus-UNF,Standard,OPEN,3,97,100,100
82259,CHM,2045,CHM 2045,General Chemistry I,[REDACTED],TR | 9:25 AM - 10:40 AM | 50-Science &amp; Engineering Room 1102,Main Campus-UNF,Standard,OPEN,3,97,100,100
82260,CHM,2045,CHM 2045,General Chemistry I,[REDACTED],MW | 4:30 PM - 5:45 PM | 50-Science &amp; Engineering Room 1102,Main Campus-UNF,Standard,OPEN,6,94,100,100
82261,CHM,2045,CHM 2045,General Chemistry I,[REDACTED],MW | 3:00 PM - 4:15 PM | 50-Science &amp; Engineering Room 1102,Main Campus-UNF,Standard,OPEN,1,99,100,100
83490,CHM,2045,CHM 2045,General Chemistry I,[REDACTED],T | 6:00 PM - 7:15 PM | 50-Science &amp; Engineering Room 1202; T | 6:00 PM - 7:15 PM | 50-Science &amp; Engineering Room 1202; T | 6:00 PM - 7:15 PM | 50-Science &amp; Engineering Room 1202; T | 6:00 PM - 7:15 PM | 50-Science &amp; Engineering Room 1202; Online,Distance Learning,Primarily Online,OPEN,21,79,100,75
84783,CHM,2045,CHM 2045,General Chemistry I,[REDACTED],MWF | 11:00 AM - 11:50 AM | 50-Science &amp; Engineering Room 1102,Main Campus-UNF,Standard,OPEN,26,74,100,100
84875,CHM,2045,CHM 2045,General Chemistry I,[REDACTED],TR | 10:50 AM - 12:05 PM | 50-Science &amp; Engineering Room 1202,Main Campus-UNF,Standard,OPEN,6,94,100,100
82262,CHM,2045L,CHM 2045L,General Chemistry I Laboratory,[REDACTED],M | 9:00 AM - 11:50 AM | 50-Science &amp; Engineering Room 2710,Main Campus-UNF,Standard,OPEN,1,23,24,24
82263,CHM,2045L,CHM 2045L,General Chemistry I Laboratory,[REDACTED],M | 9:00 AM - 11:50 AM | 50-Science &amp; Engineering Room 2714,Main Campus-UNF,Standard,FULL - WAITLIST AVAILABLE,0,24,24,24
82264,CHM,2045L,CHM 2045L,General Chemistry I Laboratory,[REDACTED],M | 1:00 PM - 3:50 PM | 50-Science &amp; Engineering Room 2710,Main Campus-UNF,Standard,FULL - WAITLIST AVAILABLE,0,24,24,24
82265,CHM,2045L,CHM 2045L,General Chemistry I Laboratory,[REDACTED],M | 1:00 PM - 3:50 PM | 50-Science &amp; Engineering Room 2714,Main Campus-UNF,Standard,OPEN,2,22,24,24
82266,CHM,2045L,CHM 2045L,General Chemistry I Laboratory,[REDACTED],M | 6:00 PM - 8:50 PM | 50-Science &amp; Engineering Room 2710,Main Campus-UNF,Standard,OPEN,1,23,24,24
82267,CHM,2045L,CHM 2045L,General Chemistry I Laboratory,[REDACTED],T | 9:00 AM - 11:50 AM | 50-Science &amp; Engineering Room 2710,Main Campus-UNF,Standard,FULL - WAITLIST AVAILABLE,0,24,24,24
82268,CHM,2045L,CHM 2045L,General Chemistry I Laboratory,[REDACTED],T | 9:00 AM - 11:50 AM | 50-Science &amp; Engineering Room 2714,Main Campus-UNF,Standard,FULL - WAITLIST AVAILABLE,0,24,24,24
82269,CHM,2045L,CHM 2045L,General Chemistry I Laboratory,[REDACTED],T | 1:00 PM - 3:50 PM | 50-Science &amp; Engineering Room 2714,Main Campus-UNF,Standard,OPEN,1,23,24,24
82270,CHM,2045L,CHM 2045L,General Chemistry I Laboratory,[REDACTED],T | 1:00 PM - 3:50 PM | 50-Science &amp; Engineering Room 2710,Main Campus-UNF,Standard,OPEN,1,23,24,24
82479,CHM,2045L,CHM 2045L,General Chemistry I Laboratory,[REDACTED],W | 9:00 AM - 11:50 AM | 50-Science &amp; Engineering Room 2710,Main Campus-UNF,Standard,FULL - WAITLIST AVAILABLE,0,24,24,24
82529,CHM,2045L,CHM 2045L,General Chemistry I Laboratory,[REDACTED],W | 9:00 AM - 11:50 AM | 50-Science &amp; Engineering Room 2714,Main Campus-UNF,Standard,FULL - WAITLIST AVAILABLE,0,24,24,24
82742,CHM,2045L,CHM 2045L,General Chemistry I Laboratory,[REDACTED],W | 1:00 PM - 3:50 PM | 50-Science &amp; Engineering Room 2710,Main Campus-UNF,Standard,FULL - WAITLIST AVAILABLE,0,24,24,24
82848,CHM,2045L,CHM 2045L,General Chemistry I Laboratory,[REDACTED],W | 1:00 PM - 3:50 PM | 50-Science &amp; Engineering Room 2714,Main Campus-UNF,Standard,OPEN,1,23,24,24
82974,CHM,2045L,CHM 2045L,General Chemistry I Laboratory,[REDACTED],W | 6:00 PM - 8:50 PM | 50-Science &amp; Engineering Room 2714,Main Campus-UNF,Standard,FULL - WAITLIST AVAILABLE,0,24,24,24
83264,CHM,2045L,CHM 2045L,General Chemistry I Laboratory,[REDACTED],R | 9:00 AM - 11:50 AM | 50-Science &amp; Engineering Room 2714,Main Campus-UNF,Standard,FULL - WAITLIST AVAILABLE,0,24,24,24
83656,CHM,2045L,CHM 2045L,General Chemistry I Laboratory,[REDACTED],R | 9:00 AM - 11:50 AM | 50-Science &amp; Engineering Room 2710,Main Campus-UNF,Standard,OPEN,1,23,24,24
83676,CHM,2045L,CHM 2045L,General Chemistry I Laboratory,[REDACTED],R | 1:00 PM - 3:50 PM | 50-Science &amp; Engineering Room 2714,Main Campus-UNF,Standard,FULL - WAITLIST AVAILABLE,0,24,24,24
84087,CHM,2045L,CHM 2045L,General Chemistry I Laboratory,[REDACTED],R | 1:00 PM - 3:50 PM | 50-Science &amp; Engineering Room 2710,Main Campus-UNF,Standard,FULL - WAITLIST AVAILABLE,0,24,24,24
84088,CHM,2045L,CHM 2045L,General Chemistry I Laboratory,[REDACTED],F | 9:00 AM - 11:50 AM | 50-Science &amp; Engineering Room 2714,Main Campus-UNF,Standard,OPEN,1,23,24,24
84286,CHM,2045L,CHM 2045L,General Chemistry I Laboratory,[REDACTED],F | 9:00 AM - 11:50 AM | 50-Science &amp; Engineering Room 2710,Main Campus-UNF,Standard,FULL - WAITLIST AVAILABLE,0,24,24,24
84792,CHM,2045L,CHM 2045L,General Chemistry I Laboratory,[REDACTED],F | 1:00 PM - 3:50 PM | 50-Science &amp; Engineering Room 2710,Main Campus-UNF,Standard,FULL - WAITLIST AVAILABLE,0,24,24,24
85211,CHM,2045L,CHM 2045L,General Chemistry I Laboratory,[REDACTED],R | 1:00 PM - 3:50 PM | 50-Science &amp; Engineering Room 2722,Main Campus-UNF,Standard,OPEN,1,23,24,24
86283,CHM,2045L,CHM 2045L,General Chemistry I Laboratory,[REDACTED],W | 6:00 PM - 8:50 PM | 50-Science &amp; Engineering Room 2710,Main Campus-UNF,Standard,FULL - WAITLIST AVAILABLE,0,24,24,24
86286,CHM,2045L,CHM 2045L,General Chemistry I Laboratory,[REDACTED],T | 6:00 PM - 8:50 PM | 50-Science &amp; Engineering Room 2710,Main Campus-UNF,Standard,OPEN,1,23,24,24
82271,CHM,2046,CHM 2046,General Chemistry II,[REDACTED],MW | 12:00 PM - 1:15 PM | 50-Science &amp; Engineering Room 1102,Main Campus-UNF,Standard,OPEN,1,74,75,75
82406,CHM,2046,CHM 2046,General Chemistry II,[REDACTED],MW | 1:30 PM - 2:45 PM | 50-Science &amp; Engineering Room 1202,Main Campus-UNF,Standard,OPEN,16,69,85,75
83705,CHM,2046,CHM 2046,General Chemistry II,[REDACTED],Online,Distance Learning,Online (DL),OPEN,3,97,100,75
82272,CHM,2046L,CHM 2046L,General Chemistry II Laboratory,[REDACTED],M | 9:00 AM - 11:50 AM | 50-Science &amp; Engineering Room 2728,Main Campus-UNF,Standard,FULL - WAITLIST AVAILABLE,0,24,24,24
82273,CHM,2046L,CHM 2046L,General Chemistry II Laboratory,[REDACTED],T | 9:00 AM - 11:50 AM | 50-Science &amp; Engineering Room 2728,Main Campus-UNF,Standard,FULL - WAITLIST AVAILABLE,0,24,24,24
82274,CHM,2046L,CHM 2046L,General Chemistry II Laboratory,[REDACTED],W | 9:00 AM - 11:50 AM | 50-Science &amp; Engineering Room 2728,Main Campus-UNF,Standard,FULL - WAITLIST AVAILABLE,0,24,24,24
82275,CHM,2046L,CHM 2046L,General Chemistry II Laboratory,[REDACTED],R | 9:00 AM - 11:50 AM | 50-Science &amp; Engineering Room 2728,Main Campus-UNF,Standard,FULL - WAITLIST AVAILABLE,0,24,24,24
82276,CHM,2046L,CHM 2046L,General Chemistry II Laboratory,[REDACTED],F | 9:00 AM - 11:50 AM | 50-Science &amp; Engineering Room 2728,Main Campus-UNF,Standard,FULL - WAITLIST AVAILABLE,0,24,24,24
82530,CHM,2046L,CHM 2046L,General Chemistry II Laboratory,[REDACTED],T | 1:00 PM - 3:50 PM | 50-Science &amp; Engineering Room 2728,Main Campus-UNF,Standard,FULL - WAITLIST AVAILABLE,0,24,24,24
82743,CHM,2046L,CHM 2046L,General Chemistry II Laboratory,[REDACTED],W | 1:00 PM - 3:50 PM | 50-Science &amp; Engineering Room 2728,Main Campus-UNF,Standard,OPEN,1,23,24,24
85832,CHM,2046L,CHM 2046L,General Chemistry II Laboratory,[REDACTED],R | 1:00 PM - 3:50 PM | 50-Science &amp; Engineering Room 2728,Main Campus-UNF,Standard,FULL - WAITLIST AVAILABLE,0,24,24,24
86225,CHM,2046L,CHM 2046L,General Chemistry II Laboratory,[REDACTED],M | 3:00 PM - 5:50 PM | 50-Science &amp; Engineering Room 2728,Main Campus-UNF,Standard,FULL - WAITLIST AVAILABLE,0,24,24,24
82004,CHM,2210,CHM 2210,Organic Chemistry I,[REDACTED],MW | 1:30 PM - 2:45 PM | 50-Science &amp; Engineering Room 1102,Main Campus-UNF,Standard,FULL - WAITLIST AVAILABLE,-7,87,80,80
82772,CHM,2210,CHM 2210,Organic Chemistry I,[REDACTED],TR | 3:05 PM - 4:20 PM | 50-Science &amp; Engineering Room 1102,Main Campus-UNF,Standard,OPEN,1,79,80,80
84720,CHM,2210,CHM 2210,Organic Chemistry I,[REDACTED],TR | 9:25 AM - 10:40 AM | 50-Science &amp; Engineering Room 1202,Main Campus-UNF,Standard,OPEN,2,78,80,80
82068,CHM,2210L,CHM 2210L,Organic Chemistry I Laboratory,[REDACTED],R | 1:00 PM - 3:50 PM | 50-Science &amp; Engineering Room 3602,Main Campus-UNF,Standard,FULL - WAITLIST AVAILABLE,0,18,18,18
82069,CHM,2210L,CHM 2210L,Organic Chemistry I Laboratory,[REDACTED],M | 1:00 PM - 3:50 PM | 50-Science &amp; Engineering Room 3602,Main Campus-UNF,Standard,FULL - WAITLIST AVAILABLE,0,18,18,18
82377,CHM,2210L,CHM 2210L,Organic Chemistry I Laboratory,[REDACTED],F | 1:00 PM - 3:50 PM | 50-Science &amp; Engineering Room 3602,Main Campus-UNF,Standard,FULL - WAITLIST AVAILABLE,0,18,18,18
82424,CHM,2210L,CHM 2210L,Organic Chemistry I Laboratory,[REDACTED],T | 6:00 PM - 8:50 PM | 50-Science &amp; Engineering Room 3602,Main Campus-UNF,Standard,FULL - WAITLIST AVAILABLE,0,18,18,18
82728,CHM,2210L,CHM 2210L,Organic Chemistry I Laboratory,[REDACTED],F | 9:00 AM - 11:50 AM | 50-Science &amp; Engineering Room 3602,Main Campus-UNF,Standard,FULL - WAITLIST AVAILABLE,0,18,18,18
82746,CHM,2210L,CHM 2210L,Organic Chemistry I Laboratory,[REDACTED],T | 9:00 AM - 11:50 AM | 50-Science &amp; Engineering Room 3602,Main Campus-UNF,Standard,OPEN,1,17,18,18
82838,CHM,2210L,CHM 2210L,Organic Chemistry I Laboratory,[REDACTED],T | 1:00 PM - 3:50 PM | 50-Science &amp; Engineering Room 3602,Main Campus-UNF,Standard,FULL - WAITLIST AVAILABLE,0,18,18,18
82841,CHM,2210L,CHM 2210L,Organic Chemistry I Laboratory,[REDACTED],W | 1:00 PM - 3:50 PM | 50-Science &amp; Engineering Room 3602,Main Campus-UNF,Standard,OPEN,1,17,18,18
83619,CHM,2210L,CHM 2210L,Organic Chemistry I Laboratory,[REDACTED],R | 9:00 AM - 11:50 AM | 50-Science &amp; Engineering Room 3602,Main Campus-UNF,Standard,OPEN,2,16,18,18
84057,CHM,2210L,CHM 2210L,Organic Chemistry I Laboratory,[REDACTED],W | 9:00 AM - 11:50 AM | 50-Science &amp; Engineering Room 3602,Main Campus-UNF,Standard,FULL - WAITLIST AVAILABLE,0,18,18,18
84721,CHM,2210L,CHM 2210L,Organic Chemistry I Laboratory,[REDACTED],W | 6:00 PM - 8:50 PM | 50-Science &amp; Engineering Room 3602,Main Campus-UNF,Standard,FULL - WAITLIST AVAILABLE,0,18,18,18
85212,CHM,2210L,CHM 2210L,Organic Chemistry I Laboratory,[REDACTED],M | 9:00 AM - 11:50 AM | 50-Science &amp; Engineering Room 3602,Main Campus-UNF,Standard,FULL - WAITLIST AVAILABLE,0,18,18,18
82005,CHM,2211,CHM 2211,Organic Chemistry II,[REDACTED],MW | 3:00 PM - 4:15 PM | 50-Science &amp; Engineering Room 1202,Main Campus-UNF,Standard,OPEN,19,61,80,80
83156,CHM,2211,CHM 2211,Organic Chemistry II,[REDACTED],TR | 1:40 PM - 2:55 PM | 50-Science &amp; Engineering Room 1202,Main Campus-UNF,Standard,OPEN,32,48,80,80
85213,CHM,2211,CHM 2211,Organic Chemistry II,[REDACTED],TR | 10:50 AM - 12:05 PM | 4-Skinner-Jones Hall Room 1704,Main Campus-UNF,Standard,OPEN,36,44,80,80
82070,CHM,2211L,CHM 2211L,Organic Chemistry II Laboratory,[REDACTED],T | 9:00 AM - 11:50 AM | 50-Science &amp; Engineering Room 3608,Main Campus-UNF,Standard,OPEN,1,17,18,18
82277,CHM,2211L,CHM 2211L,Organic Chemistry II Laboratory,[REDACTED],T | 1:00 PM - 3:50 PM | 50-Science &amp; Engineering Room 3608,Main Campus-UNF,Standard,OPEN,4,14,18,18
82561,CHM,2211L,CHM 2211L,Organic Chemistry II Laboratory,[REDACTED],M | 1:00 PM - 3:50 PM | 50-Science &amp; Engineering Room 3608,Main Campus-UNF,Standard,OPEN,6,12,18,18
82784,CHM,2211L,CHM 2211L,Organic Chemistry II Laboratory,[REDACTED],W | 1:00 PM - 3:50 PM | 50-Science &amp; Engineering Room 3608,Main Campus-UNF,Standard,OPEN,8,10,18,18
82839,CHM,2211L,CHM 2211L,Organic Chemistry II Laboratory,[REDACTED],R | 1:00 PM - 3:50 PM | 50-Science &amp; Engineering Room 3608,Main Campus-UNF,Standard,OPEN,2,16,18,18
82840,CHM,2211L,CHM 2211L,Organic Chemistry II Laboratory,[REDACTED],M | 6:00 PM - 8:50 PM | 50-Science &amp; Engineering Room 3608,Main Campus-UNF,Standard,FULL - WAITLIST AVAILABLE,0,18,18,18
83002,CHM,2211L,CHM 2211L,Organic Chemistry II Laboratory,[REDACTED],R | 9:00 AM - 11:50 AM | 50-Science &amp; Engineering Room 3608,Main Campus-UNF,Standard,OPEN,1,17,18,18
83392,CHM,2211L,CHM 2211L,Organic Chemistry II Laboratory,[REDACTED],F | 9:00 AM - 11:50 AM | 50-Science &amp; Engineering Room 3608,Main Campus-UNF,Standard,OPEN,4,14,18,18
82593,CHM,3120,CHM 3120,Quantitative Analytical Chemistry,[REDACTED],MWF | 11:00 AM - 11:50 AM | 59-Biological Sciences Room 2703,Main Campus-UNF,Standard,OPEN,1,39,40,40
82594,CHM,3120L,CHM 3120L,Quantitative Analytical Chemistry Laboratory,[REDACTED],R | 9:00 AM - 11:50 AM | 50-Science &amp; Engineering Room 3628,Main Campus-UNF,Standard,FULL - WAITLIST AVAILABLE,0,18,18,18
82595,CHM,3120L,CHM 3120L,Quantitative Analytical Chemistry Laboratory,[REDACTED],W | 1:00 PM - 3:50 PM | 50-Science &amp; Engineering Room 3628,Main Campus-UNF,Standard,OPEN,4,14,18,18
82315,CHM,3610,CHM 3610,Inorganic Chemistry,[REDACTED],MW | 3:00 PM - 4:15 PM | 15-John E. Mathews Room 1204,Main Campus-UNF,Standard,FULL - WAITLIST AVAILABLE,0,24,24,24
82303,CHM,3610L,CHM 3610L,Inorganic Chemistry Laboratory,[REDACTED],F | 9:00 AM - 11:50 AM | 50-Science &amp; Engineering Room 3104,Main Campus-UNF,Standard,FULL - WAITLIST AVAILABLE,0,12,12,12
82596,CHM,4130,CHM 4130,Modern Analytical Chemistry,[REDACTED],TR | 1:40 PM - 2:55 PM | 57-Petway Hall Room 2010,Main Campus-UNF,Standard,OPEN,1,39,40,40
82597,CHM,4130L,CHM 4130L,Modern Analytical Chemistry Laboratory,[REDACTED],R | 9:00 AM - 11:50 AM | 50-Science &amp; Engineering Room 3516,Main Campus-UNF,Standard,FULL - WAITLIST AVAILABLE,-1,13,12,12
82785,CHM,4130L,CHM 4130L,Modern Analytical Chemistry Laboratory,[REDACTED],F | 1:00 PM - 3:50 PM | 50-Science &amp; Engineering Room 3516,Main Campus-UNF,Standard,FULL - WAITLIST AVAILABLE,-1,13,12,12
82598,CHM,4410,CHM 4410,Physical Chemistry I,[REDACTED],TR | 12:15 PM - 1:30 PM | 4-Skinner-Jones Hall Room 1702,Main Campus-UNF,Standard,OPEN,9,21,30,30
82599,CHM,4410L,CHM 4410L,Physical Chemistry I Laboratory,[REDACTED],M | 9:00 AM - 11:50 AM | 50-Science &amp; Engineering Room 3532,Main Campus-UNF,Standard,FULL - WAITLIST AVAILABLE,0,12,12,12
82600,CHM,4410L,CHM 4410L,Physical Chemistry I Laboratory,[REDACTED],W | 9:00 AM - 11:50 AM | 50-Science &amp; Engineering Room 3532,Main Campus-UNF,Standard,OPEN,2,10,12,12
83116,CHM,4910,CHM 4910,Chemical Research,[REDACTED],TBA,Main Campus-UNF,Independent,OPEN,8,2,10,10
83119,CHM,4910,CHM 4910,Chemical Research,[REDACTED],TBA,Main Campus-UNF,Independent,OPEN,4,1,5,5
83123,CHM,4910,CHM 4910,Chemical Research,[REDACTED],TBA,Main Campus-UNF,Independent,OPEN,3,7,10,1
83427,CHM,4910,CHM 4910,Chemical Research,[REDACTED],TBA,Main Campus-UNF,Independent,OPEN,2,3,5,1
83434,CHM,4910,CHM 4910,Chemical Research,[REDACTED],TBA,Main Campus-UNF,Independent,OPEN,2,3,5,1
84134,CHM,4910,CHM 4910,Chemical Research,[REDACTED],TBA,Main Campus-UNF,Independent,OPEN,1,1,2,2
84892,CHM,4910,CHM 4910,Chemical Research,[REDACTED],TBA,Main Campus-UNF,Independent,OPEN,2,3,5,0
85008,CHM,4910,CHM 4910,Chemical Research,[REDACTED],TBA,Main Campus-UNF,Independent,OPEN,4,6,10,1
85061,CHM,4910,CHM 4910,Chemical Research,[REDACTED],TBA,Main Campus-UNF,Independent,FULL,0,5,5,0
85112,CHM,4910,CHM 4910,Chemical Research,[REDACTED],TBA,Main Campus-UNF,Independent,OPEN,4,1,5,0
86450,CHM,4910,CHM 4910,Chemical Research,[REDACTED],TBA,Main Campus-UNF,Independent,OPEN,2,3,5,0
86451,CHM,4910,CHM 4910,Chemical Research,[REDACTED],TBA,Main Campus-UNF,Independent,OPEN,4,1,5,0
83077,CHM,4911,CHM 4911,Chemical Research Experience,[REDACTED],TBA,Main Campus-UNF,Independent,OPEN,4,1,5,5
83125,CHM,4911,CHM 4911,Chemical Research Experience,[REDACTED],TBA,Main Campus-UNF,Independent,FULL - WAITLIST AVAILABLE,0,1,1,1
83431,CHM,4911,CHM 4911,Chemical Research Experience,[REDACTED],TBA,Main Campus-UNF,Independent,OPEN,4,1,5,1
83620,CHM,4911,CHM 4911,Chemical Research Experience,[REDACTED],TBA,Main Campus-UNF,Independent,OPEN,2,2,4,2
84127,CHM,4911,CHM 4911,Chemical Research Experience,[REDACTED],TBA,Main Campus-UNF,Independent,OPEN,6,4,10,10
85109,CHM,4911,CHM 4911,Chemical Research Experience,[REDACTED],TBA,Main Campus-UNF,Independent,OPEN,5,0,5,0
85221,CHM,4930,CHM 4930,ST: Nuclear Chemistry,[REDACTED],MW | 4:30 PM - 5:45 PM | 4-Skinner-Jones Hall Room 1701,Main Campus-UNF,Standard,OPEN,5,19,24,18
83020,CHM,4931,CHM 4931,Senior Seminar in Chemistry,[REDACTED],M | 12:00 PM - 12:50 PM | 2-Founders Hall Room 2222,Main Campus-UNF,Standard,OPEN,2,16,18,18
82706,CIS,3253,CIS 3253,Legal and Ethical Issues in Computing,[REDACTED],Online,Distance Learning,Online (DL),OPEN,23,77,100,20
82892,CIS,3526,CIS 3526,IT Project Management,[REDACTED],Online,Distance Learning,Online (DL),OPEN,5,95,100,50
82712,CIS,3949,CIS 3949,Experiential Studies in Computing,[REDACTED],Off Main Campus Room OFF-MC,Off-Campus: Internships,Independent,OPEN,37,3,40,40
85605,CIS,4100,CIS 4100,System Performance and Evaluation,[REDACTED],TR | 3:05 PM - 4:20 PM | 15-John E. Mathews Room 3124,Main Campus-UNF,Standard,OPEN,15,15,30,20
82707,CIS,4327,CIS 4327,Information Systems Senior Project I,[REDACTED],TR | 4:30 PM - 5:45 PM | 15-John E. Mathews Room 3130,Main Campus-UNF,Standard,OPEN,4,36,40,20
82936,CIS,4364,CIS 4364,Intrusion Detection,[REDACTED],TR | 10:50 AM - 12:05 PM | 4-Skinner-Jones Hall Room 1703,Main Campus-UNF,Standard,FULL - WAITLIST AVAILABLE,-2,37,35,50
83278,CIS,4364,CIS 4364,Intrusion Detection,[REDACTED],TR | 9:25 AM - 10:40 AM | 15-John E. Mathews Room 1205,Main Campus-UNF,Standard,FULL - WAITLIST AVAILABLE,-1,41,40,50
83277,CIS,4365,CIS 4365,Computer Security Policies and Disaster Preparedness,[REDACTED],TR | 3:05 PM - 4:20 PM | 15-John E. Mathews Room 1205,Main Campus-UNF,Standard,FULL - WAITLIST AVAILABLE,0,40,40,100
86122,CIS,4365,CIS 4365,Computer Security Policies and Disaster Preparedness,[REDACTED],TR | 3:05 PM - 4:20 PM | 51-Social Sciences Room 1101,Main Campus-UNF,Standard,OPEN,11,29,40,40
82937,CIS,4366,CIS 4366,Computer Forensics,[REDACTED],TR | 10:50 AM - 12:05 PM | 15-John E. Mathews Room 2202,Main Campus-UNF,Standard,FULL - WAITLIST AVAILABLE,0,30,30,50
83114,CIS,4366,CIS 4366,Computer Forensics,[REDACTED],MW | 12:00 PM - 1:15 PM | 15-John E. Mathews Room 2202,Main Campus-UNF,Standard,FULL - WAITLIST AVAILABLE,0,30,30,50
83224,CIS,4366,CIS 4366,Computer Forensics,[REDACTED],MW | 6:00 PM - 7:15 PM | 15-John E. Mathews Room 2202,Main Campus-UNF,Standard,OPEN,10,20,30,50
85000,CIS,4900,CIS 4900,Directed Independent Study,[REDACTED],TBA,Main Campus-UNF,Independent,OPEN,9,1,10,5
86105,CIS,4900,CIS 4900,Directed Independent Study,[REDACTED],TBA,Main Campus-UNF,Independent,OPEN,9,1,10,5
86402,CIS,4900,CIS 4900,Directed Independent Study,[REDACTED],TBA,Main Campus-UNF,Independent,OPEN,9,1,10,5
84097,CIS,4930,CIS 4930,ST: Programming for FinTech,[REDACTED],MW | 4:30 PM - 5:45 PM | 15-John E. Mathews Room 1205,Main Campus-UNF,Standard,OPEN,21,19,40,20
85699,CIS,4930,CIS 4930,ST: Virtual Reality,[REDACTED],TR | 3:05 PM - 4:20 PM | 15-John E. Mathews Room 3126,Main Campus-UNF,Standard,OPEN,23,7,30,10
84627,CIS,4955,CIS 4955,Computing Honors,[REDACTED],TBA,Main Campus-UNF,Independent,OPEN,27,13,40,10
84966,CIS,5930,CIS 5930,ST: Intrusion Detection,[REDACTED],TR | 10:50 AM - 12:05 PM | 4-Skinner-Jones Hall Room 1703,Main Campus-UNF,Standard,OPEN,6,9,15,10
85702,CIS,5930,CIS 5930,ST: Reinforcement Learning,[REDACTED],W | 6:00 PM - 8:45 PM | 15-John E. Mathews Room 1202,Main Campus-UNF,Standard,OPEN,21,9,30,10
86381,CIS,5949,CIS 5949,Experiential Studies in Computing,[REDACTED],Off Main Campus Room OFF-MC,Off-Campus: Internships,Independent,OPEN,4,1,5,5
84631,CIS,6900,CIS 6900,Directed Individual Study,[REDACTED],TBA,Main Campus-UNF,Independent,OPEN,9,1,10,5
86114,CIS,6900,CIS 6900,Directed Individual Study,[REDACTED],TBA,Main Campus-UNF,Independent,OPEN,8,2,10,5
86434,CIS,6900,CIS 6900,Directed Individual Study,[REDACTED],TBA,Main Campus-UNF,Independent,OPEN,8,2,10,5
82938,CIS,6913,CIS 6913,Research Methods in Computing,[REDACTED],M | 6:00 PM - 8:45 PM | 15-John E. Mathews Room 3130,Main Campus-UNF,Standard,OPEN,1,60,61,20
84897,CIS,6917,CIS 6917,Research Experiences I,[REDACTED],TBA,Main Campus-UNF,Independent,OPEN,4,6,10,5
86102,CIS,6917,CIS 6917,Research Experiences I,[REDACTED],TBA,Main Campus-UNF,Independent,OPEN,7,3,10,5
86331,CIS,6917,CIS 6917,Research Experiences I,[REDACTED],TBA,Main Campus-UNF,Independent,OPEN,7,3,10,5
86364,CIS,6917,CIS 6917,Research Experiences I,[REDACTED],TBA,Main Campus-UNF,Independent,OPEN,8,2,10,5
86365,CIS,6917,CIS 6917,Research Experiences I,[REDACTED],TBA,Main Campus-UNF,Independent,OPEN,8,2,10,5
86433,CIS,6917,CIS 6917,Research Experiences I,[REDACTED],TBA,Main Campus-UNF,Independent,OPEN,6,4,10,5
86504,CIS,6917,CIS 6917,Research Experiences I,[REDACTED],TBA,Main Campus-UNF,Independent,OPEN,9,1,10,5
85703,CIS,6918,CIS 6918,Research Experiences II,[REDACTED],TBA,Main Campus-UNF,Independent,OPEN,5,5,10,5
86077,CIS,6918,CIS 6918,Research Experiences II,[REDACTED],TBA,Main Campus-UNF,Independent,OPEN,8,2,10,5
86091,CIS,6918,CIS 6918,Research Experiences II,[REDACTED],TBA,Main Campus-UNF,Independent,OPEN,9,1,10,5
86092,CIS,6918,CIS 6918,Research Experiences II,[REDACTED],TBA,Main Campus-UNF,Independent,OPEN,8,2,10,5
86093,CIS,6918,CIS 6918,Research Experiences II,[REDACTED],TBA,Main Campus-UNF,Independent,OPEN,8,2,10,5
86118,CIS,6918,CIS 6918,Research Experiences II,[REDACTED],TBA,Main Campus-UNF,Independent,OPEN,8,2,10,5
86330,CIS,6918,CIS 6918,Research Experiences II,[REDACTED],TBA,Main Campus-UNF,Independent,OPEN,7,3,10,5
86334,CIS,6918,CIS 6918,Research Experiences II,[REDACTED],TBA,Main Campus-UNF,Independent,OPEN,8,2,10,5
86335,CIS,6918,CIS 6918,Research Experiences II,[REDACTED],TBA,Main Campus-UNF,Independent,OPEN,8,2,10,5
86463,CIS,6918,CIS 6918,Research Experiences II,[REDACTED],TBA,Main Campus-UNF,Independent,OPEN,8,2,10,5
85603,CIS,6930,CIS 6930,ST: Applied Deep Learning,[REDACTED],T | 4:30 PM - 7:15 PM | 42-Coggin College of Business Room 1116,Main Campus-UNF,Standard,OPEN,21,19,40,20
86329,CIS,6970,CIS 6970,Thesis,[REDACTED],TBA,Main Campus-UNF,Independent,OPEN,8,2,10,5
86382,CIS,6970,CIS 6970,Thesis,[REDACTED],TBA,Main Campus-UNF,Independent,FULL - WAITLIST AVAILABLE,0,1,1,5
86489,CIS,6970,CIS 6970,Thesis,[REDACTED],TBA,Main Campus-UNF,Independent,OPEN,9,1,10,5
86507,CIS,6970,CIS 6970,Thesis,[REDACTED],TBA,Main Campus-UNF,Independent,OPEN,10,0,10,5
86151,CIS,7980,CIS 7980,Dissertation Research,[REDACTED],TBA,Main Campus-UNF,Independent,OPEN,9,1,10,5
86333,CIS,7980,CIS 7980,Dissertation Research,[REDACTED],TBA,Main Campus-UNF,Independent,OPEN,8,2,10,5
86366,CIS,7980,CIS 7980,Dissertation Research,[REDACTED],TBA,Main Campus-UNF,Independent,OPEN,4,1,5,5
86435,CIS,7980,CIS 7980,Dissertation Research,[REDACTED],TBA,Main Campus-UNF,Independent,OPEN,4,1,5,5
85991,CJC,3410,CJC 3410,Methods of Offender Treatment,[REDACTED],Online,Distance Learning,Online (DL),OPEN,13,27,40,10
82342,CJC,4015,CJC 4015,Correctional Systems and Processes,[REDACTED],Online,Distance Learning,Online (DL),FULL - WAITLIST AVAILABLE,0,40,40,40
83701,CJC,4015,CJC 4015,Correctional Systems and Processes,[REDACTED],R | 6:00 PM - 8:45 PM | 2-Founders Hall Room 2212,Main Campus-UNF,Standard,OPEN,21,19,40,40
82343,CJE,3232,CJE 3232,Drugs and Crime,[REDACTED],Online,Distance Learning,Online (DL),OPEN,1,39,40,40
83700,CJE,3281,CJE 3281,Women and the Legal System,[REDACTED],Online,Distance Learning,Online (DL),FULL - WAITLIST AVAILABLE,-1,41,40,40
82085,CJE,4017,CJE 4017,Law Enforcement Systems and Processes,[REDACTED],Online,Distance Learning,Online (DL),OPEN,1,39,40,40
83699,CJE,4017,CJE 4017,Law Enforcement Systems and Processes,[REDACTED],T | 6:00 PM - 8:45 PM | 2-Founders Hall Room 2212,Main Campus-UNF,Standard,OPEN,21,19,40,40
82286,CJJ,3010,CJJ 3010,Juvenile Delinquency and Juvenile Justice,[REDACTED],MW | 12:00 PM - 1:15 PM | 2-Founders Hall Room 1017,Main Campus-UNF,Standard,FULL - WAITLIST AVAILABLE,0,40,40,40
82409,CJJ,3010,CJJ 3010,Juvenile Delinquency and Juvenile Justice,[REDACTED],TR | 10:50 AM - 12:05 PM | 2-Founders Hall Room 1017,Main Campus-UNF,Standard,FULL - WAITLIST AVAILABLE,0,40,40,40
82786,CJJ,3010,CJJ 3010,Juvenile Delinquency and Juvenile Justice,[REDACTED],Online,Distance Learning,Online (DL),OPEN,3,37,40,40
82173,CJL,4310,CJL 4310,Criminal Law and Procedures I,[REDACTED],Online,Distance Learning,Online (DL),FULL - WAITLIST AVAILABLE,0,40,40,40
82174,CJL,4310,CJL 4310,Criminal Law and Procedures I,[REDACTED],Online,Distance Learning,Online (DL),FULL - WAITLIST AVAILABLE,0,40,40,40
82086,CJL,4510,CJL 4510,Court Systems and Processes,[REDACTED],M | 4:30 PM - 5:45 PM | 42-Coggin College of Business Room 1101; Online,Hybrid - On Campus/Online,Hybrid,OPEN,18,22,40,40
82304,CJL,4510,CJL 4510,Court Systems and Processes,[REDACTED],Online,Distance Learning,Online (DL),FULL - WAITLIST AVAILABLE,0,40,40,40
82585,CLP,2180,CLP 2180,Stress Management,[REDACTED],MW | 3:00 PM - 4:15 PM | 39A-J. Brooks Brown Hall Addit Room 1028,Main Campus-UNF,Standard,FULL - WAITLIST AVAILABLE,0,50,50,50
82637,CLP,2180,CLP 2180,Stress Management,[REDACTED],W | 11:00 AM - 11:50 AM | 51-Social Sciences Room 1205; Online,Hybrid - On Campus/Online,Hybrid,OPEN,3,47,50,50
82777,CLP,2180,CLP 2180,Stress Management,[REDACTED],Online,Distance Learning,Online (DL),OPEN,1,49,50,50
84851,CLP,2180,CLP 2180,Stress Management,[REDACTED],Online,Distance Learning,Online (DL),OPEN,2,48,50,50
85677,CLP,2180,CLP 2180,Stress Management,[REDACTED],Online,Distance Learning,Online (DL),OPEN,24,26,50,50
82291,CLP,4134,CLP 4134,Childhood Psychopathology,[REDACTED],TR | 10:50 AM - 12:05 PM | 2-Founders Hall Room 2216,Main Campus-UNF,Standard,OPEN,13,27,40,40
83092,CLP,4134,CLP 4134,Childhood Psychopathology,[REDACTED],TR | 1:40 PM - 2:55 PM | 2-Founders Hall Room 1017,Main Campus-UNF,Standard,OPEN,3,37,40,40
82211,CLP,4143,CLP 4143,Psychology of Abnormal Behavior,[REDACTED],Online,Distance Learning,Online (DL),FULL - WAITLIST AVAILABLE,0,40,40,40
82356,CLP,4143,CLP 4143,Psychology of Abnormal Behavior,[REDACTED],TR | 9:25 AM - 10:40 AM | 2-Founders Hall Room 1018,Main Campus-UNF,Standard,FULL - WAITLIST AVAILABLE,-1,51,50,50
82386,CLP,4143,CLP 4143,Psychology of Abnormal Behavior,[REDACTED],M | 10:00 AM - 10:50 AM | 2-Founders Hall Room 2010; Online,Hybrid - On Campus/Online,Hybrid,OPEN,1,49,50,50
82755,CLP,4143,CLP 4143,Psychology of Abnormal Behavior,[REDACTED],W | 10:00 AM - 10:50 AM | 2-Founders Hall Room 2010; Online,Hybrid - On Campus/Online,Hybrid,OPEN,1,49,50,50
83004,CLP,4143,CLP 4143,Psychology of Abnormal Behavior,[REDACTED],F | 10:00 AM - 10:50 AM | 2-Founders Hall Room 2010; Online,Hybrid - On Campus/Online,Hybrid,OPEN,13,37,50,50
82615,CLP,4313,CLP 4313,Health Psychology,[REDACTED],Online,Distance Learning,Online (DL),FULL - WAITLIST AVAILABLE,0,40,40,40
82616,CLP,4313,CLP 4313,Health Psychology,[REDACTED],Online,Distance Learning,Online (DL),OPEN,1,39,40,40
82617,CLP,4313,CLP 4313,Health Psychology,[REDACTED],Online,Distance Learning,Online (DL),OPEN,2,38,40,40
82709,CNT,4504,CNT 4504,Computer Networks,[REDACTED],TR | 4:30 PM - 5:45 PM | 4-Skinner-Jones Hall Room 1706,Main Campus-UNF,Standard,OPEN,1,54,55,20
82833,CNT,4504,CNT 4504,Computer Networks,[REDACTED],MW | 3:00 PM - 4:15 PM | 57-Petway Hall Room 2010,Main Campus-UNF,Standard,OPEN,2,38,40,10
85644,CNT,5505,CNT 5505,Computer Networks and Distributed Processing,[REDACTED],R | 6:00 PM - 8:45 PM | 15-John E. Mathews Room 3124,Main Campus-UNF,Standard,OPEN,13,17,30,10
82689,COM,3003,COM 3003,Principles of Communication Studies,[REDACTED],Online,Distance Learning,Online (DL),OPEN,6,44,50,20
83305,COM,3042,COM 3042,Communication in Relationships,[REDACTED],R | 3:05 PM - 4:20 PM | 14D-Andrew A. Robinson Center Room 1016; Online,Hybrid - On Campus/Online,Hybrid,FULL - WAITLIST AVAILABLE,0,21,21,20
82446,COM,3120,COM 3120,Organizational Communication,[REDACTED],Online,Distance Learning,Online (DL),FULL - WAITLIST AVAILABLE,0,30,30,20
83465,COM,3332,COM 3332,Mediated Communication,[REDACTED],TR | 9:25 AM - 10:40 AM | 51-Social Sciences Room 1101,Main Campus-UNF,Standard,OPEN,3,27,30,20
82583,COM,3752,COM 3752,Listening,[REDACTED],Online,Distance Learning,Online (DL),FULL - WAITLIST AVAILABLE,0,30,30,20
83706,COM,3940,COM 3940,Pre-internship in Communication Studies,[REDACTED],Online,Distance Learning,Online (DL),OPEN,1,9,10,5
83466,COM,4044,COM 4044,Lying and Deception,[REDACTED],Online,Distance Learning,Online (DL),FULL - WAITLIST AVAILABLE,0,20,20,10
84229,COM,4044,COM 4044,Lying and Deception,[REDACTED],Online,Distance Learning,Online (DL),FULL - WAITLIST AVAILABLE,0,10,10,10
84220,COM,4301,COM 4301,Communication Theory and Research Methods,[REDACTED],Online,Distance Learning,Online (DL),FULL - WAITLIST AVAILABLE,0,10,10,10
85199,COM,4373,COM 4373,Consequences of Cyberculture,[REDACTED],Online,Distance Learning,Online (DL),FULL - WAITLIST AVAILABLE,0,30,30,20
84221,COM,4430,COM 4430,Global Communication in the Age of AI,[REDACTED],M | 6:00 PM - 8:45 PM | 14D-Andrew A. Robinson Center Room 1015,Main Campus-UNF,Standard,OPEN,4,16,20,10
83467,COM,4561,COM 4561,Strategic Social Media,[REDACTED],Online,Distance Learning,Online (DL),FULL - WAITLIST AVAILABLE,-1,21,20,20
84223,COM,4561,COM 4561,Strategic Social Media,[REDACTED],M | 1:30 PM - 2:45 PM | 14D-Andrew A. Robinson Center Room 1013; Online,Hybrid - On Campus/Online,Hybrid,FULL - WAITLIST AVAILABLE,0,20,20,20
83711,COM,4945,COM 4945,Internship Senior Project,[REDACTED],Off Main Campus Room OFF-MC,Off-Campus: Internships,Independent,OPEN,1,9,10,5
83712,COM,5126,COM 5126,Organizational Communication,[REDACTED],W | 6:00 PM - 8:45 PM | 14D-Andrew A. Robinson Center Room 1016,Main Campus-UNF,Standard,OPEN,7,13,20,20
83717,COM,5627,COM 5627,Lying and Deception,[REDACTED],Online,Distance Learning,Online (DL),OPEN,4,6,10,10
82197,COP,2220,COP 2220,Programming I,[REDACTED],MW | 12:00 PM - 1:15 PM | 15-John E. Mathews Room 1303; M | 1:30 PM - 3:30 PM | 15-John E. Mathews Room 2203,Main Campus-UNF,Standard,FULL - WAITLIST AVAILABLE,0,32,32,5
82198,COP,2220,COP 2220,Programming I,[REDACTED],MW | 12:00 PM - 1:15 PM | 15-John E. Mathews Room 1303; M | 3:45 PM - 5:45 PM | 15-John E. Mathews Room 2203,Main Campus-UNF,Standard,OPEN,2,30,32,5
82578,COP,2220,COP 2220,Programming I,[REDACTED],MW | 12:00 PM - 1:15 PM | 15-John E. Mathews Room 1303; M | 6:00 PM - 8:00 PM | 15-John E. Mathews Room 2203,Main Campus-UNF,Standard,OPEN,8,24,32,5
82580,COP,2220,COP 2220,Programming I,[REDACTED],MW | 12:00 PM - 1:15 PM | 15-John E. Mathews Room 1303; W | 1:30 PM - 3:30 PM | 15-John E. Mathews Room 2203,Main Campus-UNF,Standard,OPEN,1,31,32,5
82656,COP,2220,COP 2220,Programming I,[REDACTED],MW | 12:00 PM - 1:15 PM | 15-John E. Mathews Room 1303; W | 3:45 PM - 5:45 PM | 15-John E. Mathews Room 2203,Main Campus-UNF,Standard,OPEN,3,29,32,5
82808,COP,2220,COP 2220,Programming I,[REDACTED],TR | 9:25 AM - 10:40 AM | 15-John E. Mathews Room 1303; T | 12:00 PM - 2:00 PM | 15-John E. Mathews Room 2203,Main Campus-UNF,Standard,OPEN,2,30,32,5
82809,COP,2220,COP 2220,Programming I,[REDACTED],TR | 9:25 AM - 10:40 AM | 15-John E. Mathews Room 1303; T | 2:15 PM - 4:15 PM | 15-John E. Mathews Room 2203,Main Campus-UNF,Standard,OPEN,5,27,32,5
82810,COP,2220,COP 2220,Programming I,[REDACTED],TR | 9:25 AM - 10:40 AM | 15-John E. Mathews Room 1303; T | 4:30 PM - 6:30 PM | 15-John E. Mathews Room 2203,Main Campus-UNF,Standard,OPEN,25,7,32,5
82811,COP,2220,COP 2220,Programming I,[REDACTED],TR | 9:25 AM - 10:40 AM | 15-John E. Mathews Room 1303; R | 12:00 PM - 2:00 PM | 15-John E. Mathews Room 2203,Main Campus-UNF,Standard,FULL - WAITLIST AVAILABLE,0,32,32,5
82939,COP,2220,COP 2220,Programming I,[REDACTED],TR | 9:25 AM - 10:40 AM | 15-John E. Mathews Room 1303; R | 2:15 PM - 4:15 PM | 15-John E. Mathews Room 2203,Main Campus-UNF,Standard,OPEN,19,13,32,5
83045,COP,3404,COP 3404,Systems Programming,[REDACTED],TR | 10:50 AM - 12:05 PM | 15-John E. Mathews Room 1303,Main Campus-UNF,Standard,FULL - WAITLIST AVAILABLE,-2,52,50,10
83113,COP,3404,COP 3404,Systems Programming,[REDACTED],TR | 1:40 PM - 2:55 PM | 15-John E. Mathews Room 1203,Main Campus-UNF,Standard,FULL - WAITLIST AVAILABLE,0,42,42,10
82710,COP,3503,COP 3503,Programming II,[REDACTED],TR | 10:50 AM - 12:05 PM | 15-John E. Mathews Room 3130; T | 3:05 PM - 4:20 PM | 15-John E. Mathews Room 3130,Main Campus-UNF,Standard,FULL - WAITLIST AVAILABLE,0,30,30,10
83068,COP,3503,COP 3503,Programming II,[REDACTED],TR | 10:50 AM - 12:05 PM | 15-John E. Mathews Room 3130; R | 3:05 PM - 4:20 PM | 15-John E. Mathews Room 3130,Main Campus-UNF,Standard,FULL - WAITLIST AVAILABLE,0,30,30,10
83069,COP,3503,COP 3503,Programming II,[REDACTED],MW | 12:00 PM - 1:15 PM | 15-John E. Mathews Room 3130; M | 1:30 PM - 2:45 PM | 15-John E. Mathews Room 3130,Main Campus-UNF,Standard,FULL - WAITLIST AVAILABLE,-1,31,30,10
83070,COP,3503,COP 3503,Programming II,[REDACTED],MW | 12:00 PM - 1:15 PM | 15-John E. Mathews Room 3130; W | 1:30 PM - 2:45 PM | 15-John E. Mathews Room 3130,Main Campus-UNF,Standard,FULL - WAITLIST AVAILABLE,0,30,30,10
83046,COP,3530,COP 3530,Data Structures,[REDACTED],MW | 3:00 PM - 4:15 PM | 15-John E. Mathews Room 1303,Main Campus-UNF,Standard,FULL - WAITLIST AVAILABLE,0,45,45,50
83047,COP,3530,COP 3530,Data Structures,[REDACTED],MW | 4:30 PM - 5:45 PM | 15-John E. Mathews Room 1203,Main Campus-UNF,Standard,OPEN,5,37,42,50
83171,COP,3530,COP 3530,Data Structures,[REDACTED],TR | 3:05 PM - 4:20 PM | 15-John E. Mathews Room 1203,Main Campus-UNF,Standard,FULL - WAITLIST AVAILABLE,0,42,42,50
83048,COP,3703,COP 3703,Introduction to Databases,[REDACTED],TR | 1:40 PM - 2:55 PM | 15-John E. Mathews Room 3130,Main Campus-UNF,Standard,OPEN,1,39,40,20
83050,COP,3703,COP 3703,Introduction to Databases,[REDACTED],TR | 12:15 PM - 1:30 PM | 15-John E. Mathews Room 3130,Main Campus-UNF,Standard,OPEN,3,37,40,20
83051,COP,3703,COP 3703,Introduction to Databases,[REDACTED],TR | 10:50 AM - 12:05 PM | 15-John E. Mathews Room 1104,Main Campus-UNF,Standard,OPEN,22,18,40,10
83560,COP,3813,COP 3813,Internet Programming,[REDACTED],Online,Distance Learning,Online (DL),FULL - WAITLIST AVAILABLE,0,50,50,100
86133,COP,3813,COP 3813,Internet Programming,[REDACTED],Online,Distance Learning,Online (DL),OPEN,7,33,40,40
85661,COP,4610,COP 4610,Operating Systems,[REDACTED],W | 6:00 PM - 8:45 PM | 4-Skinner-Jones Hall Room 1705,Main Campus-UNF,Standard,OPEN,26,14,40,40
82711,COP,4640,COP 4640,Operating Systems Environments,[REDACTED],MW | 4:30 PM - 5:45 PM | 4-Skinner-Jones Hall Room 1704,Main Campus-UNF,Standard,OPEN,1,74,75,40
86123,COP,4640,COP 4640,Operating Systems Environments,[REDACTED],MW | 4:30 PM - 5:45 PM | 2-Founders Hall Room 2216,Main Campus-UNF,Standard,OPEN,30,10,40,40
85662,COP,5615,COP 5615,Operating Systems,[REDACTED],W | 6:00 PM - 8:45 PM | 4-Skinner-Jones Hall Room 1705,Main Campus-UNF,Standard,OPEN,16,4,20,10
83511,COP,6284,COP 6284,Programming for Data Science,[REDACTED],W | 6:00 PM - 8:45 PM | 50-Science &amp; Engineering Room 1102,Main Campus-UNF,Standard,OPEN,27,23,50,20
82731,COT,3100,COT 3100,Computational Structures,[REDACTED],TR | 10:50 AM - 12:05 PM | 4-Skinner-Jones Hall Room 1705,Main Campus-UNF,Standard,FULL - WAITLIST AVAILABLE,0,42,42,20
82813,COT,3100,COT 3100,Computational Structures,[REDACTED],TR | 1:40 PM - 2:55 PM | 2-Founders Hall Room 2218,Main Campus-UNF,Standard,FULL - WAITLIST AVAILABLE,0,42,42,20
82834,COT,3100,COT 3100,Computational Structures,[REDACTED],TR | 9:25 AM - 10:40 AM | 4-Skinner-Jones Hall Room 1703,Main Campus-UNF,Standard,OPEN,14,28,42,20
82935,COT,3100,COT 3100,Computational Structures,[REDACTED],TR | 4:30 PM - 5:45 PM | 4-Skinner-Jones Hall Room 1703,Main Campus-UNF,Standard,OPEN,1,41,42,20
83260,COT,3210,COT 3210,Theory of Computation,[REDACTED],MW | 6:00 PM - 7:15 PM | 4-Skinner-Jones Hall Room 1706,Main Campus-UNF,Standard,OPEN,9,46,55,20
83261,COT,3210,COT 3210,Theory of Computation,[REDACTED],TR | 6:00 PM - 7:15 PM | 4-Skinner-Jones Hall Room 1706,Main Campus-UNF,Standard,OPEN,24,31,55,20
82893,COT,4400,COT 4400,Algorithms,[REDACTED],MW | 12:00 PM - 1:15 PM | 4-Skinner-Jones Hall Room 1704,Main Campus-UNF,Standard,FULL - WAITLIST AVAILABLE,-4,59,55,20
83279,COT,4400,COT 4400,Algorithms,[REDACTED],TR | 1:40 PM - 2:55 PM | 15-John E. Mathews Room 1303,Main Campus-UNF,Standard,OPEN,1,54,55,20
86128,COT,4400,COT 4400,Algorithms,[REDACTED],TR | 1:40 PM - 2:55 PM | 15-John E. Mathews Room 3124,Main Campus-UNF,Standard,OPEN,19,11,30,30
85969,COT,4560,COT 4560,Applied Graph Theory,[REDACTED],TR | 10:50 AM - 12:05 PM | Online,Distance Learning,Live Online,OPEN,10,10,20,20
85722,COT,6405,COT 6405,Design and Analysis of Algorithms,[REDACTED],MW | 3:00 PM - 4:15 PM | 42-Coggin College of Business Room 1102,Main Campus-UNF,Standard,OPEN,22,18,40,10
82454,CPO,2002,CPO 2002,Introduction to Comparative Politics,[REDACTED],MW | 4:30 PM - 5:45 PM | 51-Social Sciences Room 1205,Main Campus-UNF,Standard,OPEN,3,57,60,60
84408,CPO,3402,CPO 3402,Politics of Pakistan and Afghanistan,[REDACTED],Online,Distance Learning,Online (DL),OPEN,21,29,50,50
82620,CPO,3643,CPO 3643,Politics and Society In Russia,[REDACTED],Online,Distance Learning,Online (DL),FULL - WAITLIST AVAILABLE,-3,53,50,50
85240,CPO,5535,CPO 5535,Politics of South Asia,[REDACTED],W | 6:00 PM - 8:45 PM | Online,Distance Learning,Live Online,OPEN,19,6,25,30
82371,CRW,2000,CRW 2000,(GW) Introduction to Creative Writing,[REDACTED],Online,Distance Learning,Online (DL),FULL - WAITLIST AVAILABLE,0,20,20,10
82683,CRW,2000,CRW 2000,(GW) Introduction to Creative Writing,[REDACTED],Online,Distance Learning,Online (DL),FULL - WAITLIST AVAILABLE,0,20,20,10
83107,CRW,2000,CRW 2000,(GW) Introduction to Creative Writing,[REDACTED],TR | 1:40 PM - 2:55 PM | 4-Skinner-Jones Hall Room 1701,Main Campus-UNF,Standard,OPEN,1,19,20,10
83108,CRW,2000,CRW 2000,(GW) Introduction to Creative Writing,[REDACTED],MWF | 11:00 AM - 11:50 AM | 2-Founders Hall Room 2222,Main Campus-UNF,Standard,FULL - WAITLIST AVAILABLE,0,20,20,10
84470,CRW,2300,CRW 2300,(GW) Introduction to Poetry Writing,[REDACTED],MW | 12:00 PM - 1:15 PM | 57-Petway Hall Room 2080,Main Campus-UNF,Standard,OPEN,1,19,20,10
83525,CRW,2600,CRW 2600,(GW) Introduction to Screenwriting,[REDACTED],Online,Distance Learning,Online (DL),OPEN,1,19,20,10
82452,CRW,3110,CRW 3110,Fiction Workshop,[REDACTED],W | 6:00 PM - 8:45 PM | 9-Fred Schultz Hall Room 1411,Main Campus-UNF,Standard,FULL - WAITLIST AVAILABLE,0,20,20,10
83786,CRW,3110,CRW 3110,Fiction Workshop,[REDACTED],TR | 1:40 PM - 2:55 PM | 2-Founders Hall Room 2221,Main Campus-UNF,Standard,FULL - WAITLIST AVAILABLE,0,20,20,10
85285,CRW,3211,CRW 3211,Creative Nonfiction Workshop,[REDACTED],TR | 10:50 AM - 12:05 PM | 51-Social Sciences Room 1103,Main Campus-UNF,Standard,FULL - WAITLIST AVAILABLE,-1,21,20,10
84330,CRW,3610,CRW 3610,Screenwriting Workshop,[REDACTED],Online,Distance Learning,Online (DL),FULL - WAITLIST AVAILABLE,0,10,10,10
85287,CRW,3610,CRW 3610,Screenwriting Workshop,[REDACTED],Online,Distance Learning,Online (DL),FULL - WAITLIST AVAILABLE,0,10,10,10
83787,CRW,3930,CRW 3930,ST: Intro to Publishing,[REDACTED],MWF | 10:00 AM - 10:50 AM | 8-English Hall Room 2054,Main Campus-UNF,Standard,OPEN,4,16,20,20
86144,CRW,5935,CRW 5935,ST: Sem. in Creative Criticism,[REDACTED],MW | 4:30 PM - 5:45 PM | 9-Fred Schultz Hall Room 2302,Main Campus-UNF,Standard,OPEN,2,8,10,5
84471,CRW,6925,CRW 6925,Graduate Creative Writing Workshop,[REDACTED],T | 6:00 PM - 8:45 PM | 2-Founders Hall Room 2221,Main Campus-UNF,Standard,FULL - WAITLIST AVAILABLE,0,15,15,10
82512,CWR,3201,CWR 3201,Fluid Mechanics,[REDACTED],TR | 3:05 PM - 4:20 PM | 4-Skinner-Jones Hall Room 1704,Main Campus-UNF,Standard,OPEN,6,49,55,5
83161,CWR,4202C,CWR 4202C,Hydraulic Engineering,[REDACTED],F | 9:00 AM - 10:15 AM | 4-Skinner-Jones Hall Room 2305; R | 4:30 PM - 7:15 PM | 39A-J. Brooks Brown Hall Addit Room 1028,Main Campus-UNF,Standard,OPEN,5,20,25,5
85328,CWR,4202C,CWR 4202C,Hydraulic Engineering,[REDACTED],F | 10:30 AM - 11:45 AM | 4-Skinner-Jones Hall Room 2305; R | 4:30 PM - 7:15 PM | 39A-J. Brooks Brown Hall Addit Room 1028,Main Campus-UNF,Standard,OPEN,8,17,25,5
85329,CWR,4550,CWR 4550,Water Wave Mechanics,[REDACTED],TR | 3:05 PM - 4:20 PM | 15-John E. Mathews Room 1204,Main Campus-UNF,Standard,OPEN,14,1,15,5
86319,CWR,6025,CWR 6025,Water Wave Mechanics,[REDACTED],TR | 3:05 PM - 4:20 PM | 15-John E. Mathews Room 1204,Main Campus-UNF,Standard,OPEN,5,5,10,10
85332,CWR,6830,CWR 6830,Port and Harbor Engineering,[REDACTED],TR | 1:40 PM - 2:55 PM | 15-John E. Mathews Room 1204,Main Campus-UNF,Standard,OPEN,3,7,10,5
82223,DEP,2002,DEP 2002,Foundations of Child and Adolescent Psychology,[REDACTED],MW | 1:30 PM - 2:45 PM | 14D-Andrew A. Robinson Center Room 2001,Main Campus-UNF,Standard,FULL - WAITLIST AVAILABLE,0,40,40,40
83293,DEP,2002,DEP 2002,Foundations of Child and Adolescent Psychology,[REDACTED],Online,Distance Learning,Online (DL),FULL - WAITLIST AVAILABLE,0,40,40,40
83381,DEP,2002,DEP 2002,Foundations of Child and Adolescent Psychology,[REDACTED],Online,Distance Learning,Online (DL),FULL - WAITLIST AVAILABLE,0,40,40,40
82060,DEP,3054,DEP 3054,Lifespan Developmental Psychology,[REDACTED],R | 1:40 PM - 2:55 PM | 59-Biological Sciences Room 2701; Online,Hybrid - On Campus/Online,Hybrid,FULL - WAITLIST AVAILABLE,0,50,50,50
82061,DEP,3054,DEP 3054,Lifespan Developmental Psychology,[REDACTED],T | 1:40 PM - 2:55 PM | 59-Biological Sciences Room 2701; Online,Hybrid - On Campus/Online,Hybrid,FULL - WAITLIST AVAILABLE,0,50,50,50
82062,DEP,3054,DEP 3054,Lifespan Developmental Psychology,[REDACTED],Online,Distance Learning,Online (DL),FULL - WAITLIST AVAILABLE,0,40,40,40
82245,DEP,3054,DEP 3054,Lifespan Developmental Psychology,[REDACTED],T | 10:50 AM - 12:05 PM | 45-Fine Arts Center Room 2412; Online,Hybrid - On Campus/Online,Hybrid,FULL - WAITLIST AVAILABLE,0,50,50,50
82756,DEP,3054,DEP 3054,Lifespan Developmental Psychology,[REDACTED],R | 10:50 AM - 12:05 PM | 45-Fine Arts Center Room 2412; Online,Hybrid - On Campus/Online,Hybrid,FULL - WAITLIST AVAILABLE,0,50,50,50
82881,DEP,3054,DEP 3054,Lifespan Developmental Psychology,[REDACTED],Online,Distance Learning,Online (DL),FULL - WAITLIST AVAILABLE,-9,59,50,50
84084,DEP,3054,DEP 3054,Lifespan Developmental Psychology,[REDACTED],Online,Distance Learning,Online (DL),FULL - WAITLIST AVAILABLE,0,40,40,40
84807,DEP,3054,DEP 3054,Lifespan Developmental Psychology,[REDACTED],Online,Distance Learning,Online (DL),FULL - WAITLIST AVAILABLE,0,40,40,40
82410,DEP,4104,DEP 4104,Advanced Child Psychology,[REDACTED],Online,Distance Learning,Online (DL),FULL - WAITLIST AVAILABLE,-1,51,50,50
83296,DEP,4464,DEP 4464,Psychology of Aging,[REDACTED],Online,Distance Learning,Online (DL),FULL - WAITLIST AVAILABLE,0,40,40,40
83325,DIE,3213,DIE 3213,Nutrition Therapy I,[REDACTED],TR | 11:50 AM - 1:30 PM | 39A-J. Brooks Brown Hall Addit Room 1030,Main Campus-UNF,Standard,OPEN,21,24,45,0
83769,DIE,3213,DIE 3213,Nutrition Ther I (DPD-Online),[REDACTED],Online,Distance Learning,Online (DL),OPEN,7,23,30,0
85412,DIE,4005,DIE 4005,Orientation to Professional Dietetics,[REDACTED],W | 12:00 PM - 2:00 PM | 39A-J. Brooks Brown Hall Addit Room 1028,Main Campus-UNF,Standard,OPEN,24,21,45,0
85413,DIE,4005,DIE 4005,Prof. Dietetics (DPD-Online),[REDACTED],Online,Distance Learning,Online (DL),OPEN,4,26,30,0
82214,DIE,4122,DIE 4122,Management of Food and Nutrition Services I,[REDACTED],R | 3:05 PM - 5:50 PM | 39-J. Brooks Brown Hall Room 1016,Main Campus-UNF,Standard,OPEN,28,32,60,0
83770,DIE,4122,DIE 4122,Mgmt Food/Nutr I(DPD-Online),[REDACTED],Online,Distance Learning,Online (DL),OPEN,5,25,30,0
82905,DIE,4940,DIE 4940,Nutrition and Diet Field Experience,[REDACTED],Online,Distance Learning,Online (DL),OPEN,18,12,30,0
84728,DIE,6128,DIE 6128,Food Service Management I,[REDACTED],Online,Distance Learning,Online (DL),OPEN,2,17,19,0
83479,DIE,6138,DIE 6138,Food Service Management II,[REDACTED],Online,Distance Learning,Online (DL),OPEN,1,15,16,0
85426,DIE,6139,DIE 6139,Org Leadership and Management Principles,[REDACTED],Online,Distance Learning,Online (DL),OPEN,2,15,17,0
85427,DIE,6139,DIE 6139,Org Leadership and Management Principles,[REDACTED],Online,Online Program,Online (DL),OPEN,4,16,20,0
83508,DIE,6241,DIE 6241,Advanced Medical Nutrition Therapy,[REDACTED],Online,Distance Learning,Online (DL),OPEN,2,17,19,0
83981,DIE,6248,DIE 6248,Clinical Nutrition and Assessment,[REDACTED],Online,Distance Learning,Online (DL),OPEN,1,15,16,0
85431,DIE,6248,DIE 6248,Clinical Nutrition and Assessment,[REDACTED],M | 9:00 AM - 11:45 AM | 39-J. Brooks Brown Hall Room 3000,Main Campus-UNF,Standard,OPEN,2,15,17,0
85432,DIE,6248,DIE 6248,Clinical Nutrition and Assessment,[REDACTED],Online,Online Program,Online (DL),OPEN,2,23,25,0
84316,DIE,6942,DIE 6942,Clinical Practice in Nutrition and Dietetics III,[REDACTED],Online,Distance Learning,Online (DL),OPEN,4,11,15,0
86436,DIG,4944,DIG 4944,Digital Humanities Internship,[REDACTED],TBA,Main Campus-UNF,Independent,FULL - WAITLIST AVAILABLE,0,2,2,2
82051,ECO,2013,ECO 2013,Principles of Macroeconomics,[REDACTED],Online,Distance Learning,Online (DL),OPEN,1,99,100,10
82170,ECO,2013,ECO 2013,Principles of Macroeconomics,[REDACTED],Online,Distance Learning,Online (DL),OPEN,2,98,100,10
82569,ECO,2013,ECO 2013,Principles of Macroeconomics,[REDACTED],TR | 12:15 PM - 1:30 PM | 50-Science &amp; Engineering Room 1202,Main Campus-UNF,Standard,FULL - WAITLIST AVAILABLE,0,110,110,10
83734,ECO,2013,ECO 2013,(H) Prin. of Macroeconomics,[REDACTED],TR | 10:50 AM - 12:05 PM | 42-Coggin College of Business Room 1111,Main Campus-UNF,Standard,OPEN,1,19,20,5
83761,ECO,2013,ECO 2013,Principles of Macroeconomics,[REDACTED],Online,Distance Learning,Online (DL),FULL - WAITLIST AVAILABLE,0,85,85,10
86177,ECO,2013,ECO 2013,Principles of Macroeconomics,[REDACTED],Online,Distance Learning,Online (DL),FULL - WAITLIST AVAILABLE,0,100,100,5
86362,ECO,2013,ECO 2013,Principles of Macroeconomics,[REDACTED],Online,Distance Learning,Online (DL),OPEN,2,98,100,5
82052,ECO,2023,ECO 2023,Principles of Microeconomics,[REDACTED],Online,Distance Learning,Online (DL),FULL - WAITLIST AVAILABLE,0,85,85,10
82053,ECO,2023,ECO 2023,Principles of Microeconomics,[REDACTED],MW | 3:00 PM - 4:15 PM | 51-Social Sciences Room 1205,Main Campus-UNF,Standard,FULL - WAITLIST AVAILABLE,0,60,60,10
82551,ECO,2023,ECO 2023,Principles of Microeconomics,[REDACTED],TR | 4:30 PM - 5:45 PM | 51-Social Sciences Room 1205,Main Campus-UNF,Standard,OPEN,1,74,75,10
82673,ECO,2023,ECO 2023,Principles of Microeconomics,[REDACTED],TR | 1:40 PM - 2:55 PM | 51-Social Sciences Room 1209,Main Campus-UNF,Standard,OPEN,1,59,60,10
83247,ECO,2023,ECO 2023,Principles of Microeconomics,[REDACTED],Online,Distance Learning,Online (DL),OPEN,2,93,95,10
82054,ECO,3101,ECO 3101,Intermediate Microeconomics,[REDACTED],TR | 3:05 PM - 4:20 PM | 42-Coggin College of Business Room 1102,Main Campus-UNF,Standard,OPEN,18,25,43,10
82056,ECO,3203,ECO 3203,Intermediate Macroeconomics,[REDACTED],Online,Distance Learning,Online (DL),FULL - WAITLIST AVAILABLE,0,50,50,5
82404,ECO,3203,ECO 3203,Intermediate Macroeconomics,[REDACTED],Online,Distance Learning,Online (DL),OPEN,1,49,50,5
82368,ECO,3411,ECO 3411,Business and Economic Statistics,[REDACTED],Online,Distance Learning,Online (DL),FULL - WAITLIST AVAILABLE,0,50,50,5
82422,ECO,3411,ECO 3411,Business and Economic Statistics,[REDACTED],Online,Distance Learning,Online (DL),FULL - WAITLIST AVAILABLE,0,50,50,5
82507,ECO,3411,ECO 3411,Business and Economic Statistics,[REDACTED],TR | 4:30 PM - 5:45 PM | 42-Coggin College of Business Room 2115,Main Campus-UNF,Standard,OPEN,1,42,43,5
82724,ECO,3411,ECO 3411,Business and Economic Statistics,[REDACTED],Online,Distance Learning,Online (DL),FULL - WAITLIST AVAILABLE,0,50,50,5
82745,ECO,3411,ECO 3411,Business and Economic Statistics,[REDACTED],Online,Distance Learning,Online (DL),OPEN,1,49,50,5
86375,ECO,3411,ECO 3411,Business and Economic Statistics,[REDACTED],TR | 9:25 AM - 10:40 AM | 42-Coggin College of Business Room 2115,Main Campus-UNF,Standard,OPEN,2,41,43,5
82405,ECO,3421,ECO 3421,Econometrics,[REDACTED],MW | 1:30 PM - 2:45 PM | 42-Coggin College of Business Room 2115,Main Campus-UNF,Standard,OPEN,23,20,43,5
82443,ECO,3701,ECO 3701,(CD) - The Global Economy,[REDACTED],MW | 12:00 PM - 1:15 PM | 42-Coggin College of Business Room 2120,Main Campus-UNF,Standard,OPEN,29,14,43,5
83667,ECO,3704,ECO 3704,International Trade,[REDACTED],Online,Distance Learning,Online (DL),FULL - WAITLIST AVAILABLE,0,50,50,5
82444,ECO,4223,ECO 4223,Monetary Economics,[REDACTED],TR | 12:15 PM - 1:30 PM | 42-Coggin College of Business Room 1111,Main Campus-UNF,Standard,OPEN,32,11,43,5
84690,ECO,4905,ECO 4905,Directed Independent Study,[REDACTED],TBA,Main Campus-UNF,Independent,FULL,0,2,2,0
85576,ECO,4933,ECO 4933,ST: Experimental Economics,[REDACTED],TR | 1:40 PM - 2:55 PM | 51-Social Sciences Room 1102,Main Campus-UNF,Standard,OPEN,34,10,44,5
83735,ECO,6009,ECO 6009,International Economics,[REDACTED],Online,Distance Learning,Online (DL),OPEN,29,16,45,5
83590,ECO,6060,ECO 6060,Economic Analysis,[REDACTED],Online,Distance Learning,Online (DL),OPEN,2,44,46,5
82153,ECO,6415,ECO 6415,Making Decisions with Data,[REDACTED],Online,Distance Learning,Online (DL),OPEN,5,45,50,5
84095,ECO,6415,ECO 6415,Making Decisions with Data,[REDACTED],Online,Distance Learning,Online (DL),OPEN,6,44,50,5
86394,ECO,6415,ECO 6415,Making Decisions with Data,[REDACTED],Online,Distance Learning,Online (DL),OPEN,4,46,50,5
84695,ECP,6705,ECP 6705,Economics of Business Decisions,[REDACTED],Online,Distance Learning,Online (DL),OPEN,3,62,65,5
82558,EDA,6061,EDA 6061,Introduction to Educational Leadership,[REDACTED],Online,Distance Learning,Online (DL),OPEN,2,23,25,5
83143,EDA,6061,EDA 6061,Introduction to Educational Leadership,[REDACTED],Online,Distance Learning,Online (DL),OPEN,5,15,20,5
83284,EDA,6061,EDA 6061,Introduction to Educational Leadership,[REDACTED],Online,Distance Learning,Online (DL),OPEN,1,19,20,5
83990,EDA,6196,EDA 6196,Leadership for Learning Organizations (Operational Leadership II),[REDACTED],Online,Distance Learning,Online (DL),OPEN,3,27,30,5
84694,EDA,6233,EDA 6233,Early Childhood Leadership Policy and Law,[REDACTED],Online,Distance Learning,Online (DL),OPEN,3,22,25,5
82849,EDA,6242,EDA 6242,School Finance (Instructional Leadership III),[REDACTED],Online,Distance Learning,Online (DL),FULL - WAITLIST AVAILABLE,0,25,25,5
83144,EDA,6242,EDA 6242,School Finance (Instructional Leadership III),[REDACTED],Online,Distance Learning,Online (DL),OPEN,10,15,25,5
84803,EDA,6910,EDA 6910,Individual Study and Research,[REDACTED],TBA,Main Campus-UNF,Independent,OPEN,3,1,4,0
84885,EDA,6910,EDA 6910,Individual Study and Research,[REDACTED],TBA,Main Campus-UNF,Independent,FULL,0,4,4,0
83846,EDA,6945,EDA 6945,Practicum in Educational Leadership,[REDACTED],Online,Distance Learning,Online (DL),OPEN,5,10,15,5
82820,EDA,7193,EDA 7193,Educational Leadership for Change,[REDACTED],R | 6:00 PM - 8:45 PM | 57-Petway Hall Room 1260; R | 6:00 PM - 8:45 PM | 57-Petway Hall Room 1260; R | 6:00 PM - 8:45 PM | 57-Petway Hall Room 1260; R | 6:00 PM - 8:45 PM | 57-Petway Hall Room 1260; R | 6:00 PM - 8:45 PM | 57-Petway Hall Room 1260; Online,Hybrid - On Campus/Online,Hybrid,OPEN,12,13,25,5
83065,EDA,7400,EDA 7400,Research in Education: Quantitative Method,[REDACTED],S | 10:15 AM - 1:00 PM | 57-Petway Hall Room 2500; S | 10:15 AM - 1:00 PM | 57-Petway Hall Room 2500; S | 10:15 AM - 1:00 PM | 57-Petway Hall Room 2500; S | 10:15 AM - 1:00 PM | 57-Petway Hall Room 2500; S | 10:15 AM - 1:00 PM | 57-Petway Hall Room 2500; S | 10:15 AM - 1:00 PM | 57-Petway Hall Room 2500; Online,Hybrid - On Campus/Online,Hybrid,OPEN,5,20,25,5
82179,EDA,7420,EDA 7420,Foundations of Research in Education,[REDACTED],S | 9:00 AM - 11:45 AM | 57-Petway Hall Room 1270; S | 9:00 AM - 11:45 AM | 57-Petway Hall Room 1270; S | 9:00 AM - 11:45 AM | 57-Petway Hall Room 1270; S | 9:00 AM - 11:45 AM | 57-Petway Hall Room 1270; S | 9:00 AM - 11:45 AM | 57-Petway Hall Room 1270; Online,Hybrid - On Campus/Online,Hybrid,FULL - WAITLIST AVAILABLE,0,13,13,5
83112,EDA,7420,EDA 7420,Foundations of Research in Education,[REDACTED],S | 9:00 AM - 11:45 AM | 57-Petway Hall Room 2010; S | 9:00 AM - 11:45 AM | 57-Petway Hall Room 2010; S | 9:00 AM - 11:45 AM | 57-Petway Hall Room 2010; S | 9:00 AM - 11:45 AM | 57-Petway Hall Room 2010; S | 9:00 AM - 11:45 AM | 57-Petway Hall Room 2010; Online,Hybrid - On Campus/Online,Hybrid,FULL - WAITLIST AVAILABLE,0,13,13,5
84231,EDA,7421,EDA 7421,Research Design Seminar 2: Proposal Development,[REDACTED],R | 6:00 PM - 8:45 PM | 57-Petway Hall Room 1270; R | 6:00 PM - 8:45 PM | 57-Petway Hall Room 1270; R | 6:00 PM - 8:45 PM | 57-Petway Hall Room 1270; R | 6:00 PM - 8:45 PM | 57-Petway Hall Room 1270; R | 6:00 PM - 8:45 PM | 57-Petway Hall Room 1270; Online,Hybrid - On Campus/Online,Hybrid,OPEN,6,4,10,5
83130,EDA,7905,EDA 7905,Individual Study and Research,[REDACTED],TBA,Main Campus-UNF,Independent,OPEN,1,4,5,0
83610,EDA,7905,EDA 7905,Individual Study and Research,[REDACTED],TBA,Main Campus-UNF,Independent,FULL,0,1,1,0
84737,EDA,7905,EDA 7905,Individual Study and Research,[REDACTED],TBA,Main Campus-UNF,Independent,OPEN,1,2,3,0
85106,EDA,7905,EDA 7905,Individual Study and Research,[REDACTED],TBA,Main Campus-UNF,Independent,OPEN,1,0,1,0
86290,EDA,7905,EDA 7905,Individual Study and Research,[REDACTED],TBA,Main Campus-UNF,Independent,FULL,0,1,1,0
86466,EDA,7905,EDA 7905,Individual Study and Research,[REDACTED],TBA,Main Campus-UNF,Independent,FULL,0,1,1,0
83145,EDA,7979,EDA 7979,Research Design Seminar 1: Advanced Methods,[REDACTED],R | 6:00 PM - 8:45 PM | 57-Petway Hall Room 2223; R | 6:00 PM - 8:45 PM | 57-Petway Hall Room 2223; R | 6:00 PM - 8:45 PM | 57-Petway Hall Room 2223; R | 6:00 PM - 8:45 PM | 57-Petway Hall Room 2223; R | 6:00 PM - 8:45 PM | 57-Petway Hall Room 2223; R | 6:00 PM - 8:45 PM | 57-Petway Hall Room 2223; Online,Hybrid - On Campus/Online,Hybrid,OPEN,8,3,11,5
83146,EDA,7979,EDA 7979,Research Design Seminar 1: Advanced Methods,[REDACTED],R | 6:00 PM - 8:45 PM | 57-Petway Hall Room 2050; R | 6:00 PM - 8:45 PM | 57-Petway Hall Room 2050; R | 6:00 PM - 8:45 PM | 57-Petway Hall Room 2050; R | 6:00 PM - 8:45 PM | Online; R | 6:00 PM - 8:45 PM | 57-Petway Hall Room 2050; R | 6:00 PM - 8:45 PM | 57-Petway Hall Room 2050; R | 6:00 PM - 8:45 PM | 57-Petway Hall Room 2050; R | 6:00 PM - 8:45 PM | Online; Online,Hybrid - On Campus/Online,Hybrid,OPEN,8,12,20,5
82493,EDA,7980,EDA 7980,Doctoral Dissertation Research,[REDACTED],TBA,Main Campus-UNF,Independent,OPEN,4,1,5,0
83220,EDA,7980,EDA 7980,Doctoral Dissertation Research,[REDACTED],TBA,Main Campus-UNF,Independent,OPEN,4,1,5,0
83252,EDA,7980,EDA 7980,Doctoral Dissertation Research,[REDACTED],TBA,Main Campus-UNF,Independent,OPEN,4,1,5,0
83263,EDA,7980,EDA 7980,Doctoral Dissertation Research,[REDACTED],TBA,Main Campus-UNF,Independent,OPEN,4,1,5,0
83376,EDA,7980,EDA 7980,Doctoral Dissertation Research,[REDACTED],TBA,Main Campus-UNF,Independent,OPEN,4,1,5,0
83410,EDA,7980,EDA 7980,Doctoral Dissertation Research,[REDACTED],TBA,Main Campus-UNF,Independent,OPEN,4,1,5,0
83411,EDA,7980,EDA 7980,Doctoral Dissertation Research,[REDACTED],TBA,Main Campus-UNF,Independent,OPEN,4,1,5,0
83616,EDA,7980,EDA 7980,Doctoral Dissertation Research,[REDACTED],TBA,Main Campus-UNF,Independent,OPEN,4,1,5,0
83660,EDA,7980,EDA 7980,Doctoral Dissertation Research,[REDACTED],TBA,Main Campus-UNF,Independent,OPEN,4,1,5,0
83688,EDA,7980,EDA 7980,Doctoral Dissertation Research,[REDACTED],TBA,Main Campus-UNF,Independent,OPEN,4,1,5,0
83826,EDA,7980,EDA 7980,Doctoral Dissertation Research,[REDACTED],TBA,Main Campus-UNF,Independent,OPEN,3,2,5,0
84140,EDA,7980,EDA 7980,Doctoral Dissertation Research,[REDACTED],TBA,Main Campus-UNF,Independent,OPEN,4,1,5,0
84232,EDA,7980,EDA 7980,Doctoral Dissertation Research,[REDACTED],TBA,Main Campus-UNF,Independent,OPEN,4,1,5,0
84234,EDA,7980,EDA 7980,Doctoral Dissertation Research,[REDACTED],TBA,Main Campus-UNF,Independent,OPEN,4,1,5,0
84235,EDA,7980,EDA 7980,Doctoral Dissertation Research,[REDACTED],TBA,Main Campus-UNF,Independent,OPEN,4,1,5,0
84927,EDA,7980,EDA 7980,Doctoral Dissertation Research,[REDACTED],TBA,Main Campus-UNF,Independent,OPEN,4,1,5,0
84928,EDA,7980,EDA 7980,Doctoral Dissertation Research,[REDACTED],TBA,Main Campus-UNF,Independent,OPEN,4,1,5,0
84997,EDA,7980,EDA 7980,Doctoral Dissertation Research,[REDACTED],TBA,Main Campus-UNF,Independent,OPEN,3,2,5,0
85498,EDA,7980,EDA 7980,Doctoral Dissertation Research,[REDACTED],TBA,Main Campus-UNF,Independent,OPEN,4,1,5,0
85500,EDA,7980,EDA 7980,Doctoral Dissertation Research,[REDACTED],TBA,Main Campus-UNF,Independent,OPEN,4,1,5,0
86476,EDA,7980,EDA 7980,Doctoral Dissertation Research,[REDACTED],TBA,Main Campus-UNF,Independent,FULL,0,1,1,0
83897,EDE,4943,EDE 4943,Student Teaching Internship,[REDACTED],Off Main Campus Room OFF-MC,Off-Campus: Internships,Independent,OPEN,25,15,40,5
83898,EDE,6205,EDE 6205,Effective Practices for Differentiating Instruction,[REDACTED],R | 4:30 PM - 7:15 PM | Online,Distance Learning,Live Online,OPEN,8,22,30,5
83899,EDF,1005,EDF 1005,Introduction to the Teaching Profession,[REDACTED],TR | 9:25 AM - 10:40 AM | 57-Petway Hall Room 2010,Main Campus-UNF,Standard,OPEN,2,38,40,5
83900,EDF,1005,EDF 1005,Introduction to the Teaching Profession,[REDACTED],MW | 3:00 PM - 4:15 PM | 57-Petway Hall Room 2070,Main Campus-UNF,Standard,OPEN,3,37,40,5
83901,EDF,1005,EDF 1005,Introduction to the Teaching Profession,[REDACTED],Online,Distance Learning,Online (DL),OPEN,4,36,40,5
83902,EDF,1005,EDF 1005,Introduction to the Teaching Profession,[REDACTED],Online,Distance Learning,Online (DL),OPEN,11,29,40,5
84852,EDF,1005,EDF 1005,Introduction to the Teaching Profession,[REDACTED],Online,Distance Learning,Online (DL),OPEN,5,35,40,5
84146,EDF,1690,EDF 1690,Schools On-Screen: Education in Media,[REDACTED],R | 3:05 PM - 5:50 PM | 57-Petway Hall Room 2120; R | 3:05 PM - 5:50 PM | 57-Petway Hall Room 2120; R | 3:05 PM - 5:50 PM | 57-Petway Hall Room 2120; R | 3:05 PM - 5:50 PM | 57-Petway Hall Room 2120; R | 3:05 PM - 5:50 PM | 57-Petway Hall Room 2120; R | 3:05 PM - 5:50 PM | 57-Petway Hall Room 2120; Online,Hybrid - On Campus/Online,Hybrid,OPEN,7,21,28,0
83903,EDF,2260,EDF 2260,Strategies for Student Success,[REDACTED],W | 12:00 PM - 2:45 PM | 57-Petway Hall Room 2520,Main Campus-UNF,Standard,OPEN,2,33,35,5
83904,EDF,3151,EDF 3151,Educational Psychology,[REDACTED],W | 12:00 PM - 2:45 PM | 57-Petway Hall Room 2010,Main Campus-UNF,Standard,OPEN,4,36,40,5
83905,EDF,3151,EDF 3151,Educational Psychology,[REDACTED],Online,Distance Learning,Online (DL),OPEN,3,37,40,5
83906,EDF,3151,EDF 3151,Educational Psychology,[REDACTED],Online,Distance Learning,Online (DL),OPEN,1,39,40,5
84154,EDF,3151,EDF 3151,Educational Psychology,[REDACTED],Online,Distance Learning,Online (DL),OPEN,17,23,40,5
84582,EDF,3945,EDF 3945,Field Laboratory I,[REDACTED],T | 8:00 AM - 3:00 PM | Off Main Campus Room OFF-MC,Off-Campus: Internships,Independent,OPEN,23,7,30,5
86107,EDF,3945,EDF 3945,Field Laboratory I,[REDACTED],T | 8:00 AM - 3:00 PM | Off Main Campus Room OFF-MC,Off-Campus: Internships,Independent,OPEN,15,5,20,5
84148,EDF,3946,EDF 3946,Field Laboratory II,[REDACTED],R | 8:00 AM - 3:00 PM | Off Main Campus Room OFF-MC,IN: Spring Park Elementary,Standard,OPEN,25,5,30,4
83830,EDF,3947,EDF 3947,Field Laboratory III,[REDACTED],T | 6:00 PM - 8:45 PM | 57-Petway Hall Room 2080,Main Campus-UNF,Independent,OPEN,2,8,10,4
86219,EDF,3947,EDF 3947,Field Laboratory III,[REDACTED],R | 8:00 AM - 3:00 PM | Off Main Campus Room OFF-MC; T | 1:40 PM - 2:55 PM | 57-Petway Hall Room 2302,Twin Lakes Academy-Elem,Independent,OPEN,5,5,10,4
86014,EDF,3990,EDF 3990,Exp: Learn Proc Field Seminar,[REDACTED],M | 3:00 PM - 4:00 PM | 57-Petway Hall Room 2520,Main Campus-UNF,Standard,OPEN,17,13,30,5
85986,EDF,3991,EDF 3991,Exp: Special Methods Field Sem,[REDACTED],W | 3:00 PM - 4:00 PM | 57-Petway Hall Room 2520,Main Campus-UNF,Standard,OPEN,5,30,35,5
83908,EDF,4444,EDF 4444,Assessment of Learning and Behavior,[REDACTED],Online,Distance Learning,Online (DL),OPEN,2,33,35,5
84149,EDF,4444,EDF 4444,Assessment of Learning and Behavior,[REDACTED],M | 4:30 PM - 7:15 PM | 57-Petway Hall Room 2050; M | 4:30 PM - 7:15 PM | 57-Petway Hall Room 2050; M | 4:30 PM - 7:15 PM | 57-Petway Hall Room 2050; M | 4:30 PM - 7:15 PM | 57-Petway Hall Room 2050; M | 4:30 PM - 7:15 PM | 57-Petway Hall Room 2050; M | 4:30 PM - 7:15 PM | 57-Petway Hall Room 2050; Online,Hybrid - On Campus/Online,Hybrid,OPEN,28,2,30,4
85929,EDF,4444,EDF 4444,Assessment of Learning and Behavior,[REDACTED],MW | 1:30 PM - 2:45 PM | 57-Petway Hall Room 1100B,Main Campus-UNF,Standard,OPEN,11,14,25,5
84572,EDF,6237,EDF 6237,Principles of Learning and Introduction to Classroom Assessment,[REDACTED],MW | 4:30 PM - 5:45 PM | Online,Distance Learning,Live Online,OPEN,9,21,30,5
84607,EDF,6480,EDF 6480,Foundations of Educational Research,[REDACTED],Online,Distance Learning,Online (DL),OPEN,5,20,25,5
85573,EDF,6687,EDF 6687,Foundations for Education Studies and Teaching,[REDACTED],Online,Distance Learning,Online (DL),FULL - WAITLIST AVAILABLE,-1,36,35,5
82911,EDF,7545,EDF 7545,Philosophy of Education,[REDACTED],R | 6:00 PM - 8:45 PM | 57-Petway Hall Room 2080; R | 6:00 PM - 8:45 PM | 57-Petway Hall Room 2080; R | 6:00 PM - 8:45 PM | 57-Petway Hall Room 2080; R | 6:00 PM - 8:45 PM | 57-Petway Hall Room 2080; R | 6:00 PM - 8:45 PM | 57-Petway Hall Room 2080; R | 6:00 PM - 8:45 PM | 57-Petway Hall Room 2080; R | 6:00 PM - 8:45 PM | 57-Petway Hall Room 2080; Online,Hybrid - On Campus/Online,Hybrid,FULL - WAITLIST AVAILABLE,0,13,13,5
83111,EDF,7545,EDF 7545,Philosophy of Education,[REDACTED],R | 6:00 PM - 8:45 PM | 57-Petway Hall Room 2070; R | 6:00 PM - 8:45 PM | 57-Petway Hall Room 2070; R | 6:00 PM - 8:45 PM | 57-Petway Hall Room 2070; R | 6:00 PM - 8:45 PM | 57-Petway Hall Room 2070; R | 6:00 PM - 8:45 PM | 57-Petway Hall Room 2070; R | 6:00 PM - 8:45 PM | 57-Petway Hall Room 2070; R | 6:00 PM - 8:45 PM | 57-Petway Hall Room 2070; Online,Hybrid - On Campus/Online,Hybrid,OPEN,1,12,13,5
82295,EDG,2000,EDG 2000,Career Planning and Professional Success,[REDACTED],Online,Distance Learning,Online (DL),OPEN,1,29,30,5
82296,EDG,2000,EDG 2000,Career Planning and Professional Success,[REDACTED],Online,Distance Learning,Online (DL),OPEN,6,24,30,5
84385,EDG,2340,EDG 2340,Introduction to Differentiated Instruction,[REDACTED],Online,Distance Learning,Online (DL),OPEN,4,26,30,5
84591,EDG,3321,EDG 3321,Elementary Field Experience I,[REDACTED],TR | 8:00 AM - 3:00 PM | Off Main Campus Room OFF-MC,Off-Campus: Internships,Independent,OPEN,25,45,70,10
84592,EDG,3322,EDG 3322,Elementary Field Experience II,[REDACTED],TR | 8:00 AM - 3:00 PM | Off Main Campus Room OFF-MC,Off-Campus: Internships,Independent,OPEN,25,23,48,0
83909,EDG,3323,EDG 3323,The Learning Process,[REDACTED],M | 4:30 PM - 7:15 PM | 57-Petway Hall Room 1270,Main Campus-UNF,Standard,OPEN,3,32,35,5
83910,EDG,4410,EDG 4410,Classroom Management and Communication,[REDACTED],M | 3:00 PM - 5:45 PM | 57-Petway Hall Room 1260,Main Campus-UNF,Standard,OPEN,1,34,35,5
83911,EDG,4410,EDG 4410,Classroom Management and Communication,[REDACTED],T | 4:30 PM - 7:15 PM | Online,Distance Learning,Live Online,OPEN,20,15,35,5
84593,EDG,4442,EDG 4442,Elementary Field Experience III,[REDACTED],TR | 8:00 AM - 3:00 PM | Off Main Campus Room OFF-MC,Off-Campus: Internships,Independent,OPEN,6,47,53,0
84147,EDG,6067,EDG 6067,Introduction to Teacher Inquiry,[REDACTED],Online,Distance Learning,Online (DL),OPEN,3,23,26,5
84562,EDG,6348,EDG 6348,Coaching and Mentoring for Effective Teaching and Instruction,[REDACTED],Online,Distance Learning,Online (DL),OPEN,12,18,30,0
84563,EDG,6415,EDG 6415,Principles of Instruction and Classroom Management,[REDACTED],T | 4:30 PM - 5:45 PM | Online; T | 4:30 PM - 5:45 PM | Online; T | 4:30 PM - 5:45 PM | Online; T | 4:30 PM - 5:45 PM | Online; T | 4:30 PM - 5:45 PM | Online; Online,Distance Learning,Online (DL),OPEN,26,4,30,0
83829,EDG,6911,EDG 6911,Action Research in Education,[REDACTED],Online,Distance Learning,Online (DL),OPEN,1,24,25,5
86058,EDG,6911,EDG 6911,Action Research in Education,[REDACTED],Online,Distance Learning,Online (DL),OPEN,12,8,20,0
86060,EDG,6911,EDG 6911,Action Research in Education,[REDACTED],Online,Distance Learning,Online (DL),OPEN,2,18,20,0
84035,EDG,7932,EDG 7932,Advanced Seminar in Instructional Assessment,[REDACTED],R | 6:00 PM - 8:45 PM | 39-J. Brooks Brown Hall Room 1003A; R | 6:00 PM - 8:45 PM | 57-Petway Hall Room 1270; R | 6:00 PM - 8:45 PM | 57-Petway Hall Room 1270; R | 6:00 PM - 8:45 PM | 57-Petway Hall Room 1270; R | 6:00 PM - 8:45 PM | 57-Petway Hall Room 1270; R | 6:00 PM - 8:45 PM | 57-Petway Hall Room 1270; R | 6:00 PM - 8:45 PM | Online; Online,Hybrid - On Campus/Online,Hybrid,OPEN,16,9,25,5
84575,EDH,6401,EDH 6401,Higher Education Policy,[REDACTED],T | 6:00 PM - 8:45 PM | 57-Petway Hall Room 1270,Main Campus-UNF,Standard,OPEN,6,24,30,5
85501,EDH,6505,EDH 6505,Higher Education Finance,[REDACTED],W | 6:00 PM - 8:45 PM | 57-Petway Hall Room 2520,Main Campus-UNF,Standard,OPEN,9,21,30,5
82217,EDS,6130,EDS 6130,Human Resource Development in Education (Operational Leadership I),[REDACTED],Online,Distance Learning,Online (DL),OPEN,2,18,20,5
84272,EDS,6130,EDS 6130,Human Resource Development in Education (Operational Leadership I),[REDACTED],Online,Distance Learning,Online (DL),FULL - WAITLIST AVAILABLE,0,25,25,5
84273,EDS,6130,EDS 6130,Human Resource Development in Education (Operational Leadership I),[REDACTED],Online,Distance Learning,Online (DL),OPEN,4,16,20,5
84160,EEC,3408,EEC 3408,"Forming Family, School and Community Partnerships",[REDACTED],Online,Distance Learning,Online (DL),OPEN,3,27,30,5
85574,EEC,3408,EEC 3408,"Forming Family, School and Community Partnerships",[REDACTED],Online,Distance Learning,Online (DL),OPEN,17,13,30,5
83917,EEC,4054,EEC 4054,Leadership and Service in Early Childhood Settings,[REDACTED],Online,Distance Learning,Online (DL),OPEN,4,31,35,5
86173,EEC,4054,EEC 4054,Leadership and Service in Early Childhood Settings,[REDACTED],W | 12:00 PM - 2:45 PM | 57-Petway Hall Room 2070,Main Campus-UNF,Standard,OPEN,21,9,30,5
84605,EEC,4213,EEC 4213,Teaching Literacy in Early Childhood through Grade 3,[REDACTED],Online,Distance Learning,Online (DL),OPEN,1,34,35,5
83919,EEC,4321,EEC 4321,Teaching Mathematics in Early Childhood Settings through grade 3,[REDACTED],M | 4:30 PM - 7:15 PM | 57-Petway Hall Room 1250,Main Campus-UNF,Standard,OPEN,15,20,35,5
83920,EEC,4321,EEC 4321,Teaching Mathematics in Early Childhood Settings through grade 3,[REDACTED],Online,Distance Learning,Online (DL),OPEN,5,33,38,5
84034,EEC,4321,EEC 4321,Teaching Mathematics in Early Childhood Settings through grade 3,[REDACTED],W | 3:00 PM - 5:45 PM | 57-Petway Hall Room 1100B,Main Campus-UNF,Standard,OPEN,2,33,35,5
83980,EEC,4323,EEC 4323,Teaching Science in Early Childhood Settings through grade 3,[REDACTED],Online,Distance Learning,Online (DL),OPEN,5,32,37,5
84000,EEC,4323,EEC 4323,Teaching Science in Early Childhood Settings through grade 3,[REDACTED],M | 12:00 PM - 2:45 PM | 57-Petway Hall Room 1250,Main Campus-UNF,Standard,OPEN,20,15,35,5
83921,EEC,4940,EEC 4940,Childhood Practicum,[REDACTED],Online,Distance Learning,Online (DL),OPEN,9,6,15,5
84576,EEC,4942,EEC 4942,EC Student Internship,[REDACTED],Off Main Campus Room OFF-MC,Off-Campus: Internships,Independent,OPEN,8,2,10,5
86172,EEC,6261,EEC 6261,"Program Planning for Infants, Toddlers, and Young Children",[REDACTED],Online,Distance Learning,Online (DL),OPEN,13,17,30,0
83922,EEC,6611,EEC 6611,Early Childhood Education,[REDACTED],Online,Distance Learning,Online (DL),OPEN,2,28,30,5
83923,EEC,6611,EEC 6611,Early Childhood Education,[REDACTED],Online,Distance Learning,Online (DL),FULL - WAITLIST AVAILABLE,0,30,30,5
83924,EEC,6944,EEC 6944,Practicum in Early Childhood Education,[REDACTED],Online,Distance Learning,Online (DL),OPEN,19,11,30,5
84112,EEE,3308,EEE 3308,Microelectronics I,[REDACTED],MW | 1:30 PM - 2:45 PM | 4-Skinner-Jones Hall Room 1704,Main Campus-UNF,Standard,OPEN,18,47,65,5
84116,EEL,3013,EEL 3013,Modeling and Simulation in Electrical Engineering,[REDACTED],TR | 12:15 PM - 1:30 PM | 4-Skinner-Jones Hall Room 2305,Main Campus-UNF,Standard,OPEN,3,37,40,5
82149,EEL,3111,EEL 3111,Circuit Analysis I,[REDACTED],MW | 12:00 PM - 1:15 PM | 4-Skinner-Jones Hall Room 1706,Main Campus-UNF,Standard,FULL - WAITLIST AVAILABLE,0,80,80,5
82150,EEL,3112,EEL 3112,Circuit Analysis II,[REDACTED],TR | 3:05 PM - 4:20 PM | 39-J. Brooks Brown Hall Room 1026A,Main Campus-UNF,Standard,OPEN,10,40,50,5
82661,EEL,3117L,EEL 3117L,Electrical Circuits Laboratory,[REDACTED],T | 9:25 AM - 12:05 PM | 4-Skinner-Jones Hall Room 4304,Main Campus-UNF,Standard,OPEN,1,27,28,10
83719,EEL,3117L,EEL 3117L,Electrical Circuits Laboratory,[REDACTED],R | 9:25 AM - 12:05 PM | 4-Skinner-Jones Hall Room 4304,Main Campus-UNF,Standard,OPEN,7,21,28,10
82402,EEL,3216,EEL 3216,Introduction to Power Systems,[REDACTED],TR | 1:40 PM - 2:55 PM | 15-John E. Mathews Room 1304,Main Campus-UNF,Standard,OPEN,6,54,60,10
83606,EEL,3701,EEL 3701,Introduction to Digital Systems,[REDACTED],MW | 3:00 PM - 4:15 PM | 4-Skinner-Jones Hall Room 1704,Main Campus-UNF,Standard,OPEN,8,57,65,10
82559,EEL,3701L,EEL 3701L,Introduction to Digital Systems Lab,[REDACTED],M | 9:00 AM - 11:40 AM | 4-Skinner-Jones Hall Room 4304,Main Campus-UNF,Standard,FULL - WAITLIST AVAILABLE,0,30,30,10
83695,EEL,3701L,EEL 3701L,Introduction to Digital Systems Lab,[REDACTED],W | 9:00 AM - 11:40 AM | 4-Skinner-Jones Hall Room 4304,Main Campus-UNF,Standard,OPEN,4,26,30,10
82403,EEL,4514,EEL 4514,Communication Systems,[REDACTED],MW | 12:00 PM - 1:15 PM | 57-Petway Hall Room 2050,Main Campus-UNF,Standard,OPEN,7,33,40,5
82759,EEL,4514L,EEL 4514L,Analog and Digital Communications Laboratory,[REDACTED],M | 9:00 AM - 11:40 AM | 4-Skinner-Jones Hall Room 4303,Main Campus-UNF,Standard,OPEN,4,16,20,14
84169,EEL,4514L,EEL 4514L,Analog and Digital Communications Laboratory,[REDACTED],W | 9:00 AM - 11:40 AM | 4-Skinner-Jones Hall Room 4303,Main Campus-UNF,Standard,OPEN,3,17,20,14
82570,EEL,4657,EEL 4657,Linear Control Systems,[REDACTED],TR | 12:15 PM - 1:30 PM | 4-Skinner-Jones Hall Room 1703,Main Campus-UNF,Standard,OPEN,7,33,40,5
84970,EEL,4657L,EEL 4657L,Linear Control Systems Lab,[REDACTED],W | 1:30 PM - 4:15 PM | 4-Skinner-Jones Hall Room 2305,Main Campus-UNF,Standard,OPEN,7,33,40,5
86149,EEL,4829,EEL 4829,Digital Image Processing,[REDACTED],MW | 4:30 PM - 5:45 PM | 4-Skinner-Jones Hall Room 2306,Main Campus-UNF,Standard,OPEN,12,3,15,5
84712,EEL,4905,EEL 4905,Undergraduate Supervised Research,[REDACTED],TBA,Main Campus-UNF,Independent,OPEN,8,2,10,5
85390,EEL,4905,EEL 4905,Undergraduate Supervised Research,[REDACTED],TBA,Main Campus-UNF,Independent,OPEN,8,2,10,5
85392,EEL,4905,EEL 4905,Undergraduate Supervised Research,[REDACTED],TBA,Main Campus-UNF,Independent,OPEN,7,3,10,5
82151,EEL,4914,EEL 4914,Senior Capstone Design I,[REDACTED],TR | 9:25 AM - 12:05 PM | 15-John E. Mathews Room 1304,Main Campus-UNF,Standard,OPEN,12,28,40,5
83454,EEL,4949,EEL 4949,Electrical Engineering Internship,[REDACTED],Off Main Campus Room OFF-MC,Off-Campus: Internships,Independent,OPEN,3,2,5,5
86359,EEL,5820,EEL 5820,Digital Image Processing,[REDACTED],MW | 4:30 PM - 5:45 PM | 4-Skinner-Jones Hall Room 2306,Main Campus-UNF,Standard,OPEN,3,2,5,5
86418,EEL,6901,EEL 6901,Directed Independent Study,[REDACTED],TBA,Main Campus-UNF,Independent,OPEN,4,1,5,0
86338,EEL,6970,EEL 6970,Master&#39;s Thesis Proposal Development,[REDACTED],TBA,Main Campus-UNF,Independent,FULL,0,1,1,0
85404,EEL,6972,EEL 6972,Master&#39;s Thesis,[REDACTED],TBA,Main Campus-UNF,Independent,OPEN,3,2,5,5
83054,EEX,3005,EEX 3005,Introduction to Disabilities,[REDACTED],Online,Distance Learning,Online (DL),OPEN,3,32,35,5
84767,EEX,3005,EEX 3005,Introduction to Disabilities,[REDACTED],W | 12:00 PM - 2:45 PM | 57-Petway Hall Room 1210; W | 12:00 PM - 2:45 PM | 57-Petway Hall Room 1210; W | 12:00 PM - 2:45 PM | 57-Petway Hall Room 1210; W | 12:00 PM - 2:45 PM | 57-Petway Hall Room 1210; W | 12:00 PM - 2:45 PM | 57-Petway Hall Room 1210; W | 12:00 PM - 2:45 PM | 57-Petway Hall Room 1210; W | 12:00 PM - 2:45 PM | 57-Petway Hall Room 1210; Online,Hybrid - On Campus/Online,Hybrid,OPEN,17,9,26,0
86300,EEX,3005,EEX 3005,Introduction to Disabilities,[REDACTED],M | 12:00 PM - 2:45 PM | 57-Petway Hall Room 3430; M | 12:00 PM - 2:45 PM | 57-Petway Hall Room 3430; M | 12:00 PM - 2:45 PM | 57-Petway Hall Room 3430; M | 12:00 PM - 2:45 PM | 57-Petway Hall Room 3430; M | 12:00 PM - 2:45 PM | 57-Petway Hall Room 3430; M | 12:00 PM - 2:45 PM | 57-Petway Hall Room 3430; Online,Hybrid - On Campus/Online,Hybrid,OPEN,13,12,25,0
83463,EEX,3070,EEX 3070,Inclusion of Individuals with Disabilities,[REDACTED],Online,Distance Learning,Online (DL),OPEN,18,12,30,5
83831,EEX,3846,EEX 3846,Clinical: Employment and Law,[REDACTED],Off Main Campus Room OFF-MC,Off-Campus: Internships,Independent,FULL - WAITLIST AVAILABLE,-1,11,10,5
85566,EEX,4024,EEX 4024,Disability Laws and Policies,[REDACTED],Online,Distance Learning,Online (DL),OPEN,10,20,30,5
84171,EEX,4240,EEX 4240,Literacy Instruction and Intervention for Readers,[REDACTED],R | 6:00 PM - 8:45 PM | Online,Distance Learning,Live Online,OPEN,23,7,30,0
84168,EEX,4254,EEX 4254,Emergent and Early Literacy Instruction and Intervention for All Learners,[REDACTED],W | 3:00 PM - 5:45 PM | 57-Petway Hall Room 2500,Main Campus-UNF,Standard,OPEN,23,7,30,0
84161,EEX,4255,EEX 4255,High-Leverage Instructional Practices and Individual Planning for Learners with Exceptionalities,[REDACTED],Online,Distance Learning,Online (DL),OPEN,15,5,20,5
83976,EEX,4257,EEX 4257,Literacy Assessment for All Learners,[REDACTED],W | 6:00 PM - 8:45 PM | Online,Distance Learning,Live Online,OPEN,15,10,25,5
83925,EEX,4275,EEX 4275,Instructional Strategies for Teaching Exceptional Learners in General Education Settings,[REDACTED],Online,Distance Learning,Online (DL),OPEN,5,35,40,5
85837,EEX,4275,EEX 4275,Instructional Strategies for Teaching Exceptional Learners in General Education Settings,[REDACTED],Online,Distance Learning,Online (DL),OPEN,7,33,40,0
85838,EEX,4281,EEX 4281,Career Development and Transition for Learners with Exceptionalities,[REDACTED],F | 10:00 AM - 12:45 PM | 57-Petway Hall Room 1250,Main Campus-UNF,Standard,OPEN,19,6,25,5
85839,EEX,4474,EEX 4474,Teaching Students with Moderate to Severe Disabilities,[REDACTED],Online,Distance Learning,Online (DL),OPEN,18,7,25,5
83926,EEX,4604,EEX 4604,Classroom and Behavior Management,[REDACTED],M | 6:00 PM - 8:45 PM | 57-Petway Hall Room 1100B,Main Campus-UNF,Standard,OPEN,12,8,20,5
86015,EEX,4840,EEX 4840,Literacy Practicum for All Learners,[REDACTED],Online,Distance Learning,Independent,OPEN,17,3,20,5
84225,EEX,4845,EEX 4845,Clinical: Senior Capstone,[REDACTED],Off Main Campus Room OFF-MC,Off-Campus: Internships,Independent,OPEN,23,2,25,5
83927,EEX,5075,EEX 5075,Teaching Students with Exceptionalities in Inclusive Settings,[REDACTED],Online,Distance Learning,Online (DL),FULL - WAITLIST AVAILABLE,0,32,32,5
84042,EEX,5665,EEX 5665,Classroom and Behavior Management,[REDACTED],M | 6:00 PM - 8:45 PM | 57-Petway Hall Room 1100B,Main Campus-UNF,Standard,OPEN,4,16,20,5
83982,EEX,6259,EEX 6259,Literacy II for Students with Exceptionalities,[REDACTED],R | 6:00 PM - 8:45 PM | Online,Distance Learning,Live Online,OPEN,17,3,20,0
83928,EEX,6841,EEX 6841,Practicum in Special Education,[REDACTED],Off Main Campus Room OFF-MC,Off-Campus: Internships,Independent,OPEN,10,3,13,4
86152,EEX,6993,EEX 6993,Exp: Teaching Mod/Severe Disab,[REDACTED],Online,Distance Learning,Online (DL),OPEN,6,9,15,0
82524,EGN,1001C,EGN 1001C,Introduction to Engineering I,[REDACTED],MW | 9:00 AM - 9:50 AM | 42-Coggin College of Business Room 1020; M | 10:00 AM - 11:15 AM | 4-Skinner-Jones Hall Room 1601,Main Campus-UNF,Standard,OPEN,1,35,36,5
82760,EGN,1001C,EGN 1001C,Introduction to Engineering I,[REDACTED],MW | 9:00 AM - 9:50 AM | 42-Coggin College of Business Room 1020; M | 12:00 PM - 1:15 PM | 4-Skinner-Jones Hall Room 1601,Main Campus-UNF,Standard,OPEN,2,34,36,5
83074,EGN,1001C,EGN 1001C,Introduction to Engineering I,[REDACTED],MW | 9:00 AM - 9:50 AM | 42-Coggin College of Business Room 1020; W | 10:00 AM - 11:15 AM | 4-Skinner-Jones Hall Room 1601,Main Campus-UNF,Standard,FULL - WAITLIST AVAILABLE,0,36,36,5
83456,EGN,1001C,EGN 1001C,Introduction to Engineering I,[REDACTED],MW | 9:00 AM - 9:50 AM | 42-Coggin College of Business Room 1020; T | 1:40 PM - 2:55 PM | 4-Skinner-Jones Hall Room 1601,Main Campus-UNF,Standard,FULL - WAITLIST AVAILABLE,0,36,36,5
83742,EGN,1001C,EGN 1001C,Introduction to Engineering I,[REDACTED],MW | 9:00 AM - 9:50 AM | 42-Coggin College of Business Room 1020; R | 1:40 PM - 2:55 PM | 4-Skinner-Jones Hall Room 1601,Main Campus-UNF,Standard,OPEN,2,34,36,5
86157,EGN,1001C,EGN 1001C,Introduction to Engineering I,[REDACTED],MW | 9:00 AM - 9:50 AM | 42-Coggin College of Business Room 1020; W | 12:00 PM - 1:15 PM | 4-Skinner-Jones Hall Room 1601,Main Campus-UNF,Standard,FULL - WAITLIST AVAILABLE,0,36,36,5
82902,EGN,3203,EGN 3203,Modern Computational Methods,[REDACTED],TR | 3:05 PM - 4:20 PM | 4-Skinner-Jones Hall Room 2305,Main Campus-UNF,Standard,FULL,0,40,40,0
84177,EGN,3203,EGN 3203,Modern Computational Methods,[REDACTED],TR | 3:05 PM - 4:20 PM | 4-Skinner-Jones Hall Room 2306,Main Campus-UNF,Standard,FULL - WAITLIST AVAILABLE,0,20,20,20
82074,EGN,3311,EGN 3311,Statics,[REDACTED],TR | 12:15 PM - 1:30 PM | 4-Skinner-Jones Hall Room 1706,Main Campus-UNF,Standard,FULL - WAITLIST AVAILABLE,0,55,55,5
82896,EGN,3311,EGN 3311,Statics,[REDACTED],TR | 1:40 PM - 2:55 PM | 51-Social Sciences Room 1104,Main Campus-UNF,Standard,OPEN,4,42,46,5
82075,EGN,3321,EGN 3321,Dynamics,[REDACTED],TR | 10:50 AM - 12:05 PM | 15-John E. Mathews Room 1205,Main Campus-UNF,Standard,FULL - WAITLIST AVAILABLE,0,40,40,5
82903,EGN,3321,EGN 3321,Dynamics,[REDACTED],TR | 12:15 PM - 1:30 PM | 15-John E. Mathews Room 1205,Main Campus-UNF,Standard,OPEN,3,37,40,5
82525,EGN,3331,EGN 3331,Strength of Materials,[REDACTED],MW | 3:00 PM - 4:15 PM | 4-Skinner-Jones Hall Room 1702,Main Campus-UNF,Standard,OPEN,17,18,35,5
82904,EGN,3331,EGN 3331,Strength of Materials,[REDACTED],MW | 1:30 PM - 2:45 PM | 15-John E. Mathews Room 1206,Main Campus-UNF,Standard,FULL - WAITLIST AVAILABLE,0,36,36,5
85686,EHD,4290,EHD 4290,Differentiating Literacy Instruction for Deaf and Hard of Hearing Students,[REDACTED],M | 9:00 AM - 11:45 AM | Off Main Campus Room OFF-MC,Off-Campus: Internships,Independent,OPEN,6,4,10,5
84579,EHD,4291,EHD 4291,Content Area Curriculum &amp; Instruction for DHH Students,[REDACTED],W | 6:00 PM - 8:45 PM | 57-Petway Hall Room 2080,Main Campus-UNF,Standard,OPEN,23,7,30,0
83930,EHD,4311,EHD 4311,Psychology and Education of the Deaf,[REDACTED],Online,Distance Learning,Online (DL),OPEN,12,13,25,5
83274,EIN,3003,EIN 3003,Fundamentals of Industrial Engineering,[REDACTED],MW | 1:30 PM - 2:45 PM | 4-Skinner-Jones Hall Room 2307,Main Campus-UNF,Standard,OPEN,5,15,20,5
85035,EIN,3801,EIN 3801,Additive and Netshape Manufacturing,[REDACTED],TR | 12:15 PM - 1:30 PM | 4-Skinner-Jones Hall Room 2306,Main Campus-UNF,Standard,OPEN,5,10,15,5
85900,EIN,3801L,EIN 3801L,Additive and Netshape Manufacturing Laboratory,[REDACTED],W | 10:30 AM - 11:45 AM | 4-Skinner-Jones Hall Room 2306,Main Campus-UNF,Standard,OPEN,7,8,15,5
83457,EIN,4602C,EIN 4602C,Control of Machinery for Manufacturing,[REDACTED],MW | 3:00 PM - 4:15 PM | 4-Skinner-Jones Hall Room 2307,Main Campus-UNF,Standard,OPEN,3,12,15,5
83246,EMA,3010,EMA 3010,Introduction to Materials Science and Engineering,[REDACTED],TR | 8:00 AM - 9:15 AM | 51-Social Sciences Room 1205,Main Campus-UNF,Standard,OPEN,10,60,70,5
83722,EMA,3010,EMA 3010,Introduction to Materials Science and Engineering,[REDACTED],TR | 9:25 AM - 10:40 AM | 51-Social Sciences Room 1205,Main Campus-UNF,Standard,FULL - WAITLIST AVAILABLE,0,70,70,10
83223,EMA,5104,EMA 5104,Advanced Materials Principles I,[REDACTED],TR | 9:25 AM - 10:40 AM | 50-Science &amp; Engineering Room 2400,Main Campus-UNF,Standard,OPEN,12,8,20,20
83459,EMA,5504,EMA 5504,Materials Characterization,[REDACTED],TR | 10:50 AM - 12:05 PM | 50-Science &amp; Engineering Room 1402,Main Campus-UNF,Standard,OPEN,2,13,15,15
86044,EMA,6971,EMA 6971,Graduate Thesis Research,[REDACTED],TBA,Main Campus-UNF,Independent,FULL - WAITLIST AVAILABLE,0,1,1,1
86045,EMA,6971,EMA 6971,Graduate Thesis Research,[REDACTED],TBA,Main Campus-UNF,Independent,FULL - WAITLIST AVAILABLE,0,1,1,1
86046,EMA,6971,EMA 6971,Graduate Thesis Research,[REDACTED],TBA,Main Campus-UNF,Independent,OPEN,1,1,2,2
86142,EMA,6971,EMA 6971,Graduate Thesis Research,[REDACTED],TBA,Main Campus-UNF,Independent,OPEN,1,2,3,3
86153,EMA,6971,EMA 6971,Graduate Thesis Research,[REDACTED],TBA,Main Campus-UNF,Independent,FULL - WAITLIST AVAILABLE,0,1,1,1
86170,EMA,6971,EMA 6971,Graduate Thesis Research,[REDACTED],TBA,Main Campus-UNF,Independent,FULL - WAITLIST AVAILABLE,0,1,1,1
86226,EMA,6971,EMA 6971,Graduate Thesis Research,[REDACTED],TBA,Main Campus-UNF,Independent,FULL - WAITLIST AVAILABLE,0,1,1,1
86227,EMA,6971,EMA 6971,Graduate Thesis Research,[REDACTED],TBA,Main Campus-UNF,Independent,FULL - WAITLIST AVAILABLE,0,2,2,1
86275,EMA,6971,EMA 6971,Graduate Thesis Research,[REDACTED],TBA,Main Campus-UNF,Standard,FULL - WAITLIST AVAILABLE,0,1,1,1
86288,EMA,6971,EMA 6971,Graduate Thesis Research,[REDACTED],TBA,Main Campus-UNF,Independent,FULL - WAITLIST AVAILABLE,0,1,1,1
86323,EMA,6971,EMA 6971,Graduate Thesis Research,[REDACTED],TBA,Main Campus-UNF,Independent,FULL - WAITLIST AVAILABLE,0,1,1,1
86347,EMA,6971,EMA 6971,Graduate Thesis Research,[REDACTED],TBA,Main Campus-UNF,Independent,FULL - WAITLIST AVAILABLE,0,1,1,1
86406,EMA,6971,EMA 6971,Graduate Thesis Research,[REDACTED],TBA,Main Campus-UNF,Independent,FULL - WAITLIST AVAILABLE,0,1,1,1
86062,EMA,6973,EMA 6973,Graduate Thesis Defense,[REDACTED],TBA,Main Campus-UNF,Independent,FULL - WAITLIST AVAILABLE,0,1,1,1
86385,EMA,6973,EMA 6973,Graduate Thesis Defense,[REDACTED],TBA,Main Campus-UNF,Independent,FULL - WAITLIST AVAILABLE,0,1,1,1
83216,EME,2040,EME 2040,Introduction to Educational Technology for Learning Professionals,[REDACTED],Online,Distance Learning,Online (DL),OPEN,13,17,30,5
84769,EME,2040,EME 2040,Introduction to Educational Technology for Learning Professionals,[REDACTED],Online,Distance Learning,Online (DL),OPEN,3,27,30,5
86074,EME,3351,EME 3351,Adult Learning Theory and Curriculum Development,[REDACTED],Online,Distance Learning,Online (DL),OPEN,26,4,30,0
86075,EME,4043,EME 4043,Instructional Technology Leadership,[REDACTED],Online,Distance Learning,Online (DL),OPEN,28,2,30,0
84564,EME,6344,EME 6344,Lifelong Learning and Professional Development,[REDACTED],Online,Distance Learning,Online (DL),OPEN,5,25,30,5
84297,EME,6601,EME 6601,Instructional Design and Applications,[REDACTED],Online,Distance Learning,Online (DL),OPEN,5,25,30,5
85744,EME,6678,EME 6678,Effective Training Design and Development,[REDACTED],Online,Distance Learning,Online (DL),OPEN,1,31,32,5
82691,EML,3015,EML 3015,Fluids,[REDACTED],TR | 1:40 PM - 2:55 PM | 4-Skinner-Jones Hall Room 1704,Main Campus-UNF,Standard,OPEN,9,56,65,5
82959,EML,3100,EML 3100,Thermodynamics I,[REDACTED],TR | 4:30 PM - 5:45 PM | 4-Skinner-Jones Hall Room 1705,Main Campus-UNF,Standard,OPEN,22,53,75,10
82761,EML,3101,EML 3101,Thermodynamics II,[REDACTED],MW | 3:00 PM - 4:15 PM | 15-John E. Mathews Room 1205,Main Campus-UNF,Standard,OPEN,9,31,40,5
83035,EML,3101,EML 3101,Thermodynamics II,[REDACTED],TR | 9:25 AM - 10:40 AM | 4-Skinner-Jones Hall Room 1704,Main Campus-UNF,Standard,OPEN,12,28,40,5
82076,EML,3535C,EML 3535C,Modern Engineering CAD,[REDACTED],Online,Distance Learning,Online (DL),OPEN,1,74,75,5
83036,EML,4301C,EML 4301C,Control of Machinery,[REDACTED],TR | 1:40 PM - 2:55 PM | 4-Skinner-Jones Hall Room 4302,Main Campus-UNF,Standard,FULL - WAITLIST AVAILABLE,0,35,35,10
83166,EML,4301C,EML 4301C,Control of Machinery,[REDACTED],TR | 12:15 PM - 1:30 PM | 4-Skinner-Jones Hall Room 4302,Main Campus-UNF,Standard,OPEN,1,34,35,10
82692,EML,4304L,EML 4304L,Thermal Sciences Laboratory I,[REDACTED],M | 12:00 PM - 1:15 PM | 4-Skinner-Jones Hall Room 4302,Main Campus-UNF,Standard,OPEN,1,13,14,8
82693,EML,4304L,EML 4304L,Thermal Sciences Laboratory I,[REDACTED],W | 12:00 PM - 1:15 PM | 4-Skinner-Jones Hall Room 4302,Main Campus-UNF,Standard,FULL - WAITLIST AVAILABLE,0,14,14,8
82762,EML,4304L,EML 4304L,Thermal Sciences Laboratory I,[REDACTED],M | 1:30 PM - 2:45 PM | 4-Skinner-Jones Hall Room 4302,Main Campus-UNF,Standard,OPEN,1,13,14,8
83037,EML,4304L,EML 4304L,Thermal Sciences Laboratory I,[REDACTED],W | 1:30 PM - 2:45 PM | 4-Skinner-Jones Hall Room 4302,Main Campus-UNF,Standard,FULL - WAITLIST AVAILABLE,0,14,14,8
83723,EML,4304L,EML 4304L,Thermal Sciences Laboratory I,[REDACTED],M | 3:00 PM - 4:15 PM | 4-Skinner-Jones Hall Room 4302,Main Campus-UNF,Standard,OPEN,3,11,14,8
84179,EML,4304L,EML 4304L,Thermal Sciences Laboratory I,[REDACTED],W | 3:00 PM - 4:15 PM | 4-Skinner-Jones Hall Room 4302,Main Campus-UNF,Standard,FULL - WAITLIST AVAILABLE,0,14,14,8
86256,EML,4320C,EML 4320C,Integrated Design and Manufacturing,[REDACTED],W | 9:00 AM - 10:15 AM | 4-Skinner-Jones Hall Room 4311; F | 12:00 PM - 2:50 PM | 2-Founders Hall Room 1017,Main Campus-UNF,Standard,OPEN,4,26,30,10
82626,EML,4507C,EML 4507C,Finite Element Model/Analysis,[REDACTED],MW | 9:00 AM - 10:15 AM | 4-Skinner-Jones Hall Room 2305,Main Campus-UNF,Standard,OPEN,7,28,35,10
82747,EML,4507C,EML 4507C,Finite Element Model/Analysis,[REDACTED],MW | 10:30 AM - 11:45 AM | 4-Skinner-Jones Hall Room 2305,Main Campus-UNF,Standard,OPEN,1,35,36,10
84181,EML,4541,EML 4541,Design Against Mechanical Failure,[REDACTED],TR | 3:05 PM - 4:20 PM | 4-Skinner-Jones Hall Room 2307,Main Campus-UNF,Standard,FULL - WAITLIST AVAILABLE,0,17,17,5
82077,EML,4551,EML 4551,Senior Capstone Design I: MEC,[REDACTED],TR | 9:25 AM - 12:05 PM | 15-John E. Mathews Room 1304,Main Campus-UNF,Standard,OPEN,6,64,70,5
83270,EML,4551,EML 4551,Senior Capstone Design I: AME,[REDACTED],TR | 9:25 AM - 12:05 PM | 15-John E. Mathews Room 1304,Main Campus-UNF,Standard,OPEN,4,11,15,5
84191,EML,4911,EML 4911,Supervised Undergraduate Research,[REDACTED],TBA,Main Campus-UNF,Independent,OPEN,9,1,10,5
84192,EML,4911,EML 4911,Supervised Undergraduate Research,[REDACTED],TBA,Main Campus-UNF,Independent,OPEN,9,1,10,5
85415,EML,4911,EML 4911,Supervised Undergraduate Research,[REDACTED],TBA,Main Campus-UNF,Independent,OPEN,8,2,10,5
85422,EML,4911,EML 4911,Supervised Undergraduate Research,[REDACTED],TBA,Main Campus-UNF,Independent,OPEN,8,2,10,5
85423,EML,4911,EML 4911,Supervised Undergraduate Research,[REDACTED],TBA,Main Campus-UNF,Independent,OPEN,8,2,10,5
85424,EML,4911,EML 4911,Supervised Undergraduate Research,[REDACTED],TBA,Main Campus-UNF,Independent,OPEN,9,1,10,5
86054,EML,4911,EML 4911,Supervised Undergraduate Research,[REDACTED],TBA,Main Campus-UNF,Independent,OPEN,4,1,5,5
86531,EML,4911,EML 4911,Supervised Undergraduate Research,[REDACTED],TBA,Main Campus-UNF,Independent,OPEN,10,0,10,5
86532,EML,4911,EML 4911,Supervised Undergraduate Research,[REDACTED],TBA,Main Campus-UNF,Independent,OPEN,5,0,5,5
85356,EML,4930,EML 4930,ST: Adv Manuf  Sustainability,[REDACTED],MW | 12:00 PM - 1:15 PM | 4-Skinner-Jones Hall Room 2306,Main Campus-UNF,Standard,OPEN,1,9,10,5
83458,EML,4949,EML 4949,Mechanical Engineering Internship,[REDACTED],Off Main Campus Room OFF-MC,Off-Campus: Internships,Independent,OPEN,4,1,5,5
83725,EML,4949,EML 4949,Mechanical Engineering Internship,[REDACTED],Off Main Campus Room OFF-MC,Off-Campus: Internships,Independent,OPEN,2,3,5,5
85899,EML,4950C,EML 4950C,Formula Race Car,[REDACTED],MW | 1:30 PM - 2:45 PM | 15-John E. Mathews Room 1204,Main Campus-UNF,Standard,OPEN,3,17,20,5
84554,EML,5932,EML 5932,ST: Design against Mech Failur,[REDACTED],TR | 3:05 PM - 4:20 PM | 4-Skinner-Jones Hall Room 2307,Main Campus-UNF,Standard,FULL - WAITLIST AVAILABLE,0,3,3,5
84933,EML,5932,EML 5932,ST: Modeling in Biomechanics,[REDACTED],F | 9:00 AM - 11:50 AM | 4-Skinner-Jones Hall Room 2307,Main Campus-UNF,Standard,FULL,0,2,2,0
85440,EML,6900,EML 6900,Supervised Graduate Research,[REDACTED],TBA,Main Campus-UNF,Independent,OPEN,4,1,5,5
86461,EML,6900,EML 6900,Supervised Graduate Research,[REDACTED],TBA,Main Campus-UNF,Independent,FULL,0,1,1,0
86478,EML,6901,EML 6901,Directed Independent Study,[REDACTED],TBA,Main Campus-UNF,Independent,FULL,0,1,1,0
85461,EML,6910,EML 6910,Fundamental Graduate Research in Mechanical Engineering,[REDACTED],TBA,Main Campus-UNF,Independent,OPEN,4,1,5,5
85463,EML,6910,EML 6910,Fundamental Graduate Research in Mechanical Engineering,[REDACTED],TBA,Main Campus-UNF,Independent,OPEN,4,1,5,5
85465,EML,6910,EML 6910,Fundamental Graduate Research in Mechanical Engineering,[REDACTED],TBA,Main Campus-UNF,Independent,OPEN,4,1,5,5
85453,EML,6912,EML 6912,Intermediate Graduate Research in Mechanical Engineering,[REDACTED],TBA,Main Campus-UNF,Independent,OPEN,4,1,5,5
84211,EML,6972,EML 6972,Mechanical Engineering Master&#39;s Thesis,[REDACTED],TBA,Main Campus-UNF,Independent,OPEN,4,1,5,5
84213,EML,6972,EML 6972,Mechanical Engineering Master&#39;s Thesis,[REDACTED],TBA,Main Campus-UNF,Independent,OPEN,4,1,5,5
85478,EML,6972,EML 6972,Mechanical Engineering Master&#39;s Thesis,[REDACTED],TBA,Main Campus-UNF,Independent,OPEN,4,1,5,5
85479,EML,6972,EML 6972,Mechanical Engineering Master&#39;s Thesis,[REDACTED],TBA,Main Campus-UNF,Independent,OPEN,4,1,5,5
86462,EML,6972,EML 6972,Mechanical Engineering Master&#39;s Thesis,[REDACTED],TBA,Main Campus-UNF,Independent,FULL,0,1,1,0
82001,ENC,1101,ENC 1101,(GW) Writing for Audience and Purpose,[REDACTED],TR | 4:30 PM - 5:45 PM | 9-Fred Schultz Hall Room 1411,Main Campus-UNF,Standard,FULL - WAITLIST AVAILABLE,0,24,24,10
82158,ENC,1101,ENC 1101,(GW) Writing for Audience and Purpose,[REDACTED],TR | 12:15 PM - 1:30 PM | 4-Skinner-Jones Hall Room 1701,Main Campus-UNF,Standard,FULL - WAITLIST AVAILABLE,-1,25,24,10
82357,ENC,1101,ENC 1101,(GW) Writing for Audience and Purpose,[REDACTED],MWF | 11:00 AM - 11:50 AM | 45-Fine Arts Center Room 2412,Main Campus-UNF,Standard,FULL - WAITLIST AVAILABLE,0,24,24,10
82365,ENC,1101,ENC 1101,(GW) Writing for Audience and Purpose,[REDACTED],MWF | 9:00 AM - 9:50 AM | 15-John E. Mathews Room 1204,Main Campus-UNF,Standard,FULL - WAITLIST AVAILABLE,0,24,24,10
82505,ENC,1101,ENC 1101,(GW) Writing for Audience and Purpose,[REDACTED],R | 12:15 PM - 1:30 PM | 57-Petway Hall Room 1280; Online,Hybrid - On Campus/Online,Hybrid,FULL - WAITLIST AVAILABLE,0,24,24,10
82575,ENC,1101,ENC 1101,(GW) Writing for Audience and Purpose,[REDACTED],R | 12:15 PM - 1:30 PM | 57-Petway Hall Room 2010; Online,Hybrid - On Campus/Online,Hybrid,FULL - WAITLIST AVAILABLE,0,24,24,10
82662,ENC,1101,ENC 1101,(GW) Writing for Audience and Purpose,[REDACTED],MW | 3:00 PM - 4:15 PM | 9-Fred Schultz Hall Room 1413,Main Campus-UNF,Standard,OPEN,1,23,24,10
82859,ENC,1101,ENC 1101,(GW) Writing for Audience and Purpose,[REDACTED],TR | 4:30 PM - 5:45 PM | 57-Petway Hall Room 1280,Main Campus-UNF,Standard,FULL - WAITLIST AVAILABLE,0,24,24,10
82860,ENC,1101,ENC 1101,(GW) Writing for Audience and Purpose,[REDACTED],TR | 8:00 AM - 9:15 AM | 9-Fred Schultz Hall Room 1411,Main Campus-UNF,Standard,FULL - WAITLIST AVAILABLE,0,24,24,10
82877,ENC,1101,ENC 1101,(GW) Writing for Audience and Purpose,[REDACTED],TR | 3:05 PM - 4:20 PM | 42-Coggin College of Business Room 1116,Main Campus-UNF,Standard,FULL - WAITLIST AVAILABLE,0,24,24,10
83117,ENC,1101,ENC 1101,(GW) Writing for Audience and Purpose,[REDACTED],MWF | 12:00 PM - 12:50 PM | 45-Fine Arts Center Room 2610,Main Campus-UNF,Standard,OPEN,2,22,24,10
83135,ENC,1101,ENC 1101,(GW) Writing for Audience and Purpose,[REDACTED],Online,Distance Learning,Online (DL),FULL - WAITLIST AVAILABLE,0,24,24,10
83238,ENC,1101,ENC 1101,(GW) Writing for Audience and Purpose,[REDACTED],R | 9:25 AM - 10:40 AM | 15-John E. Mathews Room 1204; Online,Hybrid - On Campus/Online,Hybrid,FULL - WAITLIST AVAILABLE,0,24,24,10
83242,ENC,1101,ENC 1101,(GW) Writing for Audience and Purpose,[REDACTED],R | 9:25 AM - 10:40 AM | 45-Fine Arts Center Room 2610; Online,Hybrid - On Campus/Online,Hybrid,FULL - WAITLIST AVAILABLE,0,24,24,10
83253,ENC,1101,ENC 1101,(GW) Writing for Audience and Purpose,[REDACTED],TR | 4:30 PM - 5:45 PM | 57-Petway Hall Room 2050,Main Campus-UNF,Standard,OPEN,1,23,24,10
83438,ENC,1101,ENC 1101,(GW) Writing for Audience and Purpose,[REDACTED],MWF | 11:00 AM - 11:50 AM | 15-John E. Mathews Room 1206,Main Campus-UNF,Standard,FULL - WAITLIST AVAILABLE,0,24,24,10
83527,ENC,1101,ENC 1101,(GW) Writing for Audience and Purpose,[REDACTED],MW | 1:30 PM - 2:45 PM | 45-Fine Arts Center Room 2610,Main Campus-UNF,Standard,FULL - WAITLIST AVAILABLE,0,24,24,10
83642,ENC,1101,ENC 1101,(GW) Writing for Audience and Purpose,[REDACTED],Online,Distance Learning,Online (DL),OPEN,1,23,24,10
83643,ENC,1101,ENC 1101,(GW) Writing for Audience and Purpose,[REDACTED],Online,Distance Learning,Online (DL),FULL - WAITLIST AVAILABLE,0,24,24,10
83644,ENC,1101,ENC 1101,(GW) Writing for Audience and Purpose,[REDACTED],MWF | 11:00 AM - 11:50 AM | 42-Coggin College of Business Room 1111,Main Campus-UNF,Standard,FULL - WAITLIST AVAILABLE,0,24,24,10
83659,ENC,1101,ENC 1101,(GW) Writing for Audience and Purpose,[REDACTED],MW | 4:30 PM - 5:45 PM | 42-Coggin College of Business Room 1105,Main Campus-UNF,Standard,OPEN,2,22,24,10
83678,ENC,1101,ENC 1101,(GW) Writing for Audience and Purpose,[REDACTED],MWF | 10:00 AM - 10:50 AM | 9-Fred Schultz Hall Room 1411,Main Campus-UNF,Standard,FULL - WAITLIST AVAILABLE,0,24,24,10
84771,ENC,1101,ENC 1101,(GW) Writing for Audience and Purpose,[REDACTED],MWF | 10:00 AM - 10:50 AM | 42-Coggin College of Business Room 1111,Main Campus-UNF,Standard,OPEN,1,23,24,10
84772,ENC,1101,ENC 1101,(GW) Writing for Audience and Purpose,[REDACTED],Online,Distance Learning,Online (DL),FULL - WAITLIST AVAILABLE,0,24,24,10
84773,ENC,1101,ENC 1101,(GW) Writing for Audience and Purpose,[REDACTED],Online,Distance Learning,Online (DL),FULL - WAITLIST AVAILABLE,0,24,24,10
84823,ENC,1101,ENC 1101,(GW) Writing for Audience and Purpose,[REDACTED],Online,Distance Learning,Online (DL),FULL - WAITLIST AVAILABLE,-1,25,24,10
84838,ENC,1101,ENC 1101,(GW) Writing for Audience and Purpose,[REDACTED],MWF | 11:00 AM - 11:50 AM | 39-J. Brooks Brown Hall Room 4002A,Main Campus-UNF,Standard,FULL - WAITLIST AVAILABLE,0,24,24,10
84846,ENC,1101,ENC 1101,(GW) Writing for Audience and Purpose,[REDACTED],MW | 4:30 PM - 5:45 PM | 51-Social Sciences Room 1103,Main Campus-UNF,Standard,OPEN,1,23,24,10
85292,ENC,1101,ENC 1101,(GW) Writing for Audience and Purpose,[REDACTED],Online,Distance Learning,Online (DL),FULL - WAITLIST AVAILABLE,0,24,24,10
85293,ENC,1101,ENC 1101,(GW) Writing for Audience and Purpose,[REDACTED],Online,Distance Learning,Online (DL),FULL - WAITLIST AVAILABLE,0,24,24,10
85685,ENC,1101,ENC 1101,(GW) Writing for Audience and Purpose,[REDACTED],TR | 8:00 AM - 9:15 AM | 9-Fred Schultz Hall Room 1413,Main Campus-UNF,Standard,FULL - WAITLIST AVAILABLE,0,24,24,10
86200,ENC,1101,ENC 1101,(GW) Writing for Audience and Purpose,[REDACTED],MWF | 9:00 AM - 9:50 AM | 39A-J. Brooks Brown Hall Addit Room 1032,Main Campus-UNF,Standard,OPEN,2,22,24,24
86201,ENC,1101,ENC 1101,(GW) Writing for Audience and Purpose,[REDACTED],TR | 12:15 PM - 1:30 PM | 9-Fred Schultz Hall Room 2301,Main Campus-UNF,Standard,FULL - WAITLIST AVAILABLE,0,20,20,1
86220,ENC,1101,ENC 1101,(GW) Writing for Audience and Purpose,[REDACTED],MWF | 10:00 AM - 10:50 AM | 45-Fine Arts Center Room 2610,Main Campus-UNF,Standard,OPEN,1,23,24,24
86221,ENC,1101,ENC 1101,(GW) Writing for Audience and Purpose,[REDACTED],MWF | 11:00 AM - 11:50 AM | 57-Petway Hall Room 2080,Main Campus-UNF,Standard,FULL - WAITLIST AVAILABLE,0,24,24,24
86241,ENC,1101,ENC 1101,(GW) Writing for Audience and Purpose,[REDACTED],TR | 12:15 PM - 1:30 PM | 9-Fred Schultz Hall Room 2302,Main Campus-UNF,Standard,OPEN,1,20,21,10
86242,ENC,1101,ENC 1101,(GW) Writing for Audience and Purpose,[REDACTED],MWF | 10:00 AM - 10:50 AM | 42-Coggin College of Business Room 1105,Main Campus-UNF,Standard,FULL - WAITLIST AVAILABLE,0,22,22,10
82393,ENC,1143,ENC 1143,(GW) Writing with Evidence and Style,[REDACTED],T | 9:25 AM - 10:40 AM | 42-Coggin College of Business Room 1101; Online,Hybrid - On Campus/Online,Hybrid,FULL - WAITLIST AVAILABLE,0,27,27,10
83402,ENC,1143,ENC 1143,(GW) Writing with Evidence and Style,[REDACTED],Online,Distance Learning,Online (DL),FULL - WAITLIST AVAILABLE,0,27,27,10
83403,ENC,1143,ENC 1143,(GW) Writing with Evidence and Style,[REDACTED],Online,Distance Learning,Online (DL),OPEN,5,22,27,10
83416,ENC,1143,ENC 1143,(GW) Writing with Evidence and Style,[REDACTED],MWF | 9:00 AM - 9:50 AM | 42-Coggin College of Business Room 1102,Main Campus-UNF,Standard,OPEN,2,25,27,10
83950,ENC,1143,ENC 1143,(GW) Writing with Evidence and Style,[REDACTED],Online,Distance Learning,Online (DL),FULL - WAITLIST AVAILABLE,0,27,27,10
84038,ENC,1143,ENC 1143,(GW) Writing with Evidence and Style,[REDACTED],Online,Distance Learning,Online (DL),FULL - WAITLIST AVAILABLE,0,27,27,10
84060,ENC,1143,ENC 1143,(GW) Writing with Evidence and Style,[REDACTED],MWF | 10:00 AM - 10:50 AM | 15-John E. Mathews Room 1204,Main Campus-UNF,Standard,FULL - WAITLIST AVAILABLE,0,27,27,10
84135,ENC,1143,ENC 1143,(GW) Writing with Evidence and Style,[REDACTED],Online,Distance Learning,Online (DL),FULL - WAITLIST AVAILABLE,0,27,27,10
84334,ENC,1143,ENC 1143,(GW) Writing with Evidence and Style,[REDACTED],Online,Distance Learning,Online (DL),FULL - WAITLIST AVAILABLE,-1,28,27,10
84335,ENC,1143,ENC 1143,(GW) Writing with Evidence and Style,[REDACTED],MWF | 9:00 AM - 9:50 AM | 39-J. Brooks Brown Hall Room 4029A,Main Campus-UNF,Standard,OPEN,1,26,27,10
84336,ENC,1143,ENC 1143,(GW) Writing with Evidence and Style,[REDACTED],MWF | 10:00 AM - 10:50 AM | 39-J. Brooks Brown Hall Room 4029A,Main Campus-UNF,Standard,OPEN,1,26,27,10
84337,ENC,1143,ENC 1143,(H)(GW) Evidence and Style,[REDACTED],Online,Distance Learning,Online (DL),OPEN,15,12,27,10
84341,ENC,1143,ENC 1143,(GW) Writing with Evidence and Style,[REDACTED],Online,Distance Learning,Online (DL),FULL - WAITLIST AVAILABLE,0,27,27,10
84342,ENC,1143,ENC 1143,(GW) Writing with Evidence and Style,[REDACTED],Online,Distance Learning,Online (DL),FULL - WAITLIST AVAILABLE,0,27,27,10
84343,ENC,1143,ENC 1143,(GW) Writing with Evidence and Style,[REDACTED],TR | 12:15 PM - 1:30 PM | 42-Coggin College of Business Room 1105,Main Campus-UNF,Standard,FULL - WAITLIST AVAILABLE,0,27,27,10
84344,ENC,1143,ENC 1143,(GW) Writing with Evidence and Style,[REDACTED],Online,Distance Learning,Online (DL),FULL - WAITLIST AVAILABLE,0,27,27,10
84345,ENC,1143,ENC 1143,(GW) Writing with Evidence and Style,[REDACTED],Online,Distance Learning,Online (DL),FULL - WAITLIST AVAILABLE,0,27,27,10
84346,ENC,1143,ENC 1143,(GW) Writing with Evidence and Style,[REDACTED],Online,Distance Learning,Online (DL),FULL - WAITLIST AVAILABLE,0,27,27,10
84347,ENC,1143,ENC 1143,(GW) Writing with Evidence and Style,[REDACTED],MWF | 10:00 AM - 10:50 AM | 15-John E. Mathews Room 1202,Main Campus-UNF,Standard,OPEN,1,26,27,10
84348,ENC,1143,ENC 1143,(GW) Writing with Evidence and Style,[REDACTED],MWF | 11:00 AM - 11:50 AM | 39-J. Brooks Brown Hall Room 1003A,Main Campus-UNF,Standard,FULL - WAITLIST AVAILABLE,0,27,27,10
84370,ENC,1143,ENC 1143,(GW) Writing with Evidence and Style,[REDACTED],MWF | 10:00 AM - 10:50 AM | 42-Coggin College of Business Room 1102,Main Campus-UNF,Standard,FULL - WAITLIST AVAILABLE,0,27,27,10
84451,ENC,1143,ENC 1143,(GW) Writing with Evidence and Style,[REDACTED],MWF | 9:00 AM - 9:50 AM | 42-Coggin College of Business Room 1111,Main Campus-UNF,Standard,FULL - WAITLIST AVAILABLE,0,27,27,10
84452,ENC,1143,ENC 1143,(GW) Writing with Evidence and Style,[REDACTED],MW | 3:00 PM - 4:15 PM | 2-Founders Hall Room 2002,Main Campus-UNF,Standard,OPEN,1,26,27,10
84453,ENC,1143,ENC 1143,(GW) Writing with Evidence and Style,[REDACTED],TR | 10:50 AM - 12:05 PM | 57-Petway Hall Room 2010,Main Campus-UNF,Standard,FULL - WAITLIST AVAILABLE,0,27,27,10
84725,ENC,1143,ENC 1143,(GW) Writing with Evidence and Style,[REDACTED],Online,Distance Learning,Online (DL),FULL - WAITLIST AVAILABLE,0,27,27,10
84732,ENC,1143,ENC 1143,(GW) Writing with Evidence and Style,[REDACTED],TR | 1:40 PM - 2:55 PM | 57-Petway Hall Room 1270,Main Campus-UNF,Standard,FULL - WAITLIST AVAILABLE,0,27,27,10
84733,ENC,1143,ENC 1143,(GW) Writing with Evidence and Style,[REDACTED],TR | 4:30 PM - 5:45 PM | 39-J. Brooks Brown Hall Room 4029A,Main Campus-UNF,Standard,OPEN,4,23,27,10
84738,ENC,1143,ENC 1143,(GW) Writing with Evidence and Style,[REDACTED],TR | 12:15 PM - 1:30 PM | 57-Petway Hall Room 1270,Main Campus-UNF,Standard,FULL - WAITLIST AVAILABLE,0,27,27,10
84826,ENC,1143,ENC 1143,(GW) Writing with Evidence and Style,[REDACTED],TR | 4:30 PM - 5:45 PM | 57-Petway Hall Room 2070,Main Campus-UNF,Standard,OPEN,2,25,27,10
84839,ENC,1143,ENC 1143,(GW) Writing with Evidence and Style,[REDACTED],Online,Distance Learning,Online (DL),FULL - WAITLIST AVAILABLE,0,27,27,10
84847,ENC,1143,ENC 1143,(GW) Writing with Evidence and Style,[REDACTED],MWF | 11:00 AM - 11:50 AM | 42-Coggin College of Business Room 1105,Main Campus-UNF,Standard,OPEN,1,26,27,10
84987,ENC,1143,ENC 1143,(GW) Writing with Evidence and Style,[REDACTED],MW | 4:30 PM - 5:45 PM | 15-John E. Mathews Room 1204,Main Campus-UNF,Standard,FULL - WAITLIST AVAILABLE,0,27,27,10
84990,ENC,1143,ENC 1143,(GW) Writing with Evidence and Style,[REDACTED],Online,Distance Learning,Online (DL),FULL - WAITLIST AVAILABLE,0,27,27,10
84994,ENC,1143,ENC 1143,(GW) Writing with Evidence and Style,[REDACTED],TR | 3:05 PM - 4:20 PM | 9-Fred Schultz Hall Room 1411,Main Campus-UNF,Standard,OPEN,1,26,27,10
85682,ENC,1143,ENC 1143,(GW) Writing with Evidence and Style,[REDACTED],TR | 10:50 AM - 12:05 PM | 42-Coggin College of Business Room 1116,Main Campus-UNF,Standard,OPEN,2,25,27,10
85684,ENC,1143,ENC 1143,(GW) Writing with Evidence and Style,[REDACTED],MW | 1:30 PM - 2:45 PM | 59-Biological Sciences Room 2701,Main Campus-UNF,Standard,FULL - WAITLIST AVAILABLE,0,27,27,10
85688,ENC,1143,ENC 1143,(GW) Evidence &amp; Style,[REDACTED],MW | 4:30 PM - 5:45 PM | 2-Founders Hall Room 2210,Main Campus-UNF,Standard,FULL - WAITLIST AVAILABLE,0,27,27,10
85690,ENC,1143,ENC 1143,(GW) Writing with Evidence and Style,[REDACTED],TR | 10:50 AM - 12:05 PM | 9-Fred Schultz Hall Room 1413,Main Campus-UNF,Standard,FULL - WAITLIST AVAILABLE,0,27,27,10
85696,ENC,1143,ENC 1143,(GW) Evidence &amp; Style,[REDACTED],MWF | 10:00 AM - 10:50 AM | 39-J. Brooks Brown Hall Room 1003A,Main Campus-UNF,Standard,FULL - WAITLIST AVAILABLE,0,27,27,10
85706,ENC,1143,ENC 1143,(GW) Writing with Evidence and Style,[REDACTED],MWF | 11:00 AM - 11:50 AM | 9-Fred Schultz Hall Room 1411,Main Campus-UNF,Standard,OPEN,1,26,27,10
85859,ENC,1143,ENC 1143,(GW) Writing with Evidence and Style,[REDACTED],MWF | 9:00 AM - 9:50 AM | 9-Fred Schultz Hall Room 1413,Main Campus-UNF,Standard,FULL - WAITLIST AVAILABLE,0,27,27,20
85860,ENC,1143,ENC 1143,(GW) Writing with Evidence and Style,[REDACTED],MWF | 10:00 AM - 10:50 AM | 2-Founders Hall Room 2218,Main Campus-UNF,Standard,FULL - WAITLIST AVAILABLE,0,27,27,20
85903,ENC,1143,ENC 1143,(GW) Writing with Evidence and Style,[REDACTED],MWF | 11:00 AM - 11:50 AM | 42-Coggin College of Business Room 1101,Main Campus-UNF,Standard,FULL - WAITLIST AVAILABLE,0,24,24,20
85930,ENC,1143,ENC 1143,(GW) Writing with Evidence and Style,[REDACTED],MWF | 8:00 AM - 8:50 AM | 9-Fred Schultz Hall Room 1413,Main Campus-UNF,Standard,OPEN,1,26,27,20
86208,ENC,1143,ENC 1143,(GW) Writing with Evidence and Style,[REDACTED],TR | 4:30 PM - 5:45 PM | 45-Fine Arts Center Room 2610,Main Campus-UNF,Standard,FULL - WAITLIST AVAILABLE,0,27,27,27
86209,ENC,1143,ENC 1143,(GW) Writing with Evidence and Style,[REDACTED],TR | 4:30 PM - 5:45 PM | 39-J. Brooks Brown Hall Room 1002A,Main Campus-UNF,Standard,FULL - WAITLIST AVAILABLE,0,27,27,27
86210,ENC,1143,ENC 1143,(GW) Writing with Evidence and Style,[REDACTED],TR | 3:05 PM - 4:20 PM | 57-Petway Hall Room 1260,Main Campus-UNF,Standard,FULL - WAITLIST AVAILABLE,0,27,27,27
86211,ENC,1143,ENC 1143,(GW) Writing with Evidence and Style,[REDACTED],TR | 3:05 PM - 4:20 PM | 45-Fine Arts Center Room 2610,Main Campus-UNF,Standard,OPEN,1,26,27,27
86212,ENC,1143,ENC 1143,(GW) Writing with Evidence and Style,[REDACTED],TR | 1:40 PM - 2:55 PM | 39A-J. Brooks Brown Hall Addit Room 1032,Main Campus-UNF,Standard,FULL - WAITLIST AVAILABLE,0,26,26,26
86213,ENC,1143,ENC 1143,(GW) Writing with Evidence and Style,[REDACTED],MWF | 9:00 AM - 9:50 AM | 57-Petway Hall Room 2010,Main Campus-UNF,Standard,FULL - WAITLIST AVAILABLE,0,27,27,27
86214,ENC,1143,ENC 1143,(GW) Writing with Evidence and Style,[REDACTED],MWF | 9:00 AM - 9:50 AM | 45-Fine Arts Center Room 2610,Main Campus-UNF,Standard,FULL - WAITLIST AVAILABLE,0,27,27,27
86215,ENC,1143,ENC 1143,(GW) Writing with Evidence and Style,[REDACTED],MWF | 11:00 AM - 11:50 AM | 57-Petway Hall Room 2010,Main Campus-UNF,Standard,FULL - WAITLIST AVAILABLE,0,27,27,27
86216,ENC,1143,ENC 1143,(GW) Writing with Evidence and Style,[REDACTED],MWF | 11:00 AM - 11:50 AM | 4-Skinner-Jones Hall Room 1702,Main Campus-UNF,Standard,FULL - WAITLIST AVAILABLE,0,27,27,27
86217,ENC,1143,ENC 1143,(GW) Writing with Evidence and Style,[REDACTED],MWF | 10:00 AM - 10:50 AM | 57-Petway Hall Room 2050,Main Campus-UNF,Standard,FULL - WAITLIST AVAILABLE,0,27,27,27
86222,ENC,1143,ENC 1143,(GW) Writing with Evidence and Style,[REDACTED],MW | 4:30 PM - 5:45 PM | 42-Coggin College of Business Room 1111,Main Campus-UNF,Standard,FULL - WAITLIST AVAILABLE,0,27,27,27
86223,ENC,1143,ENC 1143,(GW) Writing with Evidence and Style,[REDACTED],MWF | 10:00 AM - 10:50 AM | 57-Petway Hall Room 1270,Main Campus-UNF,Standard,FULL - WAITLIST AVAILABLE,0,27,27,27
86243,ENC,1143,ENC 1143,(GW) Writing with Evidence and Style,[REDACTED],Online,Distance Learning,Online (DL),FULL - WAITLIST AVAILABLE,0,27,27,10
86244,ENC,1143,ENC 1143,(GW) Writing with Evidence and Style,[REDACTED],MWF | 11:00 AM - 11:50 AM | 42-Coggin College of Business Room 1113,Main Campus-UNF,Standard,FULL - WAITLIST AVAILABLE,0,27,27,10
86245,ENC,1143,ENC 1143,(GW) Writing with Evidence and Style,[REDACTED],MWF | 11:00 AM - 11:50 AM | 42-Coggin College of Business Room 2120,Main Campus-UNF,Standard,OPEN,1,26,27,3
86315,ENC,1143,ENC 1143,(GW) Writing with Evidence and Style,[REDACTED],MWF | 10:00 AM - 10:50 AM | 42-Coggin College of Business Room 1113,Main Campus-UNF,Standard,OPEN,1,26,27,10
86316,ENC,1143,ENC 1143,(GW) Writing with Evidence and Style,[REDACTED],MWF | 11:00 AM - 11:50 AM | 4-Skinner-Jones Hall Room 1703,Main Campus-UNF,Standard,FULL - WAITLIST AVAILABLE,0,27,27,10
86321,ENC,1143,ENC 1143,(GW) Writing with Evidence and Style,[REDACTED],M | 3:00 PM - 4:15 PM | 45-Fine Arts Center Room 2412; Online,Hybrid - On Campus/Online,Hybrid,FULL - WAITLIST AVAILABLE,0,27,27,10
86322,ENC,1143,ENC 1143,(GW) Writing with Evidence and Style,[REDACTED],W | 3:00 PM - 4:15 PM | 45-Fine Arts Center Room 2412; Online,Hybrid - On Campus/Online,Hybrid,FULL - WAITLIST AVAILABLE,0,27,27,10
86397,ENC,1143,ENC 1143,(GW) Writing with Evidence and Style,[REDACTED],MWF | 9:00 AM - 9:50 AM | 42-Coggin College of Business Room 1113,Main Campus-UNF,Standard,OPEN,15,12,27,10
86400,ENC,1143,ENC 1143,(GW) Writing with Evidence and Style,[REDACTED],MW | 1:30 PM - 2:45 PM | 2-Founders Hall Room 1018,Main Campus-UNF,Standard,FULL - WAITLIST AVAILABLE,0,27,27,10
82723,ENC,2210,ENC 2210,(GW) Technical Writing,[REDACTED],Online,Distance Learning,Online (DL),FULL - WAITLIST AVAILABLE,0,27,27,10
83401,ENC,2210,ENC 2210,(GW) Technical Writing,[REDACTED],Online,Distance Learning,Online (DL),FULL - WAITLIST AVAILABLE,0,27,27,10
83645,ENC,2210,ENC 2210,(GW) Technical Writing,[REDACTED],Online,Distance Learning,Online (DL),FULL - WAITLIST AVAILABLE,0,27,27,10
84059,ENC,2210,ENC 2210,(GW) Technical Writing,[REDACTED],Online,Distance Learning,Online (DL),FULL - WAITLIST AVAILABLE,0,27,27,10
84456,ENC,2210,ENC 2210,(GW) Technical Writing,[REDACTED],MWF | 9:00 AM - 9:50 AM | 57-Petway Hall Room 2080,Main Campus-UNF,Standard,FULL - WAITLIST AVAILABLE,0,27,27,10
84775,ENC,2210,ENC 2210,(GW) Technical Writing,[REDACTED],MWF | 10:00 AM - 10:50 AM | 57-Petway Hall Room 2010,Main Campus-UNF,Standard,OPEN,1,26,27,10
85297,ENC,2210,ENC 2210,(GW) Technical Writing,[REDACTED],Online,Distance Learning,Online (DL),FULL - WAITLIST AVAILABLE,-1,28,27,10
85715,ENC,2210,ENC 2210,(GW) Technical Writing,[REDACTED],MW | 4:30 PM - 5:45 PM | 51-Social Sciences Room 1102,Main Campus-UNF,Standard,OPEN,1,26,27,10
85716,ENC,2210,ENC 2210,(GW) Technical Writing,[REDACTED],TR | 6:00 PM - 7:15 PM | 9-Fred Schultz Hall Room 1411,Main Campus-UNF,Standard,OPEN,2,25,27,10
85718,ENC,2210,ENC 2210,(GW) Technical Writing,[REDACTED],TR | 3:05 PM - 4:20 PM | 51-Social Sciences Room 1103,Main Campus-UNF,Standard,FULL - WAITLIST AVAILABLE,-1,28,27,10
86246,ENC,2210,ENC 2210,(GW) Technical Writing,[REDACTED],Online,Distance Learning,Online (DL),OPEN,2,25,27,10
86413,ENC,2210,ENC 2210,(GW) Technical Writing,[REDACTED],Online,Distance Learning,Online (DL),OPEN,1,26,27,10
84537,ENC,2240,ENC 2240,(GW)Professional Communication,[REDACTED],Online,Distance Learning,Online (DL),FULL - WAITLIST AVAILABLE,0,25,25,10
84538,ENC,2240,ENC 2240,(GW)Professional Communication,[REDACTED],R | 3:05 PM - 4:20 PM | 57-Petway Hall Room 2070; Online,Hybrid - On Campus/Online,Hybrid,FULL - WAITLIST AVAILABLE,0,25,25,22
84539,ENC,2240,ENC 2240,(GW) Prof. Comm. (CCEC),[REDACTED],Online,Distance Learning,Online (DL),FULL - WAITLIST AVAILABLE,-1,26,25,10
84540,ENC,2240,ENC 2240,(GW) Prof. Comm. (CCEC),[REDACTED],Online,Distance Learning,Online (DL),FULL - WAITLIST AVAILABLE,0,25,25,10
84556,ENC,2240,ENC 2240,(GW) Prof. Comm. (CCEC),[REDACTED],Online,Distance Learning,Online (DL),OPEN,1,24,25,10
84557,ENC,2240,ENC 2240,(GW)Professional Communication,[REDACTED],Online,Distance Learning,Online (DL),FULL - WAITLIST AVAILABLE,0,25,25,10
84558,ENC,2240,ENC 2240,(GW)Professional Communication,[REDACTED],TR | 3:05 PM - 4:20 PM | 39-J. Brooks Brown Hall Room 4002A,Main Campus-UNF,Standard,OPEN,1,24,25,10
84559,ENC,2240,ENC 2240,(GW)Professional Communication,[REDACTED],TR | 4:30 PM - 5:45 PM | 39-J. Brooks Brown Hall Room 4002A,Main Campus-UNF,Standard,FULL - WAITLIST AVAILABLE,0,25,25,10
84560,ENC,2240,ENC 2240,(GW) Prof. Comm. (CCB),[REDACTED],MW | 1:30 PM - 2:45 PM | 39A-J. Brooks Brown Hall Addit Room 1032,Main Campus-UNF,Standard,OPEN,1,24,25,10
84561,ENC,2240,ENC 2240,(GW)Professional Communication,[REDACTED],MW | 3:00 PM - 4:15 PM | 45-Fine Arts Center Room 2610,Main Campus-UNF,Standard,FULL - WAITLIST AVAILABLE,0,25,25,10
84664,ENC,2240,ENC 2240,(GW)Professional Communication,[REDACTED],T | 3:05 PM - 4:20 PM | 57-Petway Hall Room 2070; Online,Hybrid - On Campus/Online,Hybrid,FULL - WAITLIST AVAILABLE,0,25,25,22
84751,ENC,2240,ENC 2240,(GW)Professional Communication,[REDACTED],TR | 4:30 PM - 5:45 PM | 39A-J. Brooks Brown Hall Addit Room 1032,Main Campus-UNF,Standard,FULL - WAITLIST AVAILABLE,0,25,25,10
85294,ENC,2240,ENC 2240,(GW)Professional Communication,[REDACTED],Online,Distance Learning,Online (DL),FULL - WAITLIST AVAILABLE,0,25,25,10
85296,ENC,2240,ENC 2240,(GW)Professional Communication,[REDACTED],Online,Distance Learning,Online (DL),FULL - WAITLIST AVAILABLE,0,25,25,10
85721,ENC,2240,ENC 2240,(GW)Professional Communication,[REDACTED],TR | 1:40 PM - 2:55 PM | 39A-J. Brooks Brown Hall Addit Room 1030,Main Campus-UNF,Standard,FULL - WAITLIST AVAILABLE,0,25,25,10
85984,ENC,2240,ENC 2240,(GW)Professional Communication,[REDACTED],Online,Distance Learning,Online (DL),OPEN,1,24,25,10
85985,ENC,2240,ENC 2240,(GW)Professional Communication,[REDACTED],Online,Distance Learning,Online (DL),FULL - WAITLIST AVAILABLE,0,25,25,10
85989,ENC,2240,ENC 2240,(GW)Professional Communication,[REDACTED],Online,Distance Learning,Online (DL),FULL - WAITLIST AVAILABLE,0,25,25,10
86249,ENC,2240,ENC 2240,(GW)Professional Communication,[REDACTED],Online,Distance Learning,Online (DL),FULL - WAITLIST AVAILABLE,0,25,25,10
86250,ENC,2240,ENC 2240,(GW)Professional Communication,[REDACTED],MW | 6:00 PM - 7:15 PM | 4-Skinner-Jones Hall Room 1703,Main Campus-UNF,Standard,OPEN,1,24,25,10
86251,ENC,2240,ENC 2240,(GW)Professional Communication,[REDACTED],MWF | 11:00 AM - 11:50 AM | 39-J. Brooks Brown Hall Room 1002A,Main Campus-UNF,Standard,OPEN,2,23,25,10
86420,ENC,2240,ENC 2240,(GW)Professional Communication,[REDACTED],Online,Distance Learning,Online (DL),FULL - WAITLIST AVAILABLE,0,25,25,10
82918,ENC,3202,ENC 3202,Prof. Comm. Business CCB,[REDACTED],Online,Distance Learning,Online (DL),FULL - WAITLIST AVAILABLE,-1,26,25,10
83109,ENC,3202,ENC 3202,Prof. Comm. Business CCB,[REDACTED],Online,Distance Learning,Online (DL),FULL - WAITLIST AVAILABLE,0,25,25,10
83115,ENC,3202,ENC 3202,Prof. Comm. Business CCB,[REDACTED],Online,Distance Learning,Online (DL),FULL - WAITLIST AVAILABLE,0,25,25,10
83241,ENC,3202,ENC 3202,Prof. Comm. Business CCB,[REDACTED],Online,Distance Learning,Online (DL),OPEN,1,24,25,25
84076,ENC,3202,ENC 3202,Prof. Comm. Business CCB,[REDACTED],T | 10:50 AM - 12:05 PM | 51-Social Sciences Room 1102; Online,Hybrid - On Campus/Online,Hybrid,OPEN,1,24,25,22
84077,ENC,3202,ENC 3202,Prof. Comm. Business CCB,[REDACTED],Online,Distance Learning,Online (DL),OPEN,1,24,25,22
84777,ENC,3202,ENC 3202,Prof. Comm. Business CCB,[REDACTED],Online,Distance Learning,Online (DL),FULL - WAITLIST AVAILABLE,0,25,25,22
84789,ENC,3202,ENC 3202,Prof. Comm. Business CCB,[REDACTED],TR | 1:40 PM - 2:55 PM | 8-English Hall Room 2054,Main Campus-UNF,Standard,FULL - WAITLIST AVAILABLE,-1,26,25,22
85298,ENC,3202,ENC 3202,Prof. Comm. Business CCB,[REDACTED],Online,Distance Learning,Online (DL),FULL - WAITLIST AVAILABLE,-1,26,25,10
85299,ENC,3202,ENC 3202,Prof. Comm. Business CCB,[REDACTED],Online,Distance Learning,Online (DL),FULL - WAITLIST AVAILABLE,0,25,25,10
85323,ENC,3202,ENC 3202,Prof. Comm. Business CCB,[REDACTED],Online,Distance Learning,Online (DL),FULL - WAITLIST AVAILABLE,0,25,25,10
86401,ENC,3202,ENC 3202,Professional Communication for Business,[REDACTED],Online,Distance Learning,Online (DL),FULL - WAITLIST AVAILABLE,0,25,25,10
82337,ENC,3310,ENC 3310,Writing Prose,[REDACTED],Online,Distance Learning,Online (DL),OPEN,1,19,20,10
85820,ENC,4260,ENC 4260,Applied Technical Writing,[REDACTED],Online,Distance Learning,Online (DL),OPEN,1,16,17,17
86027,ENC,4403,ENC 4403,Grant Writing,[REDACTED],Online,Distance Learning,Online (DL),OPEN,1,22,23,10
86405,ENC,4940,ENC 4940,Writing Internship,[REDACTED],Off Main Campus Room OFF-MC,Off-Campus: Internships,Independent,OPEN,4,1,5,5
86530,ENC,4940,ENC 4940,Writing Internship,[REDACTED],TBA,Main Campus-UNF,Independent,FULL - WAITLIST AVAILABLE,0,1,1,1
85800,ENC,5226,ENC 5226,Technical Writing,[REDACTED],R | 4:30 PM - 5:45 PM | 57-Petway Hall Room 1260; Online,Hybrid - On Campus/Online,Hybrid,OPEN,12,8,20,20
85830,ENC,6702,ENC 6702,ST: Problems/Contemp Comp,[REDACTED],M | 6:00 PM - 8:45 PM | 2-Founders Hall Room 2222,Main Campus-UNF,Standard,OPEN,4,16,20,20
85821,ENG,4004,ENG 4004,Research Methods in English,[REDACTED],MW | 3:00 PM - 4:15 PM | 9-Fred Schultz Hall Room 1411,Main Campus-UNF,Standard,OPEN,1,19,20,20
82816,ENG,4013,ENG 4013,Approaches to Literary Interpretation,[REDACTED],MW | 3:00 PM - 4:15 PM | 2-Founders Hall Room 2222,Main Campus-UNF,Standard,FULL - WAITLIST AVAILABLE,0,20,20,10
86447,ENG,4930,ENG 4930,Independent Study in Literary and Cultural Theory,[REDACTED],TBA,Main Campus-UNF,Independent,FULL - WAITLIST AVAILABLE,0,1,1,1
85798,ENG,5945,ENG 5945,Graduate Internship,[REDACTED],Off Main Campus Room OFF-MC,Off-Campus: Internships,Independent,FULL - WAITLIST AVAILABLE,0,1,1,1
82232,ENG,6019,ENG 6019,Contemporary Literary Criticism and Theory,[REDACTED],R | 6:00 PM - 8:45 PM | 2-Founders Hall Room 2008,Main Campus-UNF,Standard,FULL - WAITLIST AVAILABLE,-2,22,20,10
85728,ENL,2012,ENL 2012,British Literature I,[REDACTED],TR | 12:15 PM - 1:30 PM | 8-English Hall Room 2054,Main Campus-UNF,Standard,FULL - WAITLIST AVAILABLE,0,30,30,10
85303,ENL,3333,ENL 3333,Shakespeare,[REDACTED],M | 12:00 PM - 1:15 PM | 57-Petway Hall Room 2070; Online,Hybrid - On Campus/Online,Hybrid,OPEN,4,21,25,10
85730,ENL,4230,ENL 4230,ST:Literatures of the Atlantic,[REDACTED],TR | 3:05 PM - 4:20 PM | 39A-J. Brooks Brown Hall Addit Room 1032,Main Campus-UNF,Standard,OPEN,7,8,15,10
84376,ENL,4240,ENL 4240,Studies in British Romantic Literature,[REDACTED],TR | 9:25 AM - 10:40 AM | 42-Coggin College of Business Room 1113,Main Campus-UNF,Standard,OPEN,3,17,20,10
82510,ENV,3001C,ENV 3001C,Environmental Engineering,[REDACTED],MW | 3:00 PM - 4:15 PM | 2-Founders Hall Room 1018,Main Campus-UNF,Standard,OPEN,6,44,50,5
84162,ENV,6510,ENV 6510,Aquatic Chemical Processes,[REDACTED],MW | 12:00 PM - 1:15 PM | 9-Fred Schultz Hall Room 2301,Main Campus-UNF,Standard,OPEN,7,3,10,5
82327,ESC,2000,ESC 2000,Discovering Earth Science,[REDACTED],MW | 12:00 PM - 1:15 PM | 42-Coggin College of Business Room 1020,Main Campus-UNF,Standard,OPEN,3,228,231,100
82328,ESC,2000,ESC 2000,Discovering Earth Science,[REDACTED],TR | 9:25 AM - 10:40 AM | 42-Coggin College of Business Room 1020,Main Campus-UNF,Standard,OPEN,20,211,231,100
82960,ESC,2000,ESC 2000,Discovering Earth Science,[REDACTED],Online,Distance Learning,Online (DL),FULL - WAITLIST AVAILABLE,0,260,260,100
82562,ESC,2000L,ESC 2000L,Discovering Earth Science Lab,[REDACTED],Online,Distance Learning,Online (DL),OPEN,14,21,35,35
85550,ESC,2000L,ESC 2000L,Discovering Earth Science Lab,[REDACTED],T | 3:05 PM - 5:55 PM | 50-Science &amp; Engineering Room 2004,Main Campus-UNF,Standard,OPEN,15,9,24,24
85689,ESE,4943,ESE 4943,Student Internship,[REDACTED],Off Main Campus Room OFF-MC,Off-Campus: Internships,Independent,OPEN,13,7,20,0
84615,ESE,6947,ESE 6947,Professional Internship,[REDACTED],Off Main Campus Room OFF-MC,Off-Campus: Internships,Independent,OPEN,1,8,9,0
83271,ESI,4221C,ESI 4221C,Quality Assurance and Quality Control,[REDACTED],TR | 1:40 PM - 2:55 PM | 4-Skinner-Jones Hall Room 1702,Main Campus-UNF,Standard,OPEN,14,6,20,5
85812,EUH,3120,EUH 3120,Medieval Europe,[REDACTED],MW | 4:30 PM - 5:45 PM | 51-Social Sciences Room 1104,Main Campus-UNF,Standard,OPEN,23,22,45,45
82540,EUH,3403,EUH 3403,(FC) Ancient Greece,[REDACTED],TR | 1:40 PM - 2:55 PM | 51-Social Sciences Room 1205,Main Campus-UNF,Standard,OPEN,4,61,65,65
84324,EUH,3932,EUH 3932,ST: European Fascisms,[REDACTED],TR | 9:25 AM - 10:40 AM | Online,Distance Learning,Live Online,OPEN,20,25,45,45
85217,EUH,4103,EUH 4103,From Homer to Herodotus: Greece in the Archaic Age,[REDACTED],R | 6:00 PM - 8:45 PM | 2-Founders Hall Room 2222,Main Campus-UNF,Standard,OPEN,4,11,15,15
86150,EUH,5934,EUH 5934,ST: Greece: Homer to Herodotus,[REDACTED],R | 6:00 PM - 8:45 PM | 2-Founders Hall Room 2222,Main Campus-UNF,Standard,FULL - WAITLIST AVAILABLE,0,5,5,5
84535,EVR,3008,EVR 3008,Environmental Foundations,[REDACTED],TR | 10:50 AM - 12:05 PM | 51-Social Sciences Room 1101,Main Campus-UNF,Standard,OPEN,1,29,30,20
85833,EVR,3083,EVR 3083,Environmental Professional Preparation,[REDACTED],TR | 10:50 AM - 12:05 PM | 2-Founders Hall Room 2219,Main Campus-UNF,Standard,OPEN,9,21,30,20
86446,EVR,3910,EVR 3910,Environmental Directed Independent Research,[REDACTED],TBA,Main Campus-UNF,Independent,FULL,0,1,1,0
85835,EVR,4931,EVR 4931,ST: Survey of Water Issues,[REDACTED],T | 12:15 PM - 3:00 PM | 57-Petway Hall Room 1280,Main Campus-UNF,Standard,FULL - WAITLIST AVAILABLE,0,35,35,20
85834,EVR,4940,EVR 4940,Environmental Internship,[REDACTED],F | 9:00 AM - 11:45 AM | 51-Social Sciences Room 1101; F | 9:00 AM - 11:45 AM | 51-Social Sciences Room 1101; F | 9:00 AM - 11:45 AM | 51-Social Sciences Room 1101; F | 9:00 AM - 11:45 AM | 51-Social Sciences Room 1101; Online,Hybrid - On Campus/Online,Hybrid,OPEN,11,9,20,20
84536,EVS,3041,EVS 3041,Coastal Resilience and the Natural Environment,[REDACTED],F | 12:00 PM - 2:45 PM | 51-Social Sciences Room 1104,Main Campus-UNF,Standard,OPEN,2,44,46,20
82311,EXP,3104,EXP 3104,Human Sensory Perception,[REDACTED],Online,Distance Learning,Online (DL),FULL - WAITLIST AVAILABLE,0,40,40,40
82370,EXP,3104,EXP 3104,Human Sensory Perception,[REDACTED],Online,Distance Learning,Online (DL),FULL - WAITLIST AVAILABLE,0,40,40,40
82417,EXP,3412,EXP 3412,Learning Theory,[REDACTED],Online,Distance Learning,Online (DL),OPEN,1,49,50,50
82542,EXP,3412,EXP 3412,Learning Theory,[REDACTED],TR | 12:15 PM - 1:30 PM | 14D-Andrew A. Robinson Center Room 2001,Main Campus-UNF,Standard,OPEN,1,49,50,50
82543,EXP,3412,EXP 3412,Learning Theory,[REDACTED],TR | 1:40 PM - 2:55 PM | 14D-Andrew A. Robinson Center Room 2001,Main Campus-UNF,Standard,FULL - WAITLIST AVAILABLE,0,50,50,50
82175,EXP,3604,EXP 3604,Cognitive Psychology,[REDACTED],T | 10:50 AM - 12:05 PM | 39A-J. Brooks Brown Hall Addit Room 1028; Online,Hybrid - On Campus/Online,Hybrid,OPEN,3,47,50,50
82630,EXP,3604,EXP 3604,Cognitive Psychology,[REDACTED],Online,Distance Learning,Online (DL),FULL - WAITLIST AVAILABLE,0,50,50,50
82646,EXP,3604,EXP 3604,Cognitive Psychology,[REDACTED],Online,Distance Learning,Online (DL),FULL - WAITLIST AVAILABLE,-1,51,50,50
86392,EXP,3604,EXP 3604,Cognitive Psychology,[REDACTED],Online,Distance Learning,Online (DL),FULL - WAITLIST AVAILABLE,0,40,40,40
83389,EXP,3680C,EXP 3680C,Experimental Cognitive Psychology,[REDACTED],T | 11:50 AM - 1:30 PM | 51-Social Sciences Room 1202; Online,Hybrid - On Campus/Online,Hybrid,FULL - WAITLIST AVAILABLE,0,20,20,20
84010,EXP,3680C,EXP 3680C,Experimental Cognitive Psychology,[REDACTED],T | 2:00 PM - 3:40 PM | 51-Social Sciences Room 1202; Online,Hybrid - On Campus/Online,Hybrid,OPEN,1,19,20,20
84091,EXP,3680C,EXP 3680C,Experimental Cognitive Psychology,[REDACTED],W | 3:50 PM - 5:30 PM | 51-Social Sciences Room 1202; Online,Hybrid - On Campus/Online,Hybrid,OPEN,1,19,20,20
83745,EXP,3703C,EXP 3703C,Computer Applications in Psychological Research,[REDACTED],R | 11:50 AM - 1:30 PM | 51-Social Sciences Room 1202; Online,Hybrid - On Campus/Online,Hybrid,FULL - WAITLIST AVAILABLE,-3,23,20,20
85669,EXP,6506,EXP 6506,Learning and Cognition,[REDACTED],TR | 9:25 AM - 10:40 AM | 57-Petway Hall Room 2070,Main Campus-UNF,Standard,OPEN,4,21,25,25
84820,ETS,4543C,ETS 4543C,Applied Programmable Logic Controllers,[REDACTED],TR | 4:30 PM - 5:45 PM | 4-Skinner-Jones Hall Room 4311,Main Campus-UNF,Standard,FULL - WAITLIST AVAILABLE,0,10,10,5
84424,ENT,3173,ENT 3173,Franchising,[REDACTED],TR | 12:15 PM - 1:30 PM | 42-Coggin College of Business Room 2120,Main Campus-UNF,Standard,OPEN,4,21,25,5
85948,XKD,4000,XKD 4000,KEDGE Exchange,[REDACTED],Off Main Campus Room OFF-MC,France,Study Abroad,FULL,0,3,3,0
85949,XVD,4000,XVD 4000,Valencia- Exchange,[REDACTED],Off Main Campus Room OFF-MC,Spain,Study Abroad,FULL,0,1,1,0
85950,XHD,4000,XHD 4000,Hertfordshire- Exchange,[REDACTED],Off Main Campus Room OFF-MC,United Kingdom,Study Abroad,FULL,0,1,1,0
82301,FIL,2000,FIL 2000,Film Appreciation,[REDACTED],Online,Distance Learning,Online (DL),FULL - WAITLIST AVAILABLE,0,35,35,10
84610,FIL,2000,FIL 2000,Film Appreciation,[REDACTED],TR | 3:05 PM - 5:45 PM | 14A-Robinson Theater Room 1312,Main Campus-UNF,Standard,FULL - WAITLIST AVAILABLE,-2,37,35,30
84636,FIL,3363,FIL 3363,Documentary Production,[REDACTED],MW | 4:30 PM - 7:15 PM | 8-English Hall Room 2052,Main Campus-UNF,Standard,OPEN,1,19,20,20
86048,FIL,3801,FIL 3801,Film Terms,[REDACTED],MW | 10:30 AM - 11:45 AM | 14A-Robinson Theater Room 1312,Main Campus-UNF,Standard,OPEN,1,29,30,10
83530,FIL,3831,FIL 3831,Black Cinema,[REDACTED],Online,Distance Learning,Online (DL),FULL - WAITLIST AVAILABLE,0,30,30,10
85324,FIL,3930,FIL 3930,(GW)ST: Screenwriting Workshop,[REDACTED],Online,Distance Learning,Online (DL),OPEN,1,9,10,10
85325,FIL,3930,FIL 3930,(GW)ST: Screenwriting Workshop,[REDACTED],Online,Distance Learning,Online (DL),OPEN,1,9,10,10
85731,FIL,4843,FIL 4843,Asian Cinema,[REDACTED],TR | 10:50 AM - 1:30 PM | 14A-Robinson Theater Room 1312,Main Campus-UNF,Standard,FULL - WAITLIST AVAILABLE,0,15,15,10
86125,FIL,4900,FIL 4900,Directed Independent Study in Film,[REDACTED],TBA,Main Campus-UNF,Independent,FULL - WAITLIST AVAILABLE,0,1,1,1
84624,FIL,4935,FIL 4935,ST: Film and Trauma,[REDACTED],MW | 12:00 PM - 2:45 PM | 14A-Robinson Theater Room 1312,Main Campus-UNF,Standard,OPEN,2,18,20,10
85733,FIL,5934,FIL 5934,ST: Film and Trauma,[REDACTED],MW | 12:00 PM - 2:45 PM | 14A-Robinson Theater Room 1312,Main Campus-UNF,Standard,OPEN,4,4,8,10
82807,FIN,3124,FIN 3124,Financial Planning,[REDACTED],TR | 1:40 PM - 2:55 PM | 42-Coggin College of Business Room 1111,Main Campus-UNF,Standard,FULL - WAITLIST AVAILABLE,0,43,43,5
82973,FIN,3124,FIN 3124,Financial Planning,[REDACTED],TR | 6:00 PM - 7:15 PM | 42-Coggin College of Business Room 1102,Main Campus-UNF,Standard,OPEN,6,37,43,5
82300,FIN,3303,FIN 3303,Financial Markets and Institutions,[REDACTED],Online,Distance Learning,Online (DL),OPEN,1,49,50,10
82623,FIN,3303,FIN 3303,Financial Markets and Institutions,[REDACTED],W | 6:00 PM - 7:15 PM | 39A-J. Brooks Brown Hall Addit Room 1028; Online,Hybrid - On Campus/Online,Hybrid,OPEN,18,25,43,5
82140,FIN,3403,FIN 3403,Financial Management,[REDACTED],Online,Distance Learning,Online (DL),FULL - WAITLIST AVAILABLE,0,105,105,15
85564,FIN,3403,FIN 3403,Financial Management,[REDACTED],TR | 6:00 PM - 7:15 PM | 4-Skinner-Jones Hall Room 1703,Main Campus-UNF,Standard,OPEN,3,47,50,5
86292,FIN,3403,FIN 3403,Financial Management,[REDACTED],MW | 6:00 PM - 7:15 PM | 39-J. Brooks Brown Hall Room 1016,Main Campus-UNF,Standard,OPEN,3,47,50,5
86293,FIN,3403,FIN 3403,Financial Management,[REDACTED],MW | 7:30 PM - 8:45 PM | 39-J. Brooks Brown Hall Room 1002A,Main Campus-UNF,Standard,OPEN,27,16,43,5
86384,FIN,3403,FIN 3403,Financial Management,[REDACTED],W | 6:00 PM - 7:15 PM | 42-Coggin College of Business Room 1020; Online,Hybrid - On Campus/Online,Hybrid,OPEN,2,63,65,10
83967,FIN,3450,FIN 3450,Foundations of FinTech,[REDACTED],MW | 3:00 PM - 4:15 PM | 42-Coggin College of Business Room 2120,Main Campus-UNF,Standard,OPEN,2,41,43,5
82627,FIN,4132,FIN 4132,Estate Planning,[REDACTED],TR | 4:30 PM - 5:45 PM | 42-Coggin College of Business Room 1102,Main Campus-UNF,Standard,OPEN,28,15,43,5
84439,FIN,4414,FIN 4414,Financial Management II,[REDACTED],W | 7:30 PM - 8:45 PM | 39A-J. Brooks Brown Hall Addit Room 1034; Online,Hybrid - On Campus/Online,Hybrid,FULL - WAITLIST AVAILABLE,0,43,43,5
86137,FIN,4451,FIN 4451,Capstone in FinTech,[REDACTED],MW | 6:00 PM - 7:15 PM | 42-Coggin College of Business Room 1101,Main Campus-UNF,Standard,OPEN,8,2,10,5
86291,FIN,4453,FIN 4453,Financial Modeling,[REDACTED],W | 7:30 PM - 8:45 PM | 51-Social Sciences Room 1104; Online,Hybrid - On Campus/Online,Hybrid,OPEN,26,19,45,5
82625,FIN,4461,FIN 4461,Financial Statement Analysis,[REDACTED],TR | 3:05 PM - 4:20 PM | 42-Coggin College of Business Room 1113,Main Campus-UNF,Standard,OPEN,19,24,43,5
83687,FIN,4504,FIN 4504,Investments,[REDACTED],Online,Distance Learning,Online (DL),FULL - WAITLIST AVAILABLE,-1,76,75,7
86289,FIN,4504,FIN 4504,Investments,[REDACTED],W | 6:00 PM - 7:15 PM | 51-Social Sciences Room 1104; Online,Hybrid - On Campus/Online,Hybrid,OPEN,22,23,45,5
82143,FIN,4514,FIN 4514,Securities Analysis and Portfolio Management,[REDACTED],Online,Distance Learning,Online (DL),OPEN,1,59,60,10
84547,FIN,4556,FIN 4556,Behavioral Finance,[REDACTED],Online,Distance Learning,Online (DL),OPEN,3,37,40,5
84549,FIN,4556,FIN 4556,Behavioral Finance,[REDACTED],Online,Distance Learning,Online (DL),OPEN,25,15,40,5
82144,FIN,4560,FIN 4560,Student Managed Investment Fund I,[REDACTED],T | 6:00 PM - 8:45 PM | 42-Coggin College of Business Room 2114,Main Campus-UNF,Standard,FULL - WAITLIST AVAILABLE,0,6,6,5
82145,FIN,4604,FIN 4604,International Finance,[REDACTED],Online,Distance Learning,Online (DL),FULL - WAITLIST AVAILABLE,-1,76,75,10
85993,FIN,4901,FIN 4901,Directed Independent Study Finance,[REDACTED],TBA,Main Campus-UNF,Independent,OPEN,2,6,8,5
84552,FIN,4940,FIN 4940,Financial Planning Internship,[REDACTED],Off Main Campus Room OFF-MC,Off-Campus: Internships,Independent,OPEN,13,2,15,5
82550,FIN,4941,FIN 4941,Finance Internship,[REDACTED],Off Main Campus Room OFF-MC,Off-Campus: Internships,Independent,OPEN,12,3,15,5
83589,FIN,6314,FIN 6314,Banking and FinTech,[REDACTED],W | 7:30 PM - 8:45 PM | 42-Coggin College of Business Room 1101; Online,Hybrid - On Campus/Online,Hybrid,OPEN,25,18,43,5
82146,FIN,6406,FIN 6406,Advanced Financial Management,[REDACTED],Online,Distance Learning,Online (DL),OPEN,4,46,50,10
86327,FIN,6406,FIN 6406,Advanced Financial Management,[REDACTED],Online,Distance Learning,Online (DL),OPEN,10,40,50,10
83961,FIN,6407,FIN 6407,Fundamentals of Financial Management,[REDACTED],Online,Distance Learning,Online (DL),OPEN,3,52,55,10
83061,FIN,6565,FIN 6565,Student Managed Investment Fund I,[REDACTED],T | 6:00 PM - 8:45 PM | 42-Coggin College of Business Room 2114,Main Campus-UNF,Standard,OPEN,2,4,6,5
84421,FIN,6605,FIN 6605,International Finance,[REDACTED],TR | 6:00 PM - 7:15 PM | 42-Coggin College of Business Room 1101,Main Campus-UNF,Standard,OPEN,28,12,40,5
83595,FIN,6778,FIN 6778,Foundations of FinTech,[REDACTED],MW | 6:00 PM - 7:15 PM | 42-Coggin College of Business Room 2120,Main Campus-UNF,Standard,OPEN,21,22,43,5
85568,FIN,6779,FIN 6779,FinTech Practicum,[REDACTED],M | 7:30 PM - 8:45 PM | 42-Coggin College of Business Room 1101; Online,Hybrid - On Campus/Online,Hybrid,OPEN,35,8,43,5
84534,FIN,6796,FIN 6796,Advanced FinTech,[REDACTED],MW | 6:00 PM - 7:15 PM | 42-Coggin College of Business Room 1101,Main Campus-UNF,Standard,OPEN,11,4,15,5
84548,FIN,6936,FIN 6936,ST: Advanced Behavioral Financ,[REDACTED],Online,Distance Learning,Online (DL),OPEN,30,10,40,5
82092,FRE,1120,FRE 1120,(FC) Beginning French I,[REDACTED],MW | 12:00 PM - 1:15 PM | 9-Fred Schultz Hall Room 1413; Online,Main Campus-UNF,Standard,OPEN,2,23,25,20
84020,FRE,1120,FRE 1120,(FC) Beginning French I,[REDACTED],TR | 10:50 AM - 12:05 PM | 42-Coggin College of Business Room 1105; Online,Main Campus-UNF,Standard,OPEN,6,17,23,20
83338,FRE,1121,FRE 1121,(FC) Beginning French II,[REDACTED],TR | 3:05 PM - 4:20 PM | 39-J. Brooks Brown Hall Room 1003A; Online,Main Campus-UNF,Standard,OPEN,17,8,25,20
82093,FRE,2240,FRE 2240,(FC) Intermediate French I,[REDACTED],MW | 12:00 PM - 1:15 PM | 9-Fred Schultz Hall Room 2302,Main Campus-UNF,Standard,OPEN,5,15,20,20
85230,FRE,3300,FRE 3300,(FC) French Grammar and Composition,[REDACTED],TR | 1:40 PM - 2:55 PM | 51-Social Sciences Room 1101,Main Campus-UNF,Standard,OPEN,20,8,28,25
85229,FRE,3350,FRE 3350,(FC) Readings in French Literature and Culture,[REDACTED],MW | 1:30 PM - 2:45 PM | 2-Founders Hall Room 2222,Main Campus-UNF,Standard,OPEN,15,5,20,20
86094,FRE,4905,FRE 4905,(FC) Directed Independent Study in French,[REDACTED],TBA,Main Campus-UNF,Independent,OPEN,1,1,2,2
82361,FSS,1202,FSS 1202,Food Fundamentals,[REDACTED],T | 12:15 PM - 3:00 PM | 39-J. Brooks Brown Hall Room 1009,Main Campus-UNF,Standard,OPEN,29,31,60,3
83480,FSS,1202,FSS 1202,Food Fundamentals (DPD-Online),[REDACTED],Online,Distance Learning,Online (DL),OPEN,15,15,30,3
84684,FSS,1202L,FSS 1202L,Food Fundamentals Laboratory,[REDACTED],T | 3:00 PM - 5:50 PM | 39-J. Brooks Brown Hall Room 3000,Main Campus-UNF,Standard,OPEN,11,9,20,5
84685,FSS,1202L,FSS 1202L,Food Fund Lab (DPD-Online),[REDACTED],Online,Distance Learning,Online (DL),OPEN,19,11,30,5
85862,FSS,1202L,FSS 1202L,Food Fundamentals Laboratory,[REDACTED],T | 9:25 AM - 12:05 PM | 39-J. Brooks Brown Hall Room 3000,Main Campus-UNF,Standard,FULL - WAITLIST AVAILABLE,0,20,20,5
83556,FSS,1213L,FSS 1213L,Cooking for Health and the Environment,[REDACTED],W | 1:00 PM - 2:40 PM | 39-J. Brooks Brown Hall Room 3000,Main Campus-UNF,Standard,FULL - WAITLIST AVAILABLE,0,21,21,5
82925,GEB,1011,GEB 1011,Foundations of Business,[REDACTED],TR | 3:05 PM - 4:20 PM | 42-Coggin College of Business Room 1020,Main Campus-UNF,Standard,OPEN,87,138,225,5
83299,GEB,3105,GEB 3105,Small Business Money Management,[REDACTED],TR | 4:30 PM - 5:45 PM | 42-Coggin College of Business Room 2120,Main Campus-UNF,Standard,FULL - WAITLIST AVAILABLE,0,25,25,5
82805,GEB,3132,GEB 3132,Family Business Management,[REDACTED],Online,Distance Learning,Online (DL),FULL - WAITLIST AVAILABLE,-6,56,50,5
83512,GEB,3132,GEB 3132,Family Business Management,[REDACTED],TR | 4:30 PM - 5:45 PM | 42-Coggin College of Business Room 1113,Main Campus-UNF,Standard,OPEN,20,15,35,5
84551,GEB,3132,GEB 3132,Family Business Management,[REDACTED],TR | 3:05 PM - 4:20 PM | 42-Coggin College of Business Room 1105,Main Campus-UNF,Standard,FULL - WAITLIST AVAILABLE,-1,31,30,5
83243,GEB,3361,GEB 3361,International Business Internship,[REDACTED],Off Main Campus Room OFF-MC,Off-Campus: Internships,Independent,OPEN,3,7,10,5
84425,GEB,4113,GEB 4113,Entrepreneurship,[REDACTED],TR | 12:15 PM - 1:30 PM | 42-Coggin College of Business Room 1113,Main Campus-UNF,Standard,FULL - WAITLIST AVAILABLE,0,40,40,5
85956,GEB,4113,GEB 4113,Entrepreneurship,[REDACTED],TR | 3:05 PM - 4:20 PM | 39-J. Brooks Brown Hall Room 1002A,Main Campus-UNF,Standard,OPEN,18,25,43,5
86006,GEB,4113,GEB 4113,Entrepreneurship,[REDACTED],MW | 3:00 PM - 4:15 PM | 39-J. Brooks Brown Hall Room 1026A,Main Campus-UNF,Standard,OPEN,2,28,30,5
83066,GEB,4940,GEB 4940,Coggin Semester Exchange Progr,[REDACTED],TBA,Main Campus-UNF,Standard,OPEN,11,18,29,0
83821,GEB,4941,GEB 4941,Foundations of International Business,[REDACTED],TR | 4:30 PM - 5:45 PM | 45-Fine Arts Center Room 2412,Main Campus-UNF,Standard,OPEN,14,26,40,5
85082,GEB,4950,GEB 4950,Career Readiness in International Business,[REDACTED],TBA,Main Campus-UNF,Independent,OPEN,1,2,3,0
83234,GEO,2420,GEO 2420,Cultural Geography,[REDACTED],Online,Distance Learning,Online (DL),OPEN,24,21,45,5
82212,GEO,3502,GEO 3502,Economic Geography,[REDACTED],Online,Distance Learning,Online (DL),OPEN,1,49,50,5
84412,GEO,3553,GEO 3553,Cultural Dimensions of Economic Geography,[REDACTED],Online,Distance Learning,Online (DL),OPEN,16,29,45,5
83840,GEY,3503,GEY 3503,Assisted Living Facility Administration,[REDACTED],Online,Distance Learning,Online (DL),OPEN,27,23,50,10
83460,GEY,3660,GEY 3660,Aging Policy and Politics,[REDACTED],Online,Distance Learning,Online (DL),OPEN,42,8,50,10
82499,GIS,3043,GIS 3043,Introduction to Geographic Information Systems,[REDACTED],MW | 7:30 PM - 8:45 PM | 42-Coggin College of Business Room 2115,Main Campus-UNF,Standard,OPEN,13,31,44,5
82509,GIS,4048,GIS 4048,Intermediate Geographic Information Systems,[REDACTED],Online,Distance Learning,Online (DL),OPEN,21,24,45,5
83554,GIS,6051,GIS 6051,GIS and Geospatial Technologies,[REDACTED],TR | 4:30 PM - 5:45 PM | 42-Coggin College of Business Room 2105; TR | 4:30 PM - 5:45 PM | 57-Petway Hall Room 1420,Main Campus-UNF,Standard,OPEN,11,9,20,5
84242,GLY,2010,GLY 2010,Physical Geology,[REDACTED],TR | 9:25 AM - 10:40 AM | 4-Skinner-Jones Hall Room 1706,Main Campus-UNF,Standard,OPEN,11,49,60,60
83321,GRA,2110C,GRA 2110C,Graphic Design: Creativity and Critique,[REDACTED],MW | 12:00 PM - 2:30 PM | 45-Fine Arts Center Room 2403,Main Campus-UNF,Standard,OPEN,19,16,35,35
83173,GRA,2160C,GRA 2160C,Graphic Design: Process and Methods,[REDACTED],TR | 3:05 PM - 5:35 PM | 45-Fine Arts Center Room 2503,Main Campus-UNF,Standard,OPEN,4,16,20,20
82067,GRA,2190C,GRA 2190C,Graphic Design: Principles,[REDACTED],TR | 9:25 AM - 11:55 AM | 45-Fine Arts Center Room 2501,Main Campus-UNF,Standard,OPEN,9,11,20,20
82940,GRA,2190C,GRA 2190C,Graphic Design: Principles,[REDACTED],TR | 12:15 PM - 2:45 PM | 45-Fine Arts Center Room 2502,Main Campus-UNF,Standard,OPEN,3,17,20,20
83315,GRA,2208C,GRA 2208C,Type Visualization,[REDACTED],MW | 9:00 AM - 11:30 AM | 45-Fine Arts Center Room 2503,Main Campus-UNF,Standard,OPEN,9,11,20,20
85276,GRA,3118C,GRA 3118C,Publication Design,[REDACTED],TR | 3:05 PM - 5:35 PM | 45-Fine Arts Center Room 2501,Main Campus-UNF,Standard,OPEN,7,13,20,20
83596,GRA,3139C,GRA 3139C,Time-Based Media,[REDACTED],R | 12:15 PM - 2:45 PM | 45-Fine Arts Center Room 2503; Online,Hybrid - On Campus/Online,Hybrid,OPEN,13,7,20,20
83374,GRA,3155C,GRA 3155C,Graphic Symbols and Semiotics,[REDACTED],TR | 9:25 AM - 11:55 AM | 45-Fine Arts Center Room 2502,Main Campus-UNF,Standard,FULL - WAITLIST AVAILABLE,0,20,20,20
83516,GRA,3174C,GRA 3174C,Poster Design,[REDACTED],F | 9:00 AM - 2:00 PM | 45-Fine Arts Center Room 2502,Main Campus-UNF,Standard,OPEN,10,10,20,20
83358,GRA,3192C,GRA 3192C,Type Communication,[REDACTED],MW | 3:00 PM - 5:30 PM | 45-Fine Arts Center Room 2503,Main Campus-UNF,Standard,OPEN,3,15,18,20
83174,GRA,3512C,GRA 3512C,Visual Identity,[REDACTED],MW | 12:00 PM - 2:30 PM | 45-Fine Arts Center Room 2503,Main Campus-UNF,Standard,OPEN,6,14,20,20
82321,GRA,3523C,GRA 3523C,User Interface and Interaction Design,[REDACTED],TR | 12:15 PM - 2:45 PM | 45-Fine Arts Center Room 2501,Main Campus-UNF,Standard,OPEN,1,19,20,18
85863,GRA,3880C,GRA 3880C,Illustration,[REDACTED],R | 9:25 AM - 11:55 AM | 45-Fine Arts Center Room 2503; Online,Hybrid - On Campus/Online,Hybrid,OPEN,8,10,18,18
82246,GRA,4189C,GRA 4189C,Graphic Design Portfolio,[REDACTED],MW | 12:00 PM - 2:30 PM | 45-Fine Arts Center Room 2501,Main Campus-UNF,Standard,OPEN,1,19,20,20
85814,GRA,4423,GRA 4423,Graphic Design Professional Practices,[REDACTED],MW | 3:00 PM - 4:15 PM | 45-Fine Arts Center Room 2807,Main Campus-UNF,Standard,OPEN,1,34,35,35
83318,GRA,4886C,GRA 4886C,Visual Systems,[REDACTED],MW | 9:00 AM - 11:30 AM | 45-Fine Arts Center Room 2501,Main Campus-UNF,Standard,OPEN,2,18,20,20
85946,XGM,6000,XGM 6000,GlobalMBA,[REDACTED],Off Main Campus Room OFF-MC,Germany,Study Abroad,OPEN,2,9,11,0
85947,XGM,6001,XGM 6001,Media Applications,[REDACTED],Off Main Campus Room OFF-MC,Germany,Study Abroad,OPEN,9,6,15,0
83842,HIM,6122,HIM 6122,Clinical Systems Analysis and Decision Support,[REDACTED],Online,Distance Learning,Online (DL),OPEN,10,40,50,10
84457,HIM,6908,HIM 6908,Independent Study in Health Informatics,[REDACTED],TBA,Main Campus-UNF,Independent,OPEN,9,1,10,0
83215,HIS,3051,HIS 3051,The Craft of the Historian,[REDACTED],M | 3:00 PM - 5:45 PM | 39-J. Brooks Brown Hall Room 4029A,Main Campus-UNF,Standard,OPEN,1,18,19,15
86017,HIS,3051,HIS 3051,The Craft of the Historian,[REDACTED],T | 3:05 PM - 5:50 PM | Online,Distance Learning,Live Online,FULL - WAITLIST AVAILABLE,0,19,19,19
85988,HIS,3932,HIS 3932,ST: Museum Basics,[REDACTED],F | 12:00 PM - 2:45 PM | 45-Fine Arts Center Room 2807,Main Campus-UNF,Standard,FULL - WAITLIST AVAILABLE,0,5,5,5
85223,HIS,4266,HIS 4266,Sem: Comparative Empires,[REDACTED],W | 3:00 PM - 5:45 PM | 9-Fred Schultz Hall Room 2401,Main Campus-UNF,Standard,OPEN,1,12,13,15
86350,HIS,4906,HIS 4906,Directed Individual Study,[REDACTED],TBA,Main Campus-UNF,Independent,FULL - WAITLIST AVAILABLE,0,1,1,1
85225,HIS,4936,HIS 4936,Sem: US Environ. History,[REDACTED],R | 3:05 PM - 5:50 PM | Online,Distance Learning,Live Online,OPEN,4,11,15,15
85227,HIS,4940,HIS 4940,Internship in History,[REDACTED],Off Main Campus Room OFF-MC,Off-Campus: Internships,Independent,OPEN,3,2,5,5
85224,HIS,5268,HIS 5268,Comparative Empires,[REDACTED],W | 3:00 PM - 5:45 PM | 9-Fred Schultz Hall Room 2401,Main Campus-UNF,Standard,FULL - WAITLIST AVAILABLE,0,8,8,5
86115,HIS,5934,HIS 5934,ST: Env. History of the US,[REDACTED],R | 3:05 PM - 5:50 PM | Online,Distance Learning,Live Online,OPEN,3,2,5,5
86239,HIS,6905,HIS 6905,Directed Independent Study,[REDACTED],TBA,Main Campus-UNF,Independent,FULL - WAITLIST AVAILABLE,-1,3,2,1
86309,HIS,6905,HIS 6905,Directed Independent Study,[REDACTED],TBA,Main Campus-UNF,Independent,FULL,0,1,1,0
85828,HIS,6915,HIS 6915,Public History Seminar,[REDACTED],M | 6:00 PM - 8:45 PM | 9-Fred Schultz Hall Room 2401,Main Campus-UNF,Standard,OPEN,8,7,15,15
85228,HIS,6946,HIS 6946,Internship in History,[REDACTED],Off Main Campus Room OFF-MC,Off-Campus: Internships,Independent,OPEN,3,2,5,5
84850,HIS,6971,HIS 6971,Thesis Research,[REDACTED],TBA,Main Campus-UNF,Independent,FULL - WAITLIST AVAILABLE,0,1,1,1
85049,HIS,6971,HIS 6971,Thesis Research,[REDACTED],TBA,Main Campus-UNF,Independent,FULL - WAITLIST AVAILABLE,0,1,1,1
82645,HSA,2530,HSA 2530,The Language of Healthcare,[REDACTED],Online,Distance Learning,Online (DL),OPEN,4,95,99,25
83461,HSA,3101,HSA 3101,Intro to Health Admin (BHM),[REDACTED],Online,Distance Learning,Online (DL),OPEN,8,42,50,0
84032,HSA,3101,HSA 3101,Introduction to Health Administration,[REDACTED],T | 6:00 PM - 8:45 PM | 39A-J. Brooks Brown Hall Addit Room 1030; T | 6:00 PM - 8:45 PM | 39A-J. Brooks Brown Hall Addit Room 1030; T | 6:00 PM - 8:45 PM | 39A-J. Brooks Brown Hall Addit Room 1030; T | 6:00 PM - 8:45 PM | 39A-J. Brooks Brown Hall Addit Room 1030; T | 6:00 PM - 8:45 PM | 39A-J. Brooks Brown Hall Addit Room 1030; Online,Hybrid - On Campus/Online,Hybrid,OPEN,7,28,35,10
82908,HSA,3160,HSA 3160,Health Care Marketing,[REDACTED],Online,Distance Learning,Online (DL),FULL,0,50,50,0
86165,HSA,3160,HSA 3160,Health Care Marketing,[REDACTED],Online,Distance Learning,Online (DL),OPEN,29,21,50,20
83322,HSA,3222,HSA 3222,Long Term Care Administration,[REDACTED],Online,Distance Learning,Online (DL),OPEN,6,59,65,10
82909,HSA,3340,HSA 3340,Healthcr Human Resourse (BHM),[REDACTED],Online,Distance Learning,Online (DL),OPEN,31,19,50,10
86022,HSA,3340,HSA 3340,Healthcare Human Resources,[REDACTED],Online,Distance Learning,Online (DL),FULL - WAITLIST AVAILABLE,0,40,40,10
82850,HSA,3522,HSA 3522,Managerial Epidemiology,[REDACTED],Online,Distance Learning,Online (DL),OPEN,2,57,59,20
84381,HSA,4005,HSA 4005,Becoming a Health Care Boss,[REDACTED],Online,Distance Learning,Online (DL),OPEN,9,41,50,0
82181,HSA,4111,HSA 4111,U.S. Health Care System,[REDACTED],Online,Distance Learning,Online (DL),OPEN,1,49,50,0
82322,HSA,4111,HSA 4111,U.S. Health Care System (BHM),[REDACTED],Online,Distance Learning,Online (DL),OPEN,21,29,50,0
83399,HSA,4111,HSA 4111,U.S. Health Care System,[REDACTED],W | 4:30 PM - 7:15 PM | 51-Social Sciences Room 1101; W | 4:30 PM - 7:15 PM | 51-Social Sciences Room 1101; W | 4:30 PM - 7:15 PM | 51-Social Sciences Room 1101; W | 4:30 PM - 7:15 PM | 51-Social Sciences Room 1101; W | 4:30 PM - 7:15 PM | 51-Social Sciences Room 1101; Online,Hybrid - On Campus/Online,Hybrid,OPEN,3,37,40,10
83841,HSA,4544,HSA 4544,Global Health Care,[REDACTED],Online,Distance Learning,Online (DL),OPEN,5,45,50,10
83219,HSA,5177,HSA 5177,Health Care Finance,[REDACTED],R | 6:00 PM - 8:45 PM | 39-J. Brooks Brown Hall Room 2006,Main Campus-UNF,Standard,OPEN,12,28,40,10
84411,HSA,6114,HSA 6114,Health Organization and Delivery,[REDACTED],M | 6:00 PM - 8:45 PM | 39-J. Brooks Brown Hall Room 2006,Main Campus-UNF,Standard,OPEN,8,27,35,10
83012,HSA,6158,HSA 6158,Health Policy and Law,[REDACTED],Online,Distance Learning,Online (DL),OPEN,17,33,50,10
82961,HSA,6179,HSA 6179,Financial Management for Health Care Organizations,[REDACTED],Online,Distance Learning,Online (DL),OPEN,9,46,55,10
82191,HSA,6186,HSA 6186,Healthcare Leadership and Organizational Theory,[REDACTED],T | 6:00 PM - 8:45 PM | 39-J. Brooks Brown Hall Room 2006; T | 6:00 PM - 8:45 PM | 39-J. Brooks Brown Hall Room 2006; T | 6:00 PM - 8:45 PM | 39-J. Brooks Brown Hall Room 2006; T | 6:00 PM - 8:45 PM | 39-J. Brooks Brown Hall Room 2006; T | 6:00 PM - 8:45 PM | 39-J. Brooks Brown Hall Room 2006; T | 6:00 PM - 8:45 PM | 39-J. Brooks Brown Hall Room 2006; T | 6:00 PM - 8:45 PM | 39-J. Brooks Brown Hall Room 2006; T | 6:00 PM - 8:45 PM | 39-J. Brooks Brown Hall Room 2006; Online,Hybrid - On Campus/Online,Hybrid,OPEN,15,25,40,10
83843,HSA,6327,HSA 6327,Healthcare Revenue Management,[REDACTED],W | 6:00 PM - 8:45 PM | 51-Social Sciences Room 1205; W | 6:00 PM - 8:45 PM | 51-Social Sciences Room 1205; Online,Distance Learning,Primarily Online,OPEN,15,35,50,10
84613,HSA,6342,HSA 6342,Healthcare Human Resources,[REDACTED],T | 6:00 PM - 8:45 PM | 39-J. Brooks Brown Hall Room 1002A,Main Campus-UNF,Standard,OPEN,9,34,43,10
83013,HSA,6387,HSA 6387,Healthcare Quality and Patient Safety Management,[REDACTED],Online,Distance Learning,Online (DL),OPEN,11,39,50,10
82182,HSA,6435,HSA 6435,Health Economics,[REDACTED],W | 6:00 PM - 8:45 PM | 39A-J. Brooks Brown Hall Addit Room 1030,Main Campus-UNF,Standard,OPEN,14,31,45,10
82962,HSA,6512,HSA 6512,Leadership and Organizational Behavior in Healthcare,[REDACTED],Online,Distance Learning,Online (DL),OPEN,8,47,55,10
83988,HSA,6512,HSA 6512,Leadership and Organizational Behavior in Healthcare,[REDACTED],Online,Distance Learning,Online (DL),OPEN,13,27,40,10
82467,HSA,6520,HSA 6520,Managerial Epidemiology,[REDACTED],M | 6:00 PM - 8:45 PM | 39A-J. Brooks Brown Hall Addit Room 1030,Main Campus-UNF,Standard,OPEN,19,26,45,10
86457,HSA,6940,HSA 6940,MHA Internship,[REDACTED],Off Main Campus Room OFF-MC,Off-Campus: Internships,Independent,OPEN,4,1,5,0
86526,HSA,6940,HSA 6940,MHA Internship,[REDACTED],TBA,Off-Campus: Internships,Independent,OPEN,1,0,1,0
86066,HSA,7348,HSA 7348,Managing Change and Negotiation,[REDACTED],W | 9:00 AM - 4:30 PM | 43-University Center; R | 9:00 AM - 4:30 PM | 43-University Center; Online,Hybrid - On Campus/Online,Hybrid,OPEN,7,18,25,10
86068,HSA,7357,HSA 7357,Organizational Behavior,[REDACTED],W | 9:00 AM - 4:30 PM | 43-University Center; R | 9:00 AM - 4:30 PM | 43-University Center; Online,Hybrid - On Campus/Online,Hybrid,OPEN,3,27,30,0
86070,HSA,7385,HSA 7385,Leadership Accountability for Quality and Safety,[REDACTED],W | 9:00 AM - 4:30 PM | 43-University Center; R | 9:00 AM - 4:30 PM | 43-University Center; Online,Hybrid - On Campus/Online,Hybrid,OPEN,6,19,25,10
86069,HSA,7706,HSA 7706,Research Methodologies,[REDACTED],W | 9:00 AM - 4:30 PM | 43-University Center; R | 9:00 AM - 4:30 PM | 43-University Center; Online,Hybrid - On Campus/Online,Hybrid,OPEN,3,27,30,0
85557,HSA,7911,HSA 7911,Doctoral Project I,[REDACTED],T | 9:00 AM - 4:30 PM | 39-J. Brooks Brown Hall Room 4042; Online,Distance Learning,Primarily Online,OPEN,3,22,25,0
82468,HSC,2000,HSC 2000,Health Care Careers,[REDACTED],Online,Distance Learning,Online (DL),FULL - WAITLIST AVAILABLE,0,50,50,20
82183,HSC,2100,HSC 2100,Personal and Public Health,[REDACTED],T | 4:30 PM - 5:45 PM | 39A-J. Brooks Brown Hall Addit Room 1034; Online,Hybrid - On Campus/Online,Hybrid,FULL - WAITLIST AVAILABLE,0,40,40,20
82469,HSC,2100,HSC 2100,Personal and Public Health,[REDACTED],Online,Distance Learning,Online (DL),FULL - WAITLIST AVAILABLE,0,50,50,20
82546,HSC,2100,HSC 2100,Personal and Public Health,[REDACTED],Online,Distance Learning,Online (DL),FULL - WAITLIST AVAILABLE,0,50,50,20
82547,HSC,2100,HSC 2100,Personal and Public Health,[REDACTED],Online,Distance Learning,Online (DL),FULL - WAITLIST AVAILABLE,-2,52,50,20
82548,HSC,2100,HSC 2100,Personal and Public Health,[REDACTED],Online,Distance Learning,Online (DL),FULL - WAITLIST AVAILABLE,0,50,50,20
85569,HSC,2100,HSC 2100,Personal and Public Health,[REDACTED],Online,Distance Learning,Online (DL),FULL - WAITLIST AVAILABLE,-1,51,50,20
83814,HSC,2619,HSC 2619,Intro Exercise Science (KAF),[REDACTED],MW | 1:30 PM - 2:45 PM | 2-Founders Hall Room 1017,Main Campus-UNF,Standard,OPEN,11,29,40,0
82549,HSC,3032,HSC 3032,Foundations of Public Health,[REDACTED],R | 9:25 AM - 10:40 AM | 39A-J. Brooks Brown Hall Addit Room 1034; Online,Hybrid - On Campus/Online,Hybrid,OPEN,7,33,40,20
83167,HSC,3032,HSC 3032,Foundations of Public Health,[REDACTED],M | 12:00 PM - 1:15 PM | 39A-J. Brooks Brown Hall Addit Room 1028; Online,Hybrid - On Campus/Online,Hybrid,OPEN,6,34,40,20
83311,HSC,3304,HSC 3304,Public Health Strategies,[REDACTED],W | 1:30 PM - 2:45 PM | 39-J. Brooks Brown Hall Room 3063; Online,Hybrid - On Campus/Online,Hybrid,OPEN,1,39,40,20
84715,HSC,3304,HSC 3304,Public Health Strategies,[REDACTED],R | 1:40 PM - 2:55 PM | 39-J. Brooks Brown Hall Room 3063; Online,Hybrid - On Campus/Online,Hybrid,OPEN,11,29,40,20
82190,HSC,3500,HSC 3500,Epidemiology,[REDACTED],R | 1:40 PM - 2:55 PM | 57-Petway Hall Room 1280; Online,Hybrid - On Campus/Online,Hybrid,OPEN,1,39,40,20
82397,HSC,3500,HSC 3500,Epidemiology,[REDACTED],M | 1:30 PM - 2:45 PM | 39A-J. Brooks Brown Hall Addit Room 1028; Online,Hybrid - On Campus/Online,Hybrid,OPEN,2,38,40,20
82607,HSC,3537,HSC 3537,Medical Terminology,[REDACTED],Online,Distance Learning,Online (DL),FULL - WAITLIST AVAILABLE,0,50,50,20
82608,HSC,3537,HSC 3537,Medical Terminology,[REDACTED],Online,Distance Learning,Online (DL),OPEN,1,49,50,20
82655,HSC,3537,HSC 3537,Medical Terminology,[REDACTED],Online,Distance Learning,Online (DL),FULL - WAITLIST AVAILABLE,0,50,50,20
82769,HSC,3537,HSC 3537,Medical Terminology,[REDACTED],Online,Distance Learning,Online (DL),OPEN,21,29,50,20
83323,HSC,3537,HSC 3537,Medical Terminology,[REDACTED],Online,Distance Learning,Online (DL),OPEN,1,49,50,20
83324,HSC,3537,HSC 3537,Medical Terminology,[REDACTED],Online,Distance Learning,Online (DL),FULL - WAITLIST AVAILABLE,-1,51,50,20
85854,HSC,3537,HSC 3537,Medical Terminology (BSN-FAN),[REDACTED],W | 8:00 AM - 9:15 AM | 39-J. Brooks Brown Hall Room 1026A; Online,Hybrid - On Campus/Online,Hybrid,OPEN,5,35,40,0
82331,HSC,3555,HSC 3555,"Human Diseases: Pathophysiology, Prevention and Treatment",[REDACTED],Online,Distance Learning,Online (DL),OPEN,14,36,50,20
85570,HSC,3555,HSC 3555,"Human Diseases: Pathophysiology, Prevention and Treatment",[REDACTED],Online,Distance Learning,Online (DL),OPEN,31,19,50,20
82763,HSC,3578,HSC 3578,"Food, Health and Society",[REDACTED],Online,Distance Learning,Online (DL),OPEN,1,44,45,20
85411,HSC,3578,HSC 3578,"Food, Health and Society",[REDACTED],Online,Distance Learning,Online (DL),FULL - WAITLIST AVAILABLE,0,45,45,20
82184,HSC,3713,HSC 3713,Planning and Evaluating Health Programs,[REDACTED],W | 12:00 PM - 1:15 PM | 4-Skinner-Jones Hall Room 1702; Online,Hybrid - On Campus/Online,Hybrid,OPEN,12,18,30,20
82362,HSC,3713,HSC 3713,Planning and Evaluating Health Programs,[REDACTED],T | 12:15 PM - 1:30 PM | 39A-J. Brooks Brown Hall Addit Room 1028; Online,Hybrid - On Campus/Online,Hybrid,OPEN,6,24,30,20
83627,HSC,4133,HSC 4133,Sexual &amp; Reproductive Health Promotion,[REDACTED],T | 3:05 PM - 4:20 PM | 39A-J. Brooks Brown Hall Addit Room 1028; Online,Hybrid - On Campus/Online,Hybrid,OPEN,1,39,40,20
83628,HSC,4134,HSC 4134,Mental &amp; Emotional Health Promotion,[REDACTED],M | 4:30 PM - 5:45 PM | 39A-J. Brooks Brown Hall Addit Room 1030; Online,Hybrid - On Campus/Online,Hybrid,OPEN,1,39,40,20
82185,HSC,4150,HSC 4150,Substance Abuse and Violence Prevention,[REDACTED],Online,Distance Learning,Online (DL),OPEN,1,49,50,20
82461,HSC,4150,HSC 4150,Substance Abuse and Violence Prevention,[REDACTED],Online,Distance Learning,Online (DL),OPEN,27,23,50,20
82316,HSC,4181,HSC 4181,Alternative Healing,[REDACTED],Online,Distance Learning,Online (DL),OPEN,1,49,50,20
82440,HSC,4210,HSC 4210,Environmental Health,[REDACTED],Online,Distance Learning,Online (DL),OPEN,1,49,50,20
82944,HSC,4210,HSC 4210,Environmental Health,[REDACTED],R | 4:30 PM - 5:45 PM | 39A-J. Brooks Brown Hall Addit Room 1030; Online,Hybrid - On Campus/Online,Hybrid,OPEN,13,27,40,20
83314,HSC,4238,HSC 4238,Promoting Physical Activity &amp; Healthy Eating,[REDACTED],R | 12:15 PM - 1:30 PM | 39A-J. Brooks Brown Hall Addit Room 1034; Online,Hybrid - On Campus/Online,Hybrid,FULL - WAITLIST AVAILABLE,0,40,40,20
83331,HSC,4602,HSC 4602,Animal Assisted Services for Health and Wellness,[REDACTED],Online,Distance Learning,Online (DL),OPEN,31,19,50,20
82830,HSC,4612,HSC 4612,Exercise Physiology for Health Science,[REDACTED],MW | 1:30 PM - 2:45 PM | 9-Fred Schultz Hall Room 1421,Main Campus-UNF,Standard,FULL,0,60,60,0
83369,HSC,4612,HSC 4612,Exercise Physiology for Health Science,[REDACTED],MW | 1:30 PM - 2:45 PM | 9-Fred Schultz Hall Room 1421,Main Campus-UNF,Standard,OPEN,1,59,60,0
82568,HSC,4615L,HSC 4615L,Lab Methods in Exercise Physiology for Health Science,[REDACTED],TR | 9:25 AM - 10:40 AM | 39-J. Brooks Brown Hall Room 4062,Main Campus-UNF,Standard,FULL,0,20,20,0
82639,HSC,4615L,HSC 4615L,Lab Methods in Exercise Physiology for Health Science,[REDACTED],TR | 12:15 PM - 1:30 PM | 39-J. Brooks Brown Hall Room 4062,Main Campus-UNF,Standard,FULL,0,20,20,0
82640,HSC,4615L,HSC 4615L,Lab Methods in Exercise Physiology for Health Science,[REDACTED],TR | 8:00 AM - 9:15 AM | 39-J. Brooks Brown Hall Room 4062,Main Campus-UNF,Standard,FULL,0,20,20,0
82641,HSC,4615L,HSC 4615L,Lab Methods in Exercise Physiology for Health Science,[REDACTED],TR | 10:50 AM - 12:05 PM | 39-J. Brooks Brown Hall Room 4062,Main Campus-UNF,Standard,OPEN,1,19,20,0
82835,HSC,4615L,HSC 4615L,Lab Methods in Exercise Physiology for Health Science,[REDACTED],TR | 1:40 PM - 2:55 PM | 39-J. Brooks Brown Hall Room 4062,Main Campus-UNF,Standard,OPEN,1,19,20,0
84241,HSC,4615L,HSC 4615L,Lab Methods in Exercise Physiology for Health Science,[REDACTED],TR | 3:05 PM - 4:20 PM | 39-J. Brooks Brown Hall Room 4062,Main Campus-UNF,Standard,OPEN,2,18,20,0
83316,HSC,4624,HSC 4624,Global Health,[REDACTED],Online,Distance Learning,Online (DL),OPEN,1,49,50,20
83317,HSC,4624,HSC 4624,Global Health,[REDACTED],Online,Distance Learning,Online (DL),OPEN,28,22,50,20
83817,HSC,4670,HSC 4670,Global Sexuality and Reproductive Health,[REDACTED],Online,Distance Learning,Online (DL),OPEN,13,37,50,20
83414,HSC,4730,HSC 4730,Public Health Research,[REDACTED],R | 4:30 PM - 5:45 PM | 39-J. Brooks Brown Hall Room 2006; Online,Hybrid - On Campus/Online,Hybrid,FULL - WAITLIST AVAILABLE,0,36,36,20
86083,HSC,4730,HSC 4730,Public Health Research,[REDACTED],T | 12:15 PM - 1:30 PM | 42-Coggin College of Business Room 1116; Online,Hybrid - On Campus/Online,Hybrid,OPEN,5,25,30,20
82255,HSC,4800,HSC 4800,Professional Preparation in Public Health,[REDACTED],T | 9:25 AM - 10:40 AM | 39A-J. Brooks Brown Hall Addit Room 1034; Online,Hybrid - On Campus/Online,Hybrid,OPEN,14,21,35,20
82685,HSC,4800,HSC 4800,Professional Preparation in Public Health,[REDACTED],W | 4:30 PM - 5:45 PM | 39A-J. Brooks Brown Hall Addit Room 1034; Online,Hybrid - On Campus/Online,Hybrid,OPEN,14,21,35,20
82187,HSC,4814,HSC 4814,Public Health Practical Experience,[REDACTED],Off Main Campus Room OFF-MC,Off-Campus: Internships,Independent,OPEN,34,16,50,20
83009,HSC,4931,HSC 4931,ST:Global Immigrant &amp; Refugee,[REDACTED],Online,Distance Learning,Online (DL),OPEN,15,20,35,20
85641,HSC,4934,HSC 4934,Interdisciplinary Health Studies Capstone,[REDACTED],Off Main Campus Room OFF-MC,Off-Campus: Internships,Independent,OPEN,1,24,25,0
82971,HSC,6587,HSC 6587,Public Health Program Planning,[REDACTED],W | 6:00 PM - 8:45 PM | 39-J. Brooks Brown Hall Room 2006; W | 6:00 PM - 8:45 PM | 39-J. Brooks Brown Hall Room 2006; W | 6:00 PM - 8:45 PM | 39-J. Brooks Brown Hall Room 2006; W | 6:00 PM - 8:45 PM | 39-J. Brooks Brown Hall Room 2006; W | 6:00 PM - 8:45 PM | 39-J. Brooks Brown Hall Room 2006; W | 6:00 PM - 8:45 PM | 39-J. Brooks Brown Hall Room 2006; Online,Hybrid - On Campus/Online,Hybrid,OPEN,1,38,39,10
82977,HSC,6601,HSC 6601,Animal Assisted Services in Healthcare and Education,[REDACTED],Online,Distance Learning,Online (DL),OPEN,3,7,10,10
83010,HSC,6603,HSC 6603,Theoretical Foundations of Behavior Change,[REDACTED],W | 6:00 PM - 8:45 PM | 39-J. Brooks Brown Hall Room 4029A; W | 6:00 PM - 8:45 PM | 39-J. Brooks Brown Hall Room 4029A; W | 6:00 PM - 8:45 PM | 39-J. Brooks Brown Hall Room 4029A; W | 6:00 PM - 8:45 PM | 39-J. Brooks Brown Hall Room 4029A; W | 6:00 PM - 8:45 PM | 39-J. Brooks Brown Hall Room 4029A; W | 6:00 PM - 8:45 PM | 39-J. Brooks Brown Hall Room 4029A; W | 6:00 PM - 8:45 PM | 39-J. Brooks Brown Hall Room 4029A; W | 6:00 PM - 8:45 PM | 39-J. Brooks Brown Hall Room 4029A; Online,Hybrid - On Campus/Online,Hybrid,OPEN,1,14,15,10
86348,HSC,6625,HSC 6625,Global Health,[REDACTED],Online,Distance Learning,Online (DL),OPEN,12,3,15,20
82690,HSC,6735,HSC 6735,Public Health Research,[REDACTED],T | 6:00 PM - 8:45 PM | 39A-J. Brooks Brown Hall Addit Room 1034; T | 6:00 PM - 8:45 PM | 39A-J. Brooks Brown Hall Addit Room 1034; T | 6:00 PM - 8:45 PM | 39A-J. Brooks Brown Hall Addit Room 1034; T | 6:00 PM - 8:45 PM | 39A-J. Brooks Brown Hall Addit Room 1034; Online,Hybrid - On Campus/Online,Hybrid,OPEN,10,20,30,10
86490,HSC,6816,HSC 6816,Field Experiences in Health,[REDACTED],Off Main Campus Room OFF-MC,Off-Campus: Internships,Independent,FULL,0,1,1,0
83011,HSC,6931,HSC 6931,ST:Global Immigrant &amp; Refugee,[REDACTED],Online,Distance Learning,Online (DL),OPEN,9,1,10,5
83360,HUM,2020,HUM 2020,(GW) Introduction to Humanities,[REDACTED],MWF | 11:00 AM - 11:50 AM | 15-John E. Mathews Room 1205,Main Campus-UNF,Standard,FULL - WAITLIST AVAILABLE,0,27,27,20
83558,HUM,2020,HUM 2020,(GW) Introduction to Humanities,[REDACTED],MWF | 9:00 AM - 9:50 AM | 57-Petway Hall Room 1270,Main Campus-UNF,Standard,FULL - WAITLIST AVAILABLE,0,27,27,20
83587,HUM,2020,HUM 2020,(GW) Introduction to Humanities,[REDACTED],Online,Distance Learning,Online (DL),FULL - WAITLIST AVAILABLE,0,27,27,20
83670,HUM,2020,HUM 2020,(GW) Introduction to Humanities,[REDACTED],Online,Distance Learning,Online (DL),FULL - WAITLIST AVAILABLE,0,27,27,20
84039,HUM,2020,HUM 2020,(GW) Introduction to Humanities,[REDACTED],Online,Distance Learning,Online (DL),FULL - WAITLIST AVAILABLE,0,27,27,20
84843,HUM,2020,HUM 2020,(GW) Introduction to Humanities,[REDACTED],MWF | 10:00 AM - 10:50 AM | 15-John E. Mathews Room 1205,Main Campus-UNF,Standard,FULL - WAITLIST AVAILABLE,0,27,27,20
84844,HUM,2020,HUM 2020,(GW) Introduction to Humanities,[REDACTED],MWF | 10:00 AM - 10:50 AM | 57-Petway Hall Room 1260,Main Campus-UNF,Standard,FULL - WAITLIST AVAILABLE,0,27,27,20
84845,HUM,2020,HUM 2020,(GW) Introduction to Humanities,[REDACTED],MWF | 11:00 AM - 11:50 AM | 9-Fred Schultz Hall Room 1413,Main Campus-UNF,Standard,FULL - WAITLIST AVAILABLE,0,27,27,20
85346,HUM,2020,HUM 2020,(GW) Introduction to Humanities,[REDACTED],TR | 12:15 PM - 1:30 PM | 15-John E. Mathews Room 1206,Main Campus-UNF,Standard,FULL - WAITLIST AVAILABLE,0,27,27,20
86161,HUM,2020,HUM 2020,(H)(GW) Intro to Humanities,[REDACTED],TR | 10:50 AM - 12:05 PM | 9-Fred Schultz Hall Room 2301,Main Campus-UNF,Standard,FULL - WAITLIST AVAILABLE,0,20,20,10
86183,HUM,2020,HUM 2020,(GW) Introduction to Humanities,[REDACTED],Online,Distance Learning,Online (DL),FULL - WAITLIST AVAILABLE,-1,28,27,25
86190,HUM,2020,HUM 2020,(GW) Introduction to Humanities,[REDACTED],Online,Distance Learning,Online (DL),FULL - WAITLIST AVAILABLE,0,27,27,25
86230,HUM,2020,HUM 2020,(GW) Introduction to Humanities,[REDACTED],MW | 3:00 PM - 4:15 PM | 51-Social Sciences Room 1102,Main Campus-UNF,Standard,FULL - WAITLIST AVAILABLE,0,40,40,40
86231,HUM,2020,HUM 2020,(GW) Introduction to Humanities,[REDACTED],MW | 3:00 PM - 4:15 PM | 51-Social Sciences Room 1103,Main Campus-UNF,Standard,OPEN,2,38,40,40
86271,HUM,2020,HUM 2020,(GW) Introduction to Humanities,[REDACTED],TR | 12:15 PM - 1:30 PM | 4-Skinner-Jones Hall Room 1704,Main Campus-UNF,Standard,FULL - WAITLIST AVAILABLE,0,75,75,10
86302,HUM,2020,HUM 2020,(GW) Introduction to Humanities,[REDACTED],TR | 9:25 AM - 10:40 AM | 9-Fred Schultz Hall Room 1411,Main Campus-UNF,Standard,FULL - WAITLIST AVAILABLE,0,32,32,10
86303,HUM,2020,HUM 2020,(GW) Introduction to Humanities,[REDACTED],TR | 12:15 PM - 1:30 PM | 15-John E. Mathews Room 1204,Main Campus-UNF,Standard,FULL - WAITLIST AVAILABLE,0,34,34,10
86306,HUM,2020,HUM 2020,(GW) Introduction to Humanities,[REDACTED],Online,Distance Learning,Online (DL),OPEN,1,26,27,25
86398,HUM,2020,HUM 2020,(GW) Introduction to Humanities,[REDACTED],MWF | 10:00 AM - 10:50 AM | 14D-Andrew A. Robinson Center Room 2001,Main Campus-UNF,Standard,OPEN,3,24,27,10
86399,HUM,2020,HUM 2020,(GW) Introduction to Humanities,[REDACTED],MWF | 11:00 AM - 11:50 AM | 14D-Andrew A. Robinson Center Room 2001,Main Campus-UNF,Standard,FULL - WAITLIST AVAILABLE,-1,28,27,10
82188,HUN,2201,HUN 2201,Basic Prin Human Nutri (FAN),[REDACTED],MW | 4:30 PM - 5:45 PM | 45-Fine Arts Center Room 2412,Main Campus-UNF,Standard,FULL - WAITLIST AVAILABLE,0,59,59,10
82329,HUN,2201,HUN 2201,Basic Principles of Human Nutrition,[REDACTED],Online,Distance Learning,Online (DL),OPEN,1,49,50,10
82330,HUN,2201,HUN 2201,Basic Principles of Human Nutrition,[REDACTED],Online,Distance Learning,Online (DL),OPEN,2,46,48,10
82450,HUN,2201,HUN 2201,Basic Principles of Human Nutrition,[REDACTED],Online,Distance Learning,Online (DL),FULL - WAITLIST AVAILABLE,0,49,49,10
82591,HUN,2201,HUN 2201,Basic Principles of Human Nutrition,[REDACTED],Online,Distance Learning,Online (DL),FULL - WAITLIST AVAILABLE,0,49,49,10
83237,HUN,2201,HUN 2201,Basic Principles of Human Nutrition,[REDACTED],F | 2:00 PM - 4:45 PM | 39-J. Brooks Brown Hall Room 1009,Main Campus-UNF,Standard,FULL - WAITLIST AVAILABLE,0,49,49,10
83552,HUN,2201,HUN 2201,Basic Principles of Human Nutrition,[REDACTED],Online,Distance Learning,Online (DL),FULL - WAITLIST AVAILABLE,0,49,49,30
83553,HUN,2201,HUN 2201,Basic Principles of Human Nutrition,[REDACTED],Online,Distance Learning,Online (DL),FULL - WAITLIST AVAILABLE,0,49,49,30
83658,HUN,2201,HUN 2201,Basic Principles of Human Nutrition,[REDACTED],Online,Distance Learning,Online (DL),FULL - WAITLIST AVAILABLE,0,49,49,10
83773,HUN,2201,HUN 2201,Basic Principles of Human Nutrition,[REDACTED],Online,Distance Learning,Online (DL),FULL - WAITLIST AVAILABLE,0,49,49,10
84066,HUN,2201,HUN 2201,Basic Principles of Human Nutrition,[REDACTED],Online,Distance Learning,Online (DL),FULL - WAITLIST AVAILABLE,0,49,49,30
85410,HUN,3014,HUN 3014,Nutrition and Fitness,[REDACTED],Online,Distance Learning,Online (DL),FULL - WAITLIST AVAILABLE,0,45,45,20
83481,HUN,3231,HUN 3231,Metabolism of Micronutrients,[REDACTED],TR | 8:00 AM - 9:15 AM | 39A-J. Brooks Brown Hall Addit Room 1034,Main Campus-UNF,Standard,OPEN,14,21,35,0
83775,HUN,3231,HUN 3231,Metab Micronutr. (DPD-Online),[REDACTED],Online,Distance Learning,Online (DL),OPEN,2,18,20,0
82381,HUN,3403,HUN 3403,Life Span Nutrition,[REDACTED],Online,Distance Learning,Online (DL),OPEN,6,39,45,20
83371,HUN,3403,HUN 3403,Life Span Nutrition,[REDACTED],Online,Distance Learning,Online (DL),OPEN,29,16,45,20
83482,HUN,3800,HUN 3800,NutrSci Res&amp; Ethic(DPD-Online),[REDACTED],Online,Distance Learning,Online (DL),OPEN,7,23,30,10
84037,HUN,3800,HUN 3800,Nutrition Science Research and Ethics,[REDACTED],MW | 12:00 PM - 1:15 PM | 51-Social Sciences Room 1205,Main Campus-UNF,Standard,OPEN,23,32,55,20
83333,HUN,4614,HUN 4614,Nutrition Communication,[REDACTED],Online,Distance Learning,Online (DL),OPEN,10,10,20,0
85429,HUN,6227,HUN 6227,Advanced Human Nutrition,[REDACTED],Online,Online Program,Online (DL),OPEN,8,2,10,0
83509,HUN,6408,HUN 6408,Nutrition Through Life Span,[REDACTED],Online,Distance Learning,Online (DL),OPEN,1,15,16,0
85470,HUN,6448,HUN 6448,Nutrition and Disease,[REDACTED],Online,Distance Learning,Online (DL),FULL,0,48,48,0
85471,HUN,6448,HUN 6448,Nutrition and Disease,[REDACTED],M | 12:00 PM - 2:45 PM | 39-J. Brooks Brown Hall Room 3000,Main Campus-UNF,Standard,OPEN,1,17,18,0
85472,HUN,6448,HUN 6448,Nutrition and Disease,[REDACTED],Online,Online Program,Online (DL),FULL,0,22,22,0
82906,HUN,6612,HUN 6612,Nutrition Education and Counseling,[REDACTED],Online,Online Program,Online (DL),OPEN,4,1,5,0
82717,HUN,6911,HUN 6911,Nutrition and Dietetics Seminar,[REDACTED],Online,Online Program,Online (DL),OPEN,2,4,6,0
84065,HUN,6911,HUN 6911,Nutrition and Dietetics Seminar,[REDACTED],M | 12:00 PM - 2:45 PM | 39-J. Brooks Brown Hall Room 3064,Main Campus-UNF,Standard,OPEN,4,11,15,0
82764,HUN,7219,HUN 7219,Advanced Concepts in Clinical Nutrition,[REDACTED],Online,Distance Learning,Online (DL),OPEN,7,13,20,0
83510,HUN,7830,HUN 7830,Research Methods I,[REDACTED],Online,Distance Learning,Online (DL),OPEN,1,14,15,0
83689,HUN,7939,HUN 7939,Doctoral Seminar in Nutrition,[REDACTED],Online,Distance Learning,Online (DL),OPEN,4,1,5,0
86296,HUN,7939,HUN 7939,Doctoral Seminar in Nutrition,[REDACTED],Online,Distance Learning,Online (DL),FULL,0,1,1,0
82741,HUN,7943,HUN 7943,Advanced Practice Residency,[REDACTED],Online,Distance Learning,Online (DL),OPEN,4,6,10,0
83671,HUN,7981,HUN 7981,Pre-Doctoral Dissertation,[REDACTED],Online,Distance Learning,Online (DL),FULL,0,3,3,0
84955,HUN,7981,HUN 7981,Pre-Doctoral Dissertation,[REDACTED],Online,Distance Learning,Online (DL),OPEN,1,2,3,0
86455,HUN,7981,HUN 7981,Pre-Doctoral Dissertation,[REDACTED],Online,Distance Learning,Online (DL),FULL,0,1,1,0
86458,HUN,7981,HUN 7981,Pre-Doctoral Dissertation,[REDACTED],Online,Distance Learning,Online (DL),FULL,0,1,1,0
84573,HUN,7985,HUN 7985,Doctoral Dissertation,[REDACTED],Online,Distance Learning,Online (DL),OPEN,2,1,3,0
84858,HUN,7985,HUN 7985,Doctoral Dissertation,[REDACTED],Online,Distance Learning,Online (DL),FULL,0,1,1,0
84908,HUN,7985,HUN 7985,Doctoral Dissertation,[REDACTED],Online,Distance Learning,Online (DL),FULL,0,1,1,0
85725,IDC,2000,IDC 2000,The Beauty and Joy of Computing,[REDACTED],TR | 9:25 AM - 10:40 AM | 15-John E. Mathews Room 2202,Main Campus-UNF,Standard,OPEN,19,16,35,20
85726,IDC,2002,IDC 2002,AI for All,[REDACTED],MW | 3:00 PM - 4:15 PM | 42-Coggin College of Business Room 1105,Main Campus-UNF,Standard,OPEN,30,10,40,20
83082,IDH,1923,IDH 1923,(H) Colloq Age of Rev,[REDACTED],F | 9:00 AM - 10:00 AM | 51-Social Sciences Room 1209; F | 10:10 AM - 11:55 AM | 51-Social Sciences Room 1209,Main Campus-UNF,Standard,FULL - WAITLIST AVAILABLE,0,25,25,5
83083,IDH,1923,IDH 1923,(H) Colloq Age of Rev 2,[REDACTED],F | 9:00 AM - 10:00 AM | 51-Social Sciences Room 1209; F | 10:10 AM - 11:55 AM | 51-Social Sciences Room 1205,Main Campus-UNF,Standard,FULL - WAITLIST AVAILABLE,0,25,25,5
83084,IDH,1923,IDH 1923,(H) Colloq Agents of Change,[REDACTED],MW | 4:30 PM - 5:45 PM | 42-Coggin College of Business Room 2120,Main Campus-UNF,Standard,OPEN,2,18,20,2
83087,IDH,1923,IDH 1923,(H) Colloq ACA GIS 1,[REDACTED],T | 6:00 PM - 7:15 PM | 14A-Robinson Theater Room 1311; T | 7:30 PM - 8:45 PM | 2-Founders Hall Room 2007,Main Campus-UNF,Standard,OPEN,1,19,20,2
83088,IDH,1923,IDH 1923,(H) Colloq ACA GIS 2,[REDACTED],T | 6:00 PM - 7:15 PM | 14A-Robinson Theater Room 1311; T | 7:30 PM - 8:45 PM | 2-Founders Hall Room 1018,Main Campus-UNF,Standard,OPEN,5,15,20,2
83089,IDH,1923,IDH 1923,(H) Colloq ACA Mentors,[REDACTED],T | 6:00 PM - 7:15 PM | 14A-Robinson Theater Room 1311; T | 7:30 PM - 8:45 PM | 9-Fred Schultz Hall Room 1411,Main Campus-UNF,Standard,FULL - WAITLIST AVAILABLE,0,20,20,2
83090,IDH,1923,IDH 1923,(H) Colloq ACA Philanthropy,[REDACTED],T | 6:00 PM - 7:15 PM | 14A-Robinson Theater Room 1311; T | 7:30 PM - 8:45 PM | 9-Fred Schultz Hall Room 1413,Main Campus-UNF,Standard,FULL,-2,22,20,0
83198,IDH,1923,IDH 1923,(H) Colloq ACA Soccer 1,[REDACTED],T | 6:00 PM - 7:15 PM | 14A-Robinson Theater Room 1311; T | 7:30 PM - 8:45 PM | 2-Founders Hall Room 2010,Main Campus-UNF,Standard,OPEN,4,16,20,2
83199,IDH,1923,IDH 1923,(H) Colloq ACA Soccer 2,[REDACTED],T | 6:00 PM - 7:15 PM | 14A-Robinson Theater Room 1311; T | 7:30 PM - 8:45 PM | 2-Founders Hall Room 2210,Main Campus-UNF,Standard,OPEN,1,19,20,2
83538,IDH,1923,IDH 1923,(H) Colloq ACA Y-Reads 1,[REDACTED],T | 6:00 PM - 7:15 PM | 14A-Robinson Theater Room 1311; T | 7:30 PM - 8:45 PM | 2-Founders Hall Room 2216,Main Campus-UNF,Standard,OPEN,3,17,20,2
83539,IDH,1923,IDH 1923,(H) Colloq ACA Y-Reads 2,[REDACTED],T | 6:00 PM - 7:15 PM | 14A-Robinson Theater Room 1311; T | 7:30 PM - 8:45 PM | 2-Founders Hall Room 2218,Main Campus-UNF,Standard,OPEN,1,19,20,2
83716,IDH,1923,IDH 1923,(H) Colloq Self and Society,[REDACTED],TR | 3:05 PM - 4:20 PM | 45-Fine Arts Center Room 2403,Main Campus-UNF,Standard,FULL - WAITLIST AVAILABLE,0,21,21,2
84142,IDH,1923,IDH 1923,(H) Colloq Design Thinking,[REDACTED],MW | 12:00 PM - 1:15 PM | 57-Petway Hall Room 1420,Main Campus-UNF,Standard,OPEN,1,19,20,2
84155,IDH,1923,IDH 1923,(H) Colloq Strtgc Comm &amp; Innov,[REDACTED],MW | 4:30 PM - 5:45 PM | 42-Coggin College of Business Room 1113,Main Campus-UNF,Standard,FULL - WAITLIST AVAILABLE,0,21,21,2
84156,IDH,1923,IDH 1923,(H) Colloq Power of Food,[REDACTED],MW | 3:00 PM - 4:15 PM | 9-Fred Schultz Hall Room 2302,Main Campus-UNF,Standard,FULL - WAITLIST AVAILABLE,0,21,21,2
84393,IDH,1923,IDH 1923,(H) Colloq Res. Academic Scs.,[REDACTED],TR | 9:25 AM - 10:40 AM | 9-Fred Schultz Hall Room 2301,Main Campus-UNF,Standard,OPEN,2,19,21,2
84757,IDH,1923,IDH 1923,(H) Colloq Words That Slap,[REDACTED],TR | 9:25 AM - 10:40 AM | 9-Fred Schultz Hall Room 2302,Main Campus-UNF,Standard,FULL - WAITLIST AVAILABLE,0,20,20,2
85836,IDH,1998C,IDH 1998C,Exp:(H) Colloq Chem Measure,[REDACTED],W | 10:00 AM - 10:50 AM | 50-Science &amp; Engineering Room 3516; F | 1:00 PM - 3:15 PM | 50-Science &amp; Engineering Room 3524,Main Campus-UNF,Standard,FULL,0,10,10,0
85906,IDH,1998C,IDH 1998C,Exp:(H) Colloq Chem Measure,[REDACTED],W | 10:00 AM - 10:50 AM | 50-Science &amp; Engineering Room 3516; F | 1:00 PM - 3:15 PM | 50-Science &amp; Engineering Room 3524,Main Campus-UNF,Standard,OPEN,2,8,10,0
86155,IDH,3992,IDH 3992,(H) Exp: Facilitation,[REDACTED],F | 12:00 PM - 1:00 PM | 51-Social Sciences Room 1103; Online,Main Campus-UNF,Independent,OPEN,10,21,31,0
86156,IDH,3992,IDH 3992,(H) Exp: Adv Facilitation,[REDACTED],F | 12:00 PM - 1:00 PM | 51-Social Sciences Room 1103; Online,Main Campus-UNF,Independent,OPEN,1,4,5,0
85870,IDH,4912,IDH 4912,(H) DIS: Adv Facilitation Lead,[REDACTED],TBA,Main Campus-UNF,Independent,OPEN,1,1,2,0
86146,IDH,4912,IDH 4912,Honors Directed Independent Study,[REDACTED],TBA,Main Campus-UNF,Independent,OPEN,5,2,7,0
85705,IDH,4991,IDH 4991,Exp: (H) Research,[REDACTED],TBA,Main Campus-UNF,Independent,OPEN,12,3,15,0
85717,IDH,4993,IDH 4993,Exp: (H) Internship,[REDACTED],Off Main Campus Room OFF-MC,Main Campus-UNF,Independent,OPEN,13,7,20,0
85720,IDH,4994,IDH 4994,Exp: (H) Study Abroad,[REDACTED],Off Main Campus Room OFF-MC,Main Campus-UNF,Independent,OPEN,18,2,20,0
86104,IDS,3949,IDS 3949,Interdisciplinary Studies Internship,[REDACTED],TBA,Main Campus-UNF,Independent,OPEN,3,2,5,5
86176,INP,3106,INP 3106,Data Literacy in Applied Social Science,[REDACTED],TR | 9:25 AM - 10:40 AM | 51-Social Sciences Room 1201,Main Campus-UNF,Standard,OPEN,19,6,25,10
82389,INP,4004,INP 4004,Industrial Organizational Psychology,[REDACTED],Online,Distance Learning,Online (DL),OPEN,9,31,40,40
82055,INR,2002,INR 2002,Introduction to International Relations,[REDACTED],Online,Distance Learning,Online (DL),OPEN,2,58,60,60
82194,INR,3016,INR 3016,Global Issues in Contemporary Politics,[REDACTED],Online,Distance Learning,Online (DL),OPEN,1,49,50,50
84398,INR,3016,INR 3016,Global Issues in Contemporary Politics,[REDACTED],TR | 4:30 PM - 5:45 PM | 2-Founders Hall Room 1018,Main Campus-UNF,Standard,OPEN,33,17,50,50
82508,INR,3084,INR 3084,Terrorism Today,[REDACTED],Online,Distance Learning,Online (DL),FULL - WAITLIST AVAILABLE,-2,52,50,50
84409,INR,3153,INR 3153,American Foreign Policy in the Middle East,[REDACTED],TR | 3:05 PM - 4:20 PM | 2-Founders Hall Room 1017,Main Campus-UNF,Standard,OPEN,18,22,40,50
84395,INR,4102,INR 4102,Real World Policy,[REDACTED],T | 12:15 PM - 3:00 PM | Online,Distance Learning,Live Online,OPEN,7,13,20,20
84400,INR,4344,INR 4344,European Security in a Globalized Society,[REDACTED],TR | 10:50 AM - 12:05 PM | 2-Founders Hall Room 2222,Main Campus-UNF,Standard,OPEN,11,9,20,10
83189,INR,4703,INR 4703,International Political Economy,[REDACTED],Online,Distance Learning,Online (DL),FULL - WAITLIST AVAILABLE,0,40,40,40
84405,INR,6607,INR 6607,International Relations Theory,[REDACTED],M | 6:00 PM - 8:45 PM | 51-Social Sciences Room 1101,Main Campus-UNF,Standard,OPEN,21,4,25,25
86311,INR,6971,INR 6971,Thesis,[REDACTED],TBA,Main Campus-UNF,Independent,FULL - WAITLIST AVAILABLE,0,1,1,1
85810,INS,3950,INS 3950,International Educational Experience,[REDACTED],TBA,Study Abroad - Out of Country,Study Abroad,OPEN,9,1,10,10
85940,INS,4905,INS 4905,Directed Independent Study,[REDACTED],TBA,Main Campus-UNF,Independent,FULL - WAITLIST AVAILABLE,0,1,1,1
85220,INS,4930,INS 4930,Intl Studies Research Sem.,[REDACTED],M | 6:00 PM - 8:45 PM | 2-Founders Hall Room 1017,Main Campus-UNF,Standard,OPEN,9,11,20,20
85811,INS,4941,INS 4941,International Studies Internship,[REDACTED],Off Main Campus Room OFF-MC,Off-Campus: Internships,Independent,OPEN,8,2,10,10
82588,INT,1000,INT 1000,Introduction to Interpreting,[REDACTED],TR | 9:25 AM - 10:40 AM | 57-Petway Hall Room 2060,Main Campus-UNF,Standard,OPEN,6,30,36,5
86134,INT,3011,INT 3011,Linguistics for Interpreters,[REDACTED],Online,Distance Learning,Online (DL),OPEN,13,17,30,0
83834,INT,3134,INT 3134,Applied Ethics in Interpreting,[REDACTED],R | 6:00 PM - 8:45 PM | Online; R | 6:00 PM - 8:45 PM | Online; R | 6:00 PM - 8:45 PM | Online; R | 6:00 PM - 8:45 PM | Online; Online,Distance Learning,Online (DL),OPEN,9,16,25,5
82472,INT,3205,INT 3205,Cognitive Processing,[REDACTED],Online,Distance Learning,Online (DL),OPEN,9,16,25,5
84635,INT,3270,INT 3270,Advanced ASL Classifiers for Interpreting,[REDACTED],F | 8:30 AM - 5:00 PM | 57-Petway Hall Room 1210; S | 8:30 AM - 5:00 PM | 57-Petway Hall Room 1210; U | 8:30 AM - 5:00 PM | 57-Petway Hall Room 1210; Online,Main Campus-UNF,Standard,FULL - WAITLIST AVAILABLE,0,12,12,5
85745,INT,3270,INT 3270,Advanced ASL Classifiers for Interpreting,[REDACTED],F | 8:30 AM - 5:00 PM | 57-Petway Hall Room 2120; S | 8:30 AM - 5:00 PM | 57-Petway Hall Room 2120; U | 8:30 AM - 5:00 PM | 57-Petway Hall Room 2120; Online,Main Campus-UNF,Standard,FULL - WAITLIST AVAILABLE,0,12,12,5
86284,INT,3290,INT 3290,Interpreting Skill Development I,[REDACTED],S | 8:30 AM - 5:00 PM | 57-Petway Hall Room 1250; U | 8:30 AM - 5:00 PM | 57-Petway Hall Room 1250; R | 6:00 PM - 8:45 PM | Online; R | 6:00 PM - 8:45 PM | Online; R | 6:00 PM - 8:45 PM | Online; Online,Hybrid - On Campus/Online,Hybrid,OPEN,1,7,8,0
86285,INT,3290,INT 3290,Interpreting Skill Development I,[REDACTED],S | 8:30 AM - 5:00 PM | 57-Petway Hall Room 1250; U | 8:30 AM - 5:00 PM | 57-Petway Hall Room 1250; R | 6:00 PM - 8:45 PM | Online; R | 6:00 PM - 8:45 PM | Online; R | 6:00 PM - 8:45 PM | Online; Online,Hybrid - On Campus/Online,Hybrid,OPEN,3,9,12,0
83357,INT,3411,INT 3411,Deaf Perspectives on Interpreting,[REDACTED],Online,Distance Learning,Online (DL),FULL - WAITLIST AVAILABLE,0,24,24,5
83441,INT,3951,INT 3951,Service Learning in the Deaf Community,[REDACTED],Online,Distance Learning,Online (DL),OPEN,1,24,25,5
83442,INT,4293,INT 4293,Interpreting Skill Development IV,[REDACTED],F | 8:30 AM - 5:00 PM | 57-Petway Hall Room 1280; S | 8:30 AM - 5:00 PM | 57-Petway Hall Room 1280; U | 8:30 AM - 5:00 PM | 57-Petway Hall Room 1280; Online,Main Campus-UNF,Standard,FULL - WAITLIST AVAILABLE,0,12,12,5
85747,INT,4293,INT 4293,Interpreting Skill Development IV,[REDACTED],F | 8:30 AM - 5:00 PM | 57-Petway Hall Room 2070; S | 8:30 AM - 5:00 PM | 57-Petway Hall Room 2070; U | 8:30 AM - 5:00 PM | 57-Petway Hall Room 2070; Online,Main Campus-UNF,Standard,FULL,0,12,12,0
85748,INT,5800,INT 5800,Legacies and Leadership in Interpreter Education,[REDACTED],Online,Distance Learning,Online (DL),OPEN,5,15,20,0
84665,INT,5954,INT 5954,Service Learning in the Deaf Community,[REDACTED],Online,Distance Learning,Online (DL),OPEN,15,5,20,5
84237,INT,6415,INT 6415,DeafBlind Interpreting,[REDACTED],Online,Distance Learning,Online (DL),FULL,0,15,15,0
86174,INT,6415,INT 6415,DeafBlind Interpreting,[REDACTED],Online,Distance Learning,Online (DL),OPEN,6,9,15,0
83609,INT,6911,INT 6911,Applied Research in Interpretation,[REDACTED],Online,Distance Learning,Online (DL),OPEN,3,22,25,0
85749,INT,6942,INT 6942,Pedagogy Internship,[REDACTED],Online,Distance Learning,Online (DL),OPEN,2,8,10,0
82087,ISM,4011,ISM 4011,Introduction to Management Information Systems,[REDACTED],TR | 6:00 PM - 7:15 PM | 15-John E. Mathews Room 1304,Main Campus-UNF,Standard,OPEN,7,83,90,5
83513,ISM,4011,ISM 4011,Introduction to Management Information Systems,[REDACTED],MW | 3:00 PM - 4:15 PM | 39-J. Brooks Brown Hall Room 1016,Main Campus-UNF,Standard,OPEN,1,89,90,5
83328,ISM,4113,ISM 4113,Analysis and Design of Business Information Systems,[REDACTED],MW | 4:30 PM - 5:45 PM | 42-Coggin College of Business Room 2105,Main Campus-UNF,Standard,OPEN,1,29,30,5
86325,ISM,4210,ISM 4210,Data and Information Management,[REDACTED],TR | 6:00 PM - 7:15 PM | 42-Coggin College of Business Room 2105,Main Campus-UNF,Standard,OPEN,22,18,40,5
83329,ISM,4220,ISM 4220,Business Data Communications,[REDACTED],MW | 12:00 PM - 1:15 PM | 42-Coggin College of Business Room 2105,Main Campus-UNF,Standard,OPEN,1,34,35,5
83330,ISM,4400,ISM 4400,Enterprise Applications Integration,[REDACTED],TR | 10:50 AM - 12:05 PM | 42-Coggin College of Business Room 2105,Main Campus-UNF,Standard,OPEN,16,14,30,5
84426,ISM,4403,ISM 4403,Business Intelligence,[REDACTED],TR | 1:40 PM - 2:55 PM | 42-Coggin College of Business Room 2105,Main Campus-UNF,Standard,OPEN,8,27,35,5
82721,ISM,6021,ISM 6021,IT Strategy and Analytics,[REDACTED],Online,Distance Learning,Online (DL),OPEN,3,37,40,5
84100,ISM,6021,ISM 6021,IT Strategy and Analytics,[REDACTED],W | 6:00 PM - 7:15 PM | 2-Founders Hall Room 2010; Online,Hybrid - On Campus/Online,Hybrid,OPEN,18,32,50,5
86317,ISM,6021,ISM 6021,IT Strategy and Analytics,[REDACTED],Online,Distance Learning,Online (DL),OPEN,4,36,40,5
85847,ISM,6404,ISM 6404,Applications of Business Analytics,[REDACTED],Online,Distance Learning,Online (DL),OPEN,1,42,43,5
85909,ISM,6404,ISM 6404,Applications of Business Analytics,[REDACTED],M | 7:30 PM - 8:45 PM | 42-Coggin College of Business Room 1105; Online,Hybrid - On Campus/Online,Hybrid,OPEN,18,22,40,5
86336,ISM,6404,ISM 6404,Applications of Business Analytics,[REDACTED],Online,Distance Learning,Online (DL),OPEN,18,25,43,5
83226,ISM,6419,ISM 6419,Data Visualization,[REDACTED],MW | 6:00 PM - 7:15 PM | 42-Coggin College of Business Room 1102,Main Campus-UNF,Standard,OPEN,11,24,35,5
85851,ISM,6427,ISM 6427,Business Applications of Artificial Intelligence,[REDACTED],MW | 6:00 PM - 7:15 PM | 42-Coggin College of Business Room 2004,Main Campus-UNF,Standard,OPEN,16,4,20,5
82437,JOU,3109,JOU 3109,Multimedia Reporting,[REDACTED],TR | 3:05 PM - 4:20 PM | 14D-Andrew A. Robinson Center Room 1015,Main Campus-UNF,Standard,OPEN,9,11,20,20
83468,JOU,3342,JOU 3342,Multimedia Storytelling,[REDACTED],W | 1:30 PM - 2:45 PM | 14D-Andrew A. Robinson Center Room 1011; Online,Hybrid - On Campus/Online,Hybrid,OPEN,4,16,20,20
82013,JOU,3925,JOU 3925,Applied Journalism,[REDACTED],TR | 1:40 PM - 2:55 PM | 14D-Andrew A. Robinson Center Room 1015,Main Campus-UNF,Standard,OPEN,7,13,20,20
82447,JOU,4348,JOU 4348,Advanced Multimedia Storytelling,[REDACTED],MW | 3:00 PM - 4:15 PM | 14D-Andrew A. Robinson Center Room 1011,Main Campus-UNF,Standard,OPEN,4,16,20,20
84574,LAE,3210,LAE 3210,Foundations of Literacy,[REDACTED],Online,Distance Learning,Online (DL),OPEN,12,18,30,5
84587,LAE,3210,LAE 3210,Foundations of Literacy,[REDACTED],M | 4:30 PM - 7:15 PM | 57-Petway Hall Room 2010,Main Campus-UNF,Standard,OPEN,3,25,28,0
86087,LAE,3210,LAE 3210,Foundations of Literacy,[REDACTED],F | 12:30 PM - 3:15 PM | 57-Petway Hall Room 1260,Main Campus-UNF,Standard,OPEN,10,20,30,0
84585,LAE,3211,LAE 3211,Literacy Instruction and Assessment,[REDACTED],MW | 12:00 PM - 1:15 PM | 57-Petway Hall Room 1260,Main Campus-UNF,Standard,OPEN,6,24,30,0
84588,LAE,4312,LAE 4312,Differentiating Instruction in Literacy,[REDACTED],M | 12:00 PM - 2:45 PM | 57-Petway Hall Room 2010,Main Campus-UNF,Standard,FULL,0,35,35,0
85943,LAE,4312,LAE 4312,Differentiating Instruction in Literacy,[REDACTED],W | 3:00 PM - 5:45 PM | 8-English Hall Room 2054,Main Campus-UNF,Standard,OPEN,23,12,35,0
83931,LAE,4335,LAE 4335,Special Methods: Secondary English,[REDACTED],W | 4:30 PM - 7:15 PM | 57-Petway Hall Room 2070,Main Campus-UNF,Standard,OPEN,11,9,20,5
84416,LAH,3300,LAH 3300,(FC) Latin America,[REDACTED],Online,Distance Learning,Online (DL),OPEN,1,54,55,45
85218,LAH,6906,LAH 6906,Readings in Latin American History II,[REDACTED],T | 3:05 PM - 5:50 PM | 9-Fred Schultz Hall Room 2401,Main Campus-UNF,Standard,OPEN,9,6,15,15
85219,LAS,3050,LAS 3050,(FC) Latin American Digital Humanities,[REDACTED],Online,Distance Learning,Online (DL),OPEN,9,21,30,30
85231,LAS,3130,LAS 3130,(FC) Latin American Pop Culture,[REDACTED],Online,Distance Learning,Online (DL),OPEN,1,24,25,25
82369,LDR,3003,LDR 3003,Introduction to Leadership,[REDACTED],Online,Distance Learning,Online (DL),FULL - WAITLIST AVAILABLE,0,40,40,5
82427,LDR,3003,LDR 3003,Introduction to Leadership,[REDACTED],Online,Distance Learning,Online (DL),FULL,0,40,40,0
82552,LDR,3003,LDR 3003,Introduction to Leadership,[REDACTED],Online,Distance Learning,Online (DL),FULL,0,40,40,0
82957,LDR,3003,LDR 3003,Introduction to Leadership,[REDACTED],Online,Distance Learning,Online (DL),FULL,0,40,40,0
83607,LDR,3003,LDR 3003,Introduction to Leadership,[REDACTED],Online,Distance Learning,Online (DL),FULL,0,40,40,0
83630,LDR,3003,LDR 3003,Introduction to Leadership,[REDACTED],Online,Distance Learning,Online (DL),OPEN,1,39,40,0
83835,LDR,3003,LDR 3003,Introduction to Leadership,[REDACTED],Online,Distance Learning,Online (DL),FULL,0,40,40,0
84758,LDR,3003,LDR 3003,Introduction to Leadership,[REDACTED],TR | 10:50 AM - 12:05 PM | 57-Petway Hall Room 1250,Main Campus-UNF,Standard,FULL,0,20,20,0
82748,LDR,3367,LDR 3367,(H) Facilitation,[REDACTED],F | 9:00 AM - 1:00 PM | 51-Social Sciences Room 1103,Main Campus-UNF,Standard,OPEN,21,8,29,5
84754,LDR,3900,LDR 3900,(H) DIS in Facilitation,[REDACTED],TBA,Main Campus-UNF,Independent,OPEN,6,9,15,0
83063,LDR,4263,LDR 4263,Leadership Practicum,[REDACTED],R | 9:25 AM - 10:40 AM | 57-Petway Hall Room 1100B; R | 9:25 AM - 10:40 AM | 57-Petway Hall Room 1100B; R | 9:25 AM - 10:40 AM | 57-Petway Hall Room 1100B; R | 9:25 AM - 10:40 AM | 57-Petway Hall Room 1100B; R | 9:25 AM - 10:40 AM | 57-Petway Hall Room 1100B; R | 9:25 AM - 10:40 AM | 57-Petway Hall Room 1100B; R | 9:25 AM - 10:40 AM | 57-Petway Hall Room 1100B; Online,Hybrid - On Campus/Online,Hybrid,OPEN,1,34,35,5
83836,LDR,4263,LDR 4263,Leadership Practicum,[REDACTED],R | 10:50 AM - 12:05 PM | 57-Petway Hall Room 2060; R | 10:50 AM - 12:05 PM | 57-Petway Hall Room 1100B; R | 10:50 AM - 12:05 PM | 57-Petway Hall Room 1100B; R | 10:50 AM - 12:05 PM | 57-Petway Hall Room 1100B; R | 10:50 AM - 12:05 PM | 57-Petway Hall Room 1100B; R | 10:50 AM - 12:05 PM | 57-Petway Hall Room 1100B; R | 10:50 AM - 12:05 PM | 57-Petway Hall Room 1100B; Online,Hybrid - On Campus/Online,Hybrid,OPEN,1,29,30,0
84727,LDR,4263,LDR 4263,Leadership Practicum,[REDACTED],T | 10:50 AM - 12:05 PM | 57-Petway Hall Room 2520; T | 10:50 AM - 12:05 PM | 57-Petway Hall Room 2520; T | 10:50 AM - 12:05 PM | 57-Petway Hall Room 2520; T | 10:50 AM - 12:05 PM | 57-Petway Hall Room 2520; T | 10:50 AM - 12:05 PM | 57-Petway Hall Room 2520; T | 10:50 AM - 12:05 PM | 57-Petway Hall Room 2520; T | 10:50 AM - 12:05 PM | 57-Petway Hall Room 2520; Online,Hybrid - On Campus/Online,Hybrid,FULL,0,30,30,0
85865,LDR,4368,LDR 4368,(H) Senior Facilitation,[REDACTED],F | 9:00 AM - 1:00 PM | 51-Social Sciences Room 1103,Main Campus-UNF,Standard,OPEN,13,3,16,0
85895,LEI,3266,LEI 3266,Outdoor Adventure Education,[REDACTED],Online,Distance Learning,Online (DL),FULL - WAITLIST AVAILABLE,-3,33,30,10
85326,LIS,1001,LIS 1001,Beginning Library and Information Systems Strategies,[REDACTED],Online,Distance Learning,Online (DL),FULL - WAITLIST AVAILABLE,-1,31,30,10
82861,LIT,2000,LIT 2000,Introduction to Literature,[REDACTED],MWF | 9:00 AM - 9:50 AM | 39-J. Brooks Brown Hall Room 1003A,Main Campus-UNF,Standard,OPEN,2,25,27,10
82862,LIT,2000,LIT 2000,Introduction to Literature,[REDACTED],TR | 12:15 PM - 1:30 PM | 39-J. Brooks Brown Hall Room 2006,Main Campus-UNF,Standard,OPEN,1,26,27,10
83217,LIT,2000,LIT 2000,Introduction to Literature,[REDACTED],MWF | 9:00 AM - 9:50 AM | 8-English Hall Room 2054,Main Campus-UNF,Standard,OPEN,4,23,27,10
83262,LIT,2000,LIT 2000,Introduction to Literature,[REDACTED],Online,Distance Learning,Online (DL),FULL - WAITLIST AVAILABLE,0,27,27,10
83600,LIT,2000,LIT 2000,Introduction to Literature,[REDACTED],Online,Distance Learning,Online (DL),OPEN,1,26,27,10
83646,LIT,2000,LIT 2000,Introduction to Literature,[REDACTED],TR | 1:40 PM - 2:55 PM | 45-Fine Arts Center Room 2610,Main Campus-UNF,Standard,OPEN,1,26,27,10
83647,LIT,2000,LIT 2000,Introduction to Literature,[REDACTED],MW | 1:30 PM - 2:45 PM | 9-Fred Schultz Hall Room 1413,Main Campus-UNF,Standard,OPEN,2,25,27,10
83850,LIT,2000,LIT 2000,Introduction to Literature,[REDACTED],MW | 1:30 PM - 2:45 PM | 57-Petway Hall Room 2050,Main Campus-UNF,Standard,OPEN,2,25,27,10
83851,LIT,2000,LIT 2000,Introduction to Literature,[REDACTED],Online,Distance Learning,Online (DL),FULL - WAITLIST AVAILABLE,0,27,27,10
83852,LIT,2000,LIT 2000,Introduction to Literature,[REDACTED],Online,Distance Learning,Online (DL),FULL - WAITLIST AVAILABLE,0,27,27,10
84373,LIT,2000,LIT 2000,Introduction to Literature,[REDACTED],M | 1:30 PM - 2:45 PM | 57-Petway Hall Room 2070; Online,Hybrid - On Campus/Online,Hybrid,OPEN,1,24,25,25
84598,LIT,2000,LIT 2000,Introduction to Literature,[REDACTED],Online,Distance Learning,Online (DL),FULL - WAITLIST AVAILABLE,0,27,27,25
84604,LIT,2000,LIT 2000,Introduction to Literature,[REDACTED],Online,Distance Learning,Online (DL),OPEN,1,26,27,10
86204,LIT,2000,LIT 2000,Introduction to Literature,[REDACTED],TR | 3:05 PM - 4:20 PM | 42-Coggin College of Business Room 1101,Main Campus-UNF,Standard,FULL - WAITLIST AVAILABLE,0,27,27,27
86205,LIT,2000,LIT 2000,Introduction to Literature,[REDACTED],MWF | 11:00 AM - 11:50 AM | 57-Petway Hall Room 2050,Main Campus-UNF,Standard,FULL - WAITLIST AVAILABLE,0,27,27,27
86206,LIT,2000,LIT 2000,Introduction to Literature,[REDACTED],MWF | 10:00 AM - 10:50 AM | 57-Petway Hall Room 2080,Main Campus-UNF,Standard,FULL - WAITLIST AVAILABLE,0,27,27,27
86207,LIT,2000,LIT 2000,Introduction to Literature,[REDACTED],MW | 4:30 PM - 5:45 PM | 15-John E. Mathews Room 1202,Main Campus-UNF,Standard,OPEN,6,21,27,27
86252,LIT,2000,LIT 2000,Introduction to Literature,[REDACTED],MWF | 10:00 AM - 10:50 AM | 42-Coggin College of Business Room 2120,Main Campus-UNF,Standard,FULL - WAITLIST AVAILABLE,0,27,27,10
86253,LIT,2000,LIT 2000,Introduction to Literature,[REDACTED],TR | 3:05 PM - 4:20 PM | 14D-Andrew A. Robinson Center Room 2001,Main Campus-UNF,Standard,OPEN,5,22,27,10
83041,LIT,2110,LIT 2110,World Literature I,[REDACTED],Online,Distance Learning,Online (DL),FULL - WAITLIST AVAILABLE,0,30,30,10
82233,LIT,3213,LIT 3213,The Art of Critical Reading and Writing I,[REDACTED],MW | 1:30 PM - 2:45 PM | 9-Fred Schultz Hall Room 2302,Main Campus-UNF,Standard,OPEN,4,16,20,10
82453,LIT,3213,LIT 3213,The Art of Critical Reading and Writing I,[REDACTED],Online,Distance Learning,Online (DL),FULL - WAITLIST AVAILABLE,-2,22,20,10
82610,LIT,3214,LIT 3214,The Art of Critical Reading and Writing II,[REDACTED],MW | 12:00 PM - 1:15 PM | 2-Founders Hall Room 2221,Main Campus-UNF,Standard,OPEN,3,17,20,10
82948,LIT,3333,LIT 3333,Young Adult Literature,[REDACTED],TR | 12:15 PM - 1:30 PM | Online,Distance Learning,Live Online,OPEN,1,19,20,20
83828,LIT,3930,LIT 3930,ST:The Bible as Literature,[REDACTED],TR | 3:05 PM - 4:20 PM | 9-Fred Schultz Hall Room 2302,Main Campus-UNF,Standard,OPEN,9,11,20,10
85796,LIT,3930,LIT 3930,ST: Dystopian Women&#39;s Fiction,[REDACTED],TR | 9:25 AM - 10:40 AM | 2-Founders Hall Room 2222,Main Campus-UNF,Standard,FULL - WAITLIST AVAILABLE,0,20,20,10
85797,LIT,4093,LIT 4093,Contemporary Literature,[REDACTED],MWF | 11:00 AM - 11:50 AM | 9-Fred Schultz Hall Room 2302,Main Campus-UNF,Standard,OPEN,2,18,20,10
86047,LIT,4650,LIT 4650,Sem: Being Bored| Art of Ennui,[REDACTED],TR | 3:05 PM - 4:20 PM | 39-J. Brooks Brown Hall Room 4029A,Main Campus-UNF,Standard,OPEN,4,11,15,10
86460,LIT,4905,LIT 4905,Independent Study,[REDACTED],TBA,Main Campus-UNF,Independent,FULL - WAITLIST AVAILABLE,0,1,1,1
86143,LIT,4934,LIT 4934,Sem: Creative Criticism,[REDACTED],MW | 4:30 PM - 5:45 PM | 9-Fred Schultz Hall Room 2302,Main Campus-UNF,Standard,OPEN,1,9,10,5
85746,LIT,5934,LIT 5934,ST:Literatures of the Atlantic,[REDACTED],TR | 3:05 PM - 4:20 PM | 39A-J. Brooks Brown Hall Addit Room 1032,Main Campus-UNF,Standard,OPEN,4,6,10,10
86136,LIT,5934,LIT 5934,ST: Being Bored / Art of Ennui,[REDACTED],TR | 3:05 PM - 4:20 PM | 39-J. Brooks Brown Hall Room 4029A,Main Campus-UNF,Standard,FULL - WAITLIST AVAILABLE,0,5,5,5
85805,LIT,6246,LIT 6246,Major Authors: George Eliot,[REDACTED],W | 6:00 PM - 8:45 PM | 8-English Hall Room 2054,Main Campus-UNF,Standard,OPEN,1,19,20,20
86113,LIT,6905,LIT 6905,Directed Independent Study,[REDACTED],TBA,Main Campus-UNF,Independent,FULL - WAITLIST AVAILABLE,0,1,1,1
84716,LIT,6941,LIT 6941,Practicum: Teaching Literature,[REDACTED],TBA,Main Campus-UNF,Independent,FULL - WAITLIST AVAILABLE,0,1,1,1
86059,LIT,6941,LIT 6941,Practicum: Teaching Literature,[REDACTED],TBA,Main Campus-UNF,Independent,FULL - WAITLIST AVAILABLE,0,1,1,1
86340,LIT,6941,LIT 6941,Practicum: Teaching Literature,[REDACTED],TBA,Main Campus-UNF,Independent,FULL - WAITLIST AVAILABLE,0,1,1,1
82018,MAA,4211,MAA 4211,(GM) Advanced Calculus I,[REDACTED],TR | 6:00 PM - 7:40 PM | 2-Founders Hall Room 1017,Main Campus-UNF,Standard,OPEN,4,21,25,25
85758,MAA,6417,MAA 6417,Complex Analysis,[REDACTED],TR | 3:05 PM - 4:20 PM | 2-Founders Hall Room 2007,Main Campus-UNF,Standard,OPEN,17,3,20,20
82870,MAC,1105,MAC 1105,(GM) College Algebra,[REDACTED],MWF | 11:00 AM - 11:50 AM | 2-Founders Hall Room 2219,Main Campus-UNF,Standard,FULL - WAITLIST AVAILABLE,0,30,30,30
82871,MAC,1105,MAC 1105,(GM) College Algebra,[REDACTED],MWF | 8:00 AM - 8:50 AM | 2-Founders Hall Room 2219,Main Campus-UNF,Standard,FULL - WAITLIST AVAILABLE,0,30,30,30
82872,MAC,1105,MAC 1105,(GM) College Algebra,[REDACTED],MWF | 9:00 AM - 9:50 AM | 2-Founders Hall Room 1018,Main Campus-UNF,Standard,FULL - WAITLIST AVAILABLE,0,35,35,35
82873,MAC,1105,MAC 1105,(GM) College Algebra,[REDACTED],MWF | 11:00 AM - 11:50 AM | 2-Founders Hall Room 1018,Main Campus-UNF,Standard,FULL - WAITLIST AVAILABLE,0,35,35,35
82874,MAC,1105,MAC 1105,(GM) College Algebra,[REDACTED],MWF | 12:00 PM - 12:50 PM | 2-Founders Hall Room 1018,Main Campus-UNF,Standard,FULL - WAITLIST AVAILABLE,0,35,35,35
82875,MAC,1105,MAC 1105,(GM) College Algebra,[REDACTED],MWF | 12:00 PM - 12:50 PM | 2-Founders Hall Room 2010,Main Campus-UNF,Standard,FULL - WAITLIST AVAILABLE,0,35,35,35
82876,MAC,1105,MAC 1105,(GM) College Algebra,[REDACTED],MWF | 11:00 AM - 11:50 AM | 2-Founders Hall Room 2010,Main Campus-UNF,Standard,FULL - WAITLIST AVAILABLE,0,35,35,35
82920,MAC,1105,MAC 1105,(GM) College Algebra,[REDACTED],MWF | 9:00 AM - 9:50 AM | 2-Founders Hall Room 1017,Main Campus-UNF,Standard,OPEN,1,34,35,35
82921,MAC,1105,MAC 1105,(GM) College Algebra,[REDACTED],MWF | 11:00 AM - 11:50 AM | 2-Founders Hall Room 2216,Main Campus-UNF,Standard,FULL - WAITLIST AVAILABLE,0,36,36,35
83521,MAC,1105,MAC 1105,(GM) College Algebra,[REDACTED],Online,Distance Learning,Online (DL),OPEN,2,38,40,40
84021,MAC,1105,MAC 1105,(GM) College Algebra,[REDACTED],MWF | 9:00 AM - 9:50 AM | 2-Founders Hall Room 2212,Main Campus-UNF,Standard,FULL - WAITLIST AVAILABLE,0,35,35,35
84067,MAC,1105,MAC 1105,(GM) College Algebra,[REDACTED],MWF | 10:00 AM - 10:50 AM | 2-Founders Hall Room 1018,Main Campus-UNF,Standard,FULL - WAITLIST AVAILABLE,0,35,35,35
84068,MAC,1105,MAC 1105,(GM) College Algebra,[REDACTED],MWF | 11:00 AM - 11:50 AM | 15-John E. Mathews Room 1202,Main Campus-UNF,Standard,OPEN,1,34,35,35
84069,MAC,1105,MAC 1105,(GM) College Algebra,[REDACTED],MWF | 8:00 AM - 8:50 AM | 2-Founders Hall Room 1017,Main Campus-UNF,Standard,OPEN,3,32,35,35
84070,MAC,1105,MAC 1105,(GM) College Algebra,[REDACTED],MWF | 10:00 AM - 10:50 AM | 2-Founders Hall Room 2216,Main Campus-UNF,Standard,FULL - WAITLIST AVAILABLE,0,35,35,35
84989,MAC,1105,MAC 1105,(GM) College Algebra,[REDACTED],MWF | 11:00 AM - 11:50 AM | 2-Founders Hall Room 2218,Main Campus-UNF,Standard,OPEN,1,34,35,35
85978,MAC,1105,MAC 1105,(GM) College Algebra,[REDACTED],MWF | 7:00 AM - 7:50 AM | 51-Social Sciences Room 1101,Main Campus-UNF,Standard,OPEN,3,32,35,20
85979,MAC,1105,MAC 1105,(GM) College Algebra,[REDACTED],MWF | 7:00 AM - 7:50 AM | 51-Social Sciences Room 1102,Main Campus-UNF,Standard,OPEN,10,25,35,20
85980,MAC,1105,MAC 1105,(GM) College Algebra,[REDACTED],MWF | 7:00 AM - 7:50 AM | 51-Social Sciences Room 1103,Main Campus-UNF,Standard,OPEN,17,18,35,20
86199,MAC,1105,MAC 1105,(GM) College Algebra,[REDACTED],MWF | 7:00 AM - 7:50 AM | 51-Social Sciences Room 1104,Main Campus-UNF,Standard,OPEN,23,12,35,35
82941,MAC,1105C,MAC 1105C,(GM) College Algebra with Recitation,[REDACTED],F | 10:00 AM - 10:50 AM | 2-Founders Hall Room 2008; MW | 1:30 PM - 2:45 PM | 2-Founders Hall Room 2008,Main Campus-UNF,Standard,OPEN,1,24,25,25
82942,MAC,1105C,MAC 1105C,(GM) College Algebra with Recitation,[REDACTED],F | 11:00 AM - 11:50 AM | 2-Founders Hall Room 2008; MW | 12:00 PM - 1:15 PM | 2-Founders Hall Room 2008,Main Campus-UNF,Standard,FULL - WAITLIST AVAILABLE,0,25,25,25
82943,MAC,1105C,MAC 1105C,(GM) College Algebra with Recitation,[REDACTED],MW | 3:00 PM - 4:15 PM | 2-Founders Hall Room 2008; F | 3:00 PM - 3:50 PM | 2-Founders Hall Room 2008,Main Campus-UNF,Standard,FULL - WAITLIST AVAILABLE,0,25,25,25
83865,MAC,1105C,MAC 1105C,(GM) College Algebra with Recitation,[REDACTED],TR | 1:40 PM - 2:55 PM | 2-Founders Hall Room 2008; F | 2:00 PM - 2:50 PM | 2-Founders Hall Room 2008,Main Campus-UNF,Standard,FULL - WAITLIST AVAILABLE,0,25,25,25
83866,MAC,1105C,MAC 1105C,(GM) College Algebra with Recitation,[REDACTED],F | 11:00 AM - 11:50 AM | 2-Founders Hall Room 2007; TR | 12:15 PM - 1:30 PM | 2-Founders Hall Room 2007,Main Campus-UNF,Standard,FULL - WAITLIST AVAILABLE,0,25,25,25
83867,MAC,1105C,MAC 1105C,(GM) College Algebra with Recitation,[REDACTED],F | 10:00 AM - 10:50 AM | 2-Founders Hall Room 2007; TR | 10:50 AM - 12:05 PM | 2-Founders Hall Room 2007,Main Campus-UNF,Standard,FULL - WAITLIST AVAILABLE,0,25,25,25
83868,MAC,1105C,MAC 1105C,(GM) College Algebra with Recitation,[REDACTED],TR | 12:15 PM - 1:30 PM | 2-Founders Hall Room 2002; F | 2:00 PM - 2:50 PM | 2-Founders Hall Room 2002,Main Campus-UNF,Standard,FULL - WAITLIST AVAILABLE,0,25,25,25
83869,MAC,1105C,MAC 1105C,(GM) College Algebra with Recitation,[REDACTED],TR | 1:40 PM - 2:55 PM | 2-Founders Hall Room 2007; F | 2:00 PM - 2:50 PM | 2-Founders Hall Room 2007,Main Campus-UNF,Standard,FULL - WAITLIST AVAILABLE,0,25,25,25
83870,MAC,1105C,MAC 1105C,(GM) College Algebra with Recitation,[REDACTED],F | 10:00 AM - 10:50 AM | 14E-Andrew A. Robinson Center Room 2743; TR | 10:50 AM - 12:05 PM | 15-John E. Mathews Room 1204,Main Campus-UNF,Standard,FULL - WAITLIST AVAILABLE,0,25,25,25
83871,MAC,1105C,MAC 1105C,(GM) College Algebra with Recitation,[REDACTED],F | 9:00 AM - 9:50 AM | 2-Founders Hall Room 2007; TR | 9:25 AM - 10:40 AM | 2-Founders Hall Room 2007,Main Campus-UNF,Standard,FULL - WAITLIST AVAILABLE,0,26,26,25
83872,MAC,1105C,MAC 1105C,(GM) College Algebra with Recitation,[REDACTED],F | 10:00 AM - 10:50 AM | 2-Founders Hall Room 2219; MW | 1:30 PM - 2:45 PM | 2-Founders Hall Room 2219,Main Campus-UNF,Standard,OPEN,1,25,26,25
83873,MAC,1105C,MAC 1105C,(GM) College Algebra with Recitation,[REDACTED],MW | 12:00 PM - 1:15 PM | 15-John E. Mathews Room 1204; F | 12:00 PM - 12:50 PM | 15-John E. Mathews Room 1204,Main Campus-UNF,Standard,FULL - WAITLIST AVAILABLE,0,25,25,25
83874,MAC,1105C,MAC 1105C,(GM) College Algebra with Recitation,[REDACTED],F | 5:00 PM - 5:50 PM | 2-Founders Hall Room 2007; MW | 6:00 PM - 7:15 PM | 2-Founders Hall Room 2007,Main Campus-UNF,Standard,OPEN,15,10,25,25
83875,MAC,1105C,MAC 1105C,(GM) College Algebra with Recitation,[REDACTED],F | 4:00 PM - 4:50 PM | 2-Founders Hall Room 2008; TR | 4:30 PM - 5:45 PM | 2-Founders Hall Room 2008,Main Campus-UNF,Standard,OPEN,3,22,25,25
83876,MAC,1105C,MAC 1105C,(GM) College Algebra with Recitation,[REDACTED],F | 5:00 PM - 5:50 PM | 2-Founders Hall Room 2008; MW | 6:00 PM - 7:15 PM | 2-Founders Hall Room 2008,Main Campus-UNF,Standard,OPEN,4,21,25,25
83877,MAC,1105C,MAC 1105C,(GM) College Algebra with Recitation,[REDACTED],F | 6:00 PM - 6:50 PM | 2-Founders Hall Room 2008; MW | 7:30 PM - 8:45 PM | 2-Founders Hall Room 2008,Main Campus-UNF,Standard,OPEN,11,14,25,25
83878,MAC,1105C,MAC 1105C,(GM) College Algebra with Recitation,[REDACTED],F | 4:00 PM - 4:50 PM | 2-Founders Hall Room 2002; TR | 6:00 PM - 7:15 PM | 2-Founders Hall Room 2002,Main Campus-UNF,Standard,OPEN,7,18,25,25
83879,MAC,1105C,MAC 1105C,(GM) College Algebra with Recitation,[REDACTED],F | 9:00 AM - 9:50 AM | 2-Founders Hall Room 2008; MW | 4:30 PM - 5:45 PM | 2-Founders Hall Room 2008,Main Campus-UNF,Standard,FULL - WAITLIST AVAILABLE,0,25,25,25
83880,MAC,1105C,MAC 1105C,(GM) College Algebra with Recitation,[REDACTED],TR | 8:00 AM - 9:15 AM | 2-Founders Hall Room 2008; F | 8:00 AM - 8:50 AM | 2-Founders Hall Room 2008,Main Campus-UNF,Standard,OPEN,1,24,25,25
83881,MAC,1105C,MAC 1105C,(GM) College Algebra with Recitation,[REDACTED],F | 4:00 PM - 4:50 PM | 2-Founders Hall Room 2007; TR | 4:30 PM - 5:45 PM | 2-Founders Hall Room 2007,Main Campus-UNF,Standard,OPEN,7,18,25,25
83882,MAC,1105C,MAC 1105C,(GM) College Algebra with Recitation,[REDACTED],MW | 3:00 PM - 4:15 PM | 14E-Andrew A. Robinson Center Room 2743; F | 3:00 PM - 3:50 PM | 14E-Andrew A. Robinson Center Room 2743,Main Campus-UNF,Standard,OPEN,4,21,25,25
83883,MAC,1105C,MAC 1105C,(GM) College Algebra with Recitation,[REDACTED],TR | 3:05 PM - 4:20 PM | 2-Founders Hall Room 2219; F | 4:00 PM - 4:50 PM | 2-Founders Hall Room 2219,Main Campus-UNF,Standard,OPEN,2,23,25,25
84795,MAC,1105C,MAC 1105C,(GM) College Algebra with Recitation,[REDACTED],F | 6:00 PM - 6:50 PM | 2-Founders Hall Room 2002; TR | 7:30 PM - 8:45 PM | 2-Founders Hall Room 2002,Main Campus-UNF,Standard,OPEN,13,12,25,25
84796,MAC,1105C,MAC 1105C,(GM) College Algebra with Recitation,[REDACTED],F | 12:00 PM - 12:50 PM | 2-Founders Hall Room 2008; TR | 12:15 PM - 1:30 PM | 2-Founders Hall Room 2008,Main Campus-UNF,Standard,FULL - WAITLIST AVAILABLE,0,25,25,25
84797,MAC,1105C,MAC 1105C,(GM) College Algebra with Recitation,[REDACTED],MW | 12:00 PM - 1:15 PM | 2-Founders Hall Room 2002; F | 1:00 PM - 1:50 PM | 2-Founders Hall Room 2002,Main Campus-UNF,Standard,FULL - WAITLIST AVAILABLE,0,25,25,25
84798,MAC,1105C,MAC 1105C,(GM) College Algebra with Recitation,[REDACTED],MW | 3:00 PM - 4:15 PM | 2-Founders Hall Room 2007; F | 3:00 PM - 3:50 PM | 2-Founders Hall Room 2007,Main Campus-UNF,Standard,OPEN,2,23,25,25
84799,MAC,1105C,MAC 1105C,(GM) College Algebra with Recitation,[REDACTED],MW | 3:00 PM - 4:15 PM | 2-Founders Hall Room 2219; F | 3:00 PM - 3:50 PM | 2-Founders Hall Room 2219,Main Campus-UNF,Standard,OPEN,1,24,25,25
84800,MAC,1105C,MAC 1105C,(GM) College Algebra with Recitation,[REDACTED],TR | 12:15 PM - 1:30 PM | 9-Fred Schultz Hall Room 1413; F | 1:00 PM - 1:50 PM | 9-Fred Schultz Hall Room 1413,Main Campus-UNF,Standard,OPEN,1,24,25,25
84801,MAC,1105C,MAC 1105C,(GM) College Algebra with Recitation,[REDACTED],F | 9:00 AM - 9:50 AM | 2-Founders Hall Room 2002; TR | 9:25 AM - 10:40 AM | 2-Founders Hall Room 2002,Main Campus-UNF,Standard,FULL - WAITLIST AVAILABLE,0,26,26,25
84802,MAC,1105C,MAC 1105C,(GM) College Algebra with Recitation,[REDACTED],F | 9:00 AM - 9:50 AM | 9-Fred Schultz Hall Room 1411; MW | 12:00 PM - 1:15 PM | 9-Fred Schultz Hall Room 1411,Main Campus-UNF,Standard,OPEN,4,22,26,25
84804,MAC,1105C,MAC 1105C,(GM) College Algebra with Recitation,[REDACTED],F | 10:00 AM - 10:50 AM | 2-Founders Hall Room 2221; TR | 10:50 AM - 12:05 PM | 2-Founders Hall Room 2221,Main Campus-UNF,Standard,FULL - WAITLIST AVAILABLE,0,20,20,25
86185,MAC,1105C,MAC 1105C,(GM) College Algebra with Recitation,[REDACTED],F | 4:00 PM - 4:50 PM | 9-Fred Schultz Hall Room 1411; TR | 4:30 PM - 5:45 PM | 2-Founders Hall Room 2219,Main Campus-UNF,Standard,OPEN,6,19,25,25
86263,MAC,1105C,MAC 1105C,(GM) College Algebra with Recitation,[REDACTED],MWF | 9:00 AM - 9:50 AM | 57-Petway Hall Room 2050; F | 11:00 AM - 11:50 AM | 57-Petway Hall Room 1270,Main Campus-UNF,Standard,OPEN,1,24,25,10
86264,MAC,1105C,MAC 1105C,(GM) College Algebra with Recitation,[REDACTED],MWF | 10:00 AM - 10:50 AM | 59-Biological Sciences Room 2703; S | 12:00 PM - 12:50 PM | 51-Social Sciences Room 1101,Main Campus-UNF,Standard,OPEN,17,8,25,10
84468,MAC,1114,MAC 1114,(GM) Trigonometry,[REDACTED],TR | 12:15 PM - 1:05 PM | 57-Petway Hall Room 2080,Main Campus-UNF,Standard,OPEN,15,20,35,35
85897,MAC,1114,MAC 1114,(GM) Trigonometry,[REDACTED],MW | 9:00 AM - 9:50 AM | 9-Fred Schultz Hall Room 1411,Main Campus-UNF,Standard,OPEN,9,21,30,30
82020,MAC,1147,MAC 1147,(GM) Precalculus,[REDACTED],TR | 8:00 AM - 9:40 AM | 4-Skinner-Jones Hall Room 1702,Main Campus-UNF,Standard,OPEN,2,33,35,35
82021,MAC,1147,MAC 1147,(GM) Precalculus,[REDACTED],TR | 10:00 AM - 11:40 AM | 39-J. Brooks Brown Hall Room 4002A,Main Campus-UNF,Standard,OPEN,2,33,35,35
82022,MAC,1147,MAC 1147,(GM) Precalculus,[REDACTED],TR | 10:00 AM - 11:40 AM | 57-Petway Hall Room 1260,Main Campus-UNF,Standard,OPEN,3,32,35,35
82023,MAC,1147,MAC 1147,(GM) Precalculus,[REDACTED],TR | 11:50 AM - 1:30 PM | 2-Founders Hall Room 1018,Main Campus-UNF,Standard,FULL - WAITLIST AVAILABLE,0,35,35,35
82024,MAC,1147,MAC 1147,(GM) Precalculus,[REDACTED],MW | 8:00 AM - 9:40 AM | 2-Founders Hall Room 2210,Main Campus-UNF,Standard,FULL - WAITLIST AVAILABLE,0,35,35,35
82025,MAC,1147,MAC 1147,(GM) Precalculus,[REDACTED],MW | 3:50 PM - 5:30 PM | 15-John E. Mathews Room 1206,Main Campus-UNF,Standard,OPEN,1,34,35,35
82026,MAC,1147,MAC 1147,(GM) Precalculus,[REDACTED],MW | 11:50 AM - 1:30 PM | 57-Petway Hall Room 1270,Main Campus-UNF,Standard,FULL - WAITLIST AVAILABLE,0,35,35,35
82324,MAC,1147,MAC 1147,(GM) Precalculus,[REDACTED],MW | 2:00 PM - 3:40 PM | 2-Founders Hall Room 2010,Main Campus-UNF,Standard,FULL - WAITLIST AVAILABLE,0,35,35,35
82388,MAC,1147,MAC 1147,(GM) Precalculus,[REDACTED],MW | 10:00 AM - 11:40 AM | 2-Founders Hall Room 2210,Main Campus-UNF,Standard,FULL - WAITLIST AVAILABLE,-1,36,35,35
83385,MAC,1147,MAC 1147,(GM) Precalculus,[REDACTED],MW | 3:50 PM - 5:30 PM | 2-Founders Hall Room 2010,Main Campus-UNF,Standard,OPEN,13,22,35,35
83951,MAC,1147,MAC 1147,(GM) Precalculus,[REDACTED],TR | 3:50 PM - 5:30 PM | 8-English Hall Room 2054,Main Campus-UNF,Standard,OPEN,4,31,35,35
84073,MAC,1147,MAC 1147,(H)(GM) Precalculus,[REDACTED],MW | 11:50 AM - 1:30 PM | 51-Social Sciences Room 1101,Main Campus-UNF,Standard,FULL - WAITLIST AVAILABLE,0,20,20,20
84074,MAC,1147,MAC 1147,(GM) Precalculus,[REDACTED],TR | 10:00 AM - 11:40 AM | 8-English Hall Room 2054,Main Campus-UNF,Standard,OPEN,1,34,35,35
84075,MAC,1147,MAC 1147,(GM) Precalculus,[REDACTED],MW | 8:00 AM - 9:40 AM | 2-Founders Hall Room 2007,Main Campus-UNF,Standard,FULL - WAITLIST AVAILABLE,0,35,35,35
84250,MAC,1147,MAC 1147,(GM) Precalculus,[REDACTED],TR | 10:00 AM - 11:40 AM | 4-Skinner-Jones Hall Room 1702,Main Campus-UNF,Standard,OPEN,3,32,35,35
86277,MAC,1147,MAC 1147,(GM) Precalculus,[REDACTED],TR | 3:50 PM - 5:30 PM | 59-Biological Sciences Room 2701,Main Campus-UNF,Standard,OPEN,18,17,35,10
82414,MAC,2233,MAC 2233,(GM) Survey of Calculus,[REDACTED],TR | 9:25 AM - 10:40 AM | 2-Founders Hall Room 2216,Main Campus-UNF,Standard,OPEN,5,30,35,35
82432,MAC,2233,MAC 2233,(GM) Survey of Calculus,[REDACTED],TR | 10:50 AM - 12:05 PM | 2-Founders Hall Room 2010,Main Campus-UNF,Standard,OPEN,1,34,35,35
82483,MAC,2233,MAC 2233,(GM) Survey of Calculus,[REDACTED],TR | 8:00 AM - 9:15 AM | 2-Founders Hall Room 2216,Main Campus-UNF,Standard,FULL - WAITLIST AVAILABLE,0,35,35,35
82484,MAC,2233,MAC 2233,(H)(GM) Survey of Calculus,[REDACTED],TR | 4:30 PM - 5:45 PM | 2-Founders Hall Room 2002,Main Campus-UNF,Standard,OPEN,1,19,20,20
82485,MAC,2233,MAC 2233,(GM) Survey of Calculus,[REDACTED],TR | 9:25 AM - 10:40 AM | 2-Founders Hall Room 2010,Main Campus-UNF,Standard,OPEN,3,32,35,35
82526,MAC,2233,MAC 2233,(GM) Survey of Calculus,[REDACTED],Online,Distance Learning,Online (DL),FULL - WAITLIST AVAILABLE,0,35,35,35
82601,MAC,2233,MAC 2233,(GM) Survey of Calculus,[REDACTED],MW | 3:00 PM - 4:15 PM | 14E-Andrew A. Robinson Center Room 2738,Main Campus-UNF,Standard,OPEN,9,11,20,20
82602,MAC,2233,MAC 2233,(GM) Survey of Calculus,[REDACTED],MW | 1:30 PM - 2:45 PM | 2-Founders Hall Room 2218,Main Campus-UNF,Standard,FULL - WAITLIST AVAILABLE,0,35,35,35
82604,MAC,2233,MAC 2233,(GM) Survey of Calculus,[REDACTED],Online,Distance Learning,Online (DL),FULL - WAITLIST AVAILABLE,0,35,35,35
83136,MAC,2233,MAC 2233,(GM) Survey of Calculus,[REDACTED],Online,Distance Learning,Online (DL),FULL - WAITLIST AVAILABLE,0,35,35,35
83518,MAC,2233,MAC 2233,(GM) Survey of Calculus,[REDACTED],Online,Distance Learning,Online (DL),OPEN,1,34,35,35
83519,MAC,2233,MAC 2233,(GM) Survey of Calculus,[REDACTED],Online,Distance Learning,Online (DL),OPEN,6,29,35,35
83520,MAC,2233,MAC 2233,(GM) Survey of Calculus,[REDACTED],Online,Distance Learning,Online (DL),OPEN,23,12,35,35
83947,MAC,2233,MAC 2233,(GM) Survey of Calculus,[REDACTED],Online,Distance Learning,Online (DL),FULL - WAITLIST AVAILABLE,0,35,35,35
83966,MAC,2233,MAC 2233,(GM) Survey of Calculus,[REDACTED],Online,Distance Learning,Online (DL),FULL - WAITLIST AVAILABLE,0,35,35,35
86181,MAC,2233,MAC 2233,(GM) Survey of Calculus,[REDACTED],Online,Distance Learning,Online (DL),OPEN,6,29,35,35
86182,MAC,2233,MAC 2233,(GM) Survey of Calculus,[REDACTED],TR | 6:00 PM - 7:15 PM | 2-Founders Hall Room 2007,Main Campus-UNF,Standard,OPEN,4,31,35,35
86265,MAC,2233,MAC 2233,(GM) Survey of Calculus,[REDACTED],TR | 6:00 PM - 7:15 PM | 9-Fred Schultz Hall Room 1413,Main Campus-UNF,Standard,FULL - WAITLIST AVAILABLE,0,32,32,10
82027,MAC,2311,MAC 2311,(GM) Calculus I,[REDACTED],TR | 8:00 AM - 9:40 AM | 8-English Hall Room 2054,Main Campus-UNF,Standard,OPEN,2,33,35,35
82028,MAC,2311,MAC 2311,(GM) Calculus I,[REDACTED],TR | 10:00 AM - 11:40 AM | 57-Petway Hall Room 2050,Main Campus-UNF,Standard,OPEN,1,34,35,35
82029,MAC,2311,MAC 2311,(GM) Calculus I,[REDACTED],MW | 8:00 AM - 9:40 AM | 2-Founders Hall Room 2002,Main Campus-UNF,Standard,OPEN,7,28,35,35
82030,MAC,2311,MAC 2311,(GM) Calculus I,[REDACTED],MW | 10:00 AM - 11:40 AM | 2-Founders Hall Room 2007,Main Campus-UNF,Standard,OPEN,3,32,35,35
82031,MAC,2311,MAC 2311,(GM) Calculus I,[REDACTED],TR | 10:00 AM - 11:40 AM | 15-John E. Mathews Room 1202,Main Campus-UNF,Standard,OPEN,2,33,35,35
82383,MAC,2311,MAC 2311,(GM) Calculus I,[REDACTED],TR | 2:00 PM - 3:40 PM | 2-Founders Hall Room 2002,Main Campus-UNF,Standard,FULL - WAITLIST AVAILABLE,0,35,35,35
82968,MAC,2311,MAC 2311,(GM) Calculus I,[REDACTED],MW | 3:50 PM - 5:30 PM | 57-Petway Hall Room 2080,Main Campus-UNF,Standard,OPEN,2,33,35,35
83042,MAC,2311,MAC 2311,(GM) Calculus I,[REDACTED],MW | 10:00 AM - 11:40 AM | 2-Founders Hall Room 1017,Main Campus-UNF,Standard,FULL - WAITLIST AVAILABLE,0,36,36,35
83210,MAC,2311,MAC 2311,(GM) Calculus I,[REDACTED],MW | 2:00 PM - 3:40 PM | Online,Distance Learning,Live Online,OPEN,2,33,35,35
83632,MAC,2311,MAC 2311,(GM) Calculus I,[REDACTED],Online,Distance Learning,Online (DL),FULL - WAITLIST AVAILABLE,0,35,35,35
83677,MAC,2311,MAC 2311,(H)(GM) Calculus I,[REDACTED],TR | 3:50 PM - 5:30 PM | 2-Founders Hall Room 2010,Main Campus-UNF,Standard,OPEN,5,30,35,35
83777,MAC,2311,MAC 2311,(GM) Calculus I,[REDACTED],MW | 2:00 PM - 3:40 PM | 57-Petway Hall Room 2080,Main Campus-UNF,Standard,FULL - WAITLIST AVAILABLE,0,35,35,35
86278,MAC,2311,MAC 2311,(GM) Calculus I,[REDACTED],MW | 10:00 AM - 11:40 AM | 57-Petway Hall Room 1280,Main Campus-UNF,Standard,OPEN,4,31,35,10
86361,MAC,2311,MAC 2311,(GM) Calculus I,[REDACTED],TR | 6:00 PM - 7:40 PM | 15-John E. Mathews Room 1202,Main Campus-UNF,Standard,OPEN,16,19,35,10
82032,MAC,2312,MAC 2312,(GM) Calculus II,[REDACTED],MW | 8:00 AM - 9:40 AM | 2-Founders Hall Room 2216,Main Campus-UNF,Standard,FULL - WAITLIST AVAILABLE,-2,37,35,35
82382,MAC,2312,MAC 2312,(GM) Calculus II,[REDACTED],TR | 3:50 PM - 5:30 PM | 57-Petway Hall Room 2080,Main Campus-UNF,Standard,OPEN,2,33,35,35
83073,MAC,2312,MAC 2312,(GM) Calculus II,[REDACTED],TR | 10:00 AM - 11:40 AM | 15-John E. Mathews Room 1206,Main Campus-UNF,Standard,OPEN,1,35,36,35
83291,MAC,2312,MAC 2312,(GM) Calculus II,[REDACTED],MW | 3:50 PM - 5:30 PM | Online,Distance Learning,Live Online,OPEN,11,24,35,35
83778,MAC,2312,MAC 2312,(GM) Calculus II,[REDACTED],TR | 8:00 AM - 9:40 AM | 15-John E. Mathews Room 1206,Main Campus-UNF,Standard,OPEN,3,32,35,35
83779,MAC,2312,MAC 2312,(GM) Calculus II,[REDACTED],TR | 2:00 PM - 3:40 PM | 2-Founders Hall Room 2010,Main Campus-UNF,Standard,FULL - WAITLIST AVAILABLE,0,35,35,35
84090,MAC,2312,MAC 2312,(GM) Calculus II,[REDACTED],MW | 10:00 AM - 11:40 AM | 2-Founders Hall Room 2002,Main Campus-UNF,Standard,FULL - WAITLIST AVAILABLE,0,35,35,35
82033,MAC,2313,MAC 2313,(GM) Calculus III,[REDACTED],MW | 11:50 AM - 1:30 PM | 14E-Andrew A. Robinson Center Room 2738,Main Campus-UNF,Standard,FULL - WAITLIST AVAILABLE,0,20,20,20
82034,MAC,2313,MAC 2313,(GM) Calculus III,[REDACTED],TR | 3:50 PM - 5:30 PM | 57-Petway Hall Room 1270,Main Campus-UNF,Standard,OPEN,2,34,36,36
82459,MAC,2313,MAC 2313,(GM) Calculus III,[REDACTED],TR | 3:50 PM - 5:30 PM | 15-John E. Mathews Room 1206,Main Campus-UNF,Standard,OPEN,2,35,37,37
84102,MAC,2313,MAC 2313,(GM) Calculus III,[REDACTED],MW | 3:50 PM - 5:30 PM | 57-Petway Hall Room 1280,Main Campus-UNF,Standard,OPEN,1,39,40,40
86224,MAC,2313,MAC 2313,(GM) Calculus III,[REDACTED],MW | 10:00 AM - 11:40 AM | 4-Skinner-Jones Hall Room 1701,Main Campus-UNF,Standard,OPEN,13,22,35,10
83780,MAD,3107,MAD 3107,(GM) Discrete Mathematics,[REDACTED],MW | 3:00 PM - 4:15 PM | 15-John E. Mathews Room 1202,Main Campus-UNF,Standard,OPEN,22,13,35,35
84782,MAD,4301,MAD 4301,Graph Theory,[REDACTED],TR | 10:50 AM - 12:05 PM | Online,Distance Learning,Live Online,OPEN,18,2,20,20
83932,MAE,4013,MAE 4013,Teaching Mathematics in the Intermediate Elementary Grades,[REDACTED],T | 4:30 PM - 7:15 PM | 57-Petway Hall Room 1250,Main Campus-UNF,Standard,FULL - WAITLIST AVAILABLE,0,35,35,5
85692,MAE,4013,MAE 4013,Teaching Mathematics in the Intermediate Elementary Grades,[REDACTED],R | 4:30 PM - 7:15 PM | 57-Petway Hall Room 1250,Main Campus-UNF,Standard,OPEN,18,12,30,5
86079,MAE,6317,MAE 6317,Teaching Elementary Mathematics Using Technology,[REDACTED],Online,Distance Learning,Online (DL),OPEN,12,8,20,0
83603,MAN,3025,MAN 3025,Principles of Management,[REDACTED],R | 12:15 PM - 1:30 PM | 9-Fred Schultz Hall Room 1421; Online,Hybrid - On Campus/Online,Hybrid,OPEN,1,69,70,5
83823,MAN,3025,MAN 3025,Principles of Management,[REDACTED],TR | 3:05 PM - 4:20 PM | 4-Skinner-Jones Hall Room 1705,Main Campus-UNF,Standard,FULL - WAITLIST AVAILABLE,0,70,70,5
83985,MAN,3025,MAN 3025,Principles of Management,[REDACTED],MW | 6:00 PM - 7:15 PM | 42-Coggin College of Business Room 1105,Main Campus-UNF,Standard,FULL - WAITLIST AVAILABLE,0,40,40,5
84114,MAN,3025,MAN 3025,Principles of Management,[REDACTED],Online,Distance Learning,Online (DL),OPEN,1,69,70,5
84115,MAN,3025,MAN 3025,Principles of Management,[REDACTED],F | 12:00 PM - 1:15 PM | 51-Social Sciences Room 1205; Online,Hybrid - On Campus/Online,Hybrid,OPEN,1,69,70,5
84415,MAN,3025,MAN 3025,Principles of Management,[REDACTED],Online,Distance Learning,Online (DL),FULL - WAITLIST AVAILABLE,0,70,70,5
84443,MAN,3025,MAN 3025,Principles of Management,[REDACTED],R | 6:00 PM - 7:15 PM | 51-Social Sciences Room 1205; Online,Hybrid - On Campus/Online,Hybrid,FULL - WAITLIST AVAILABLE,0,70,70,5
85857,MAN,3025,MAN 3025,Principles of Management,[REDACTED],Online,Distance Learning,Online (DL),OPEN,2,68,70,5
82089,MAN,3504,MAN 3504,Operations Management,[REDACTED],W | 6:00 PM - 7:15 PM | 39-J. Brooks Brown Hall Room 1026A; Online,Hybrid - On Campus/Online,Hybrid,FULL - WAITLIST AVAILABLE,-1,46,45,10
83531,MAN,3504,MAN 3504,Operations Management,[REDACTED],Online,Distance Learning,Online (DL),FULL - WAITLIST AVAILABLE,-5,50,45,10
83611,MAN,3504,MAN 3504,Operations Management,[REDACTED],Online,Distance Learning,Online (DL),FULL - WAITLIST AVAILABLE,-2,47,45,10
83612,MAN,3504,MAN 3504,Operations Management,[REDACTED],Online,Distance Learning,Online (DL),FULL - WAITLIST AVAILABLE,-5,50,45,10
85982,MAN,3504,MAN 3504,Operations Management,[REDACTED],TR | 12:15 PM - 1:30 PM | 45-Fine Arts Center Room 2403,Main Campus-UNF,Standard,FULL - WAITLIST AVAILABLE,0,45,45,5
86030,MAN,3504,MAN 3504,Operations Management,[REDACTED],T | 6:00 PM - 7:15 PM | 39A-J. Brooks Brown Hall Addit Room 1028; Online,Hybrid - On Campus/Online,Hybrid,FULL - WAITLIST AVAILABLE,-1,46,45,5
86169,MAN,3504,MAN 3504,Operations Management,[REDACTED],MW | 6:00 PM - 7:15 PM | 2-Founders Hall Room 1018,Main Campus-UNF,Standard,OPEN,2,43,45,5
85842,MAN,4143,MAN 4143,Practical Leadership,[REDACTED],TR | 4:30 PM - 5:45 PM | 42-Coggin College of Business Room 1111,Main Campus-UNF,Standard,OPEN,8,27,35,5
83832,MAN,4201,MAN 4201,Organization Theory,[REDACTED],Online,Distance Learning,Online (DL),OPEN,1,49,50,5
83340,MAN,4240,MAN 4240,Organizational Behavior,[REDACTED],MW | 1:30 PM - 2:45 PM | 42-Coggin College of Business Room 1113,Main Campus-UNF,Standard,OPEN,1,39,40,5
83533,MAN,4240,MAN 4240,Organizational Behavior,[REDACTED],Online,Distance Learning,Online (DL),OPEN,1,49,50,5
83824,MAN,4240,MAN 4240,Organizational Behavior,[REDACTED],MW | 12:00 PM - 1:15 PM | 42-Coggin College of Business Room 1113,Main Campus-UNF,Standard,OPEN,1,39,40,5
84886,MAN,4294,MAN 4294,Creativity and Innovation in the Workplace,[REDACTED],TR | 3:05 PM - 4:20 PM | 2-Founders Hall Room 2221,Main Campus-UNF,Standard,OPEN,3,17,20,5
86005,MAN,4294,MAN 4294,Creativity and Innovation in the Workplace,[REDACTED],TR | 4:30 PM - 5:45 PM | 42-Coggin College of Business Room 1101,Main Campus-UNF,Standard,OPEN,5,15,20,5
86016,MAN,4294,MAN 4294,Creativity and Innovation in the Workplace,[REDACTED],MW | 1:30 PM - 2:45 PM | Online,Distance Learning,Live Online,FULL - WAITLIST AVAILABLE,0,20,20,5
82090,MAN,4301,MAN 4301,Human Resource Management,[REDACTED],TR | 12:15 PM - 1:30 PM | 57-Petway Hall Room 2070,Main Campus-UNF,Standard,OPEN,1,44,45,5
82091,MAN,4301,MAN 4301,Human Resource Management,[REDACTED],TR | 1:40 PM - 2:55 PM | 57-Petway Hall Room 2070,Main Campus-UNF,Standard,FULL - WAITLIST AVAILABLE,0,45,45,5
84071,MAN,4301,MAN 4301,Human Resource Management,[REDACTED],MW | 7:30 PM - 8:45 PM | 15-John E. Mathews Room 1206,Main Campus-UNF,Standard,OPEN,3,32,35,5
83341,MAN,4334,MAN 4334,Reward Systems Management,[REDACTED],MW | 1:30 PM - 2:45 PM | 42-Coggin College of Business Room 1105,Main Campus-UNF,Standard,OPEN,10,25,35,5
82790,MAN,4361,MAN 4361,Organizational Staffing,[REDACTED],TR | 1:40 PM - 2:55 PM | 42-Coggin College of Business Room 2120,Main Campus-UNF,Standard,OPEN,1,34,35,5
83534,MAN,4550,MAN 4550,Introduction to Management Science,[REDACTED],Online,Distance Learning,Online (DL),FULL - WAITLIST AVAILABLE,0,40,40,5
83586,MAN,4550,MAN 4550,Introduction to Management Science,[REDACTED],Online,Distance Learning,Online (DL),FULL - WAITLIST AVAILABLE,0,40,40,5
83672,MAN,4550,MAN 4550,Introduction to Management Science,[REDACTED],W | 4:30 PM - 5:45 PM | 45-Fine Arts Center Room 2403; Online,Hybrid - On Campus/Online,Hybrid,OPEN,2,38,40,5
85942,MAN,4550,MAN 4550,Introduction to Management Science,[REDACTED],W | 7:30 PM - 8:45 PM | 42-Coggin College of Business Room 1113; Online,Hybrid - On Campus/Online,Hybrid,OPEN,1,39,40,5
82293,MAN,4583,MAN 4583,Project Management,[REDACTED],TR | 3:05 PM - 4:20 PM | 42-Coggin College of Business Room 2120,Main Campus-UNF,Standard,OPEN,21,14,35,5
84550,MAN,4583,MAN 4583,Project Management,[REDACTED],Online,Distance Learning,Online (DL),OPEN,1,34,35,5
83255,MAN,4600,MAN 4600,International Management,[REDACTED],Online,Distance Learning,Online (DL),FULL - WAITLIST AVAILABLE,0,40,40,5
84433,MAN,4600,MAN 4600,International Management,[REDACTED],MW | 4:30 PM - 5:45 PM | 59-Biological Sciences Room 2701,Main Campus-UNF,Standard,OPEN,3,57,60,10
86448,MAN,4600,MAN 4600,International Management,[REDACTED],TR | 10:50 AM - 12:05 PM | 42-Coggin College of Business Room 1101,Main Campus-UNF,Standard,OPEN,23,17,40,5
82099,MAN,4720,MAN 4720,Strategic Management and Business Policy,[REDACTED],Online,Distance Learning,Online (DL),FULL - WAITLIST AVAILABLE,0,35,35,5
82384,MAN,4720,MAN 4720,Strategic Management and Business Policy,[REDACTED],Online,Distance Learning,Online (DL),FULL - WAITLIST AVAILABLE,0,35,35,5
84120,MAN,4720,MAN 4720,Strategic Management and Business Policy,[REDACTED],Online,Distance Learning,Online (DL),OPEN,1,34,35,5
85856,MAN,4720,MAN 4720,Strategic Management and Business Policy,[REDACTED],TR | 4:30 PM - 5:45 PM | 42-Coggin College of Business Room 1105,Main Campus-UNF,Standard,OPEN,1,29,30,5
85861,MAN,4720,MAN 4720,Strategic Management and Business Policy,[REDACTED],Online,Distance Learning,Online (DL),FULL - WAITLIST AVAILABLE,0,35,35,5
85981,MAN,4720,MAN 4720,Strategic Management and Business Policy,[REDACTED],Online,Distance Learning,Online (DL),FULL - WAITLIST AVAILABLE,0,35,35,5
86138,MAN,4720,MAN 4720,Strategic Management and Business Policy,[REDACTED],MW | 4:30 PM - 5:45 PM | 14D-Andrew A. Robinson Center Room 2001,Main Campus-UNF,Standard,OPEN,10,20,30,5
84760,MAN,4905,MAN 4905,Directed Individual Study in Management,[REDACTED],TBA,Main Campus-UNF,Independent,FULL,0,1,1,0
85887,MAN,4930,MAN 4930,ST: Honors in Management,[REDACTED],T | 12:15 PM - 1:30 PM | 42-Coggin College of Business Room 2115; Online,Hybrid - On Campus/Online,Hybrid,OPEN,4,6,10,5
85941,MAN,4930,MAN 4930,ST: Fundamentals Negotiations,[REDACTED],TR | 12:15 PM - 1:30 PM | 42-Coggin College of Business Room 1102,Main Campus-UNF,Standard,OPEN,8,22,30,5
85972,MAN,4930,MAN 4930,ST: Entr New Venture Creation,[REDACTED],M | 7:30 PM - 8:45 PM | 39-J. Brooks Brown Hall Room 1003A; M | 7:30 PM - 8:45 PM | 39-J. Brooks Brown Hall Room 1003A; M | 7:30 PM - 8:45 PM | 39-J. Brooks Brown Hall Room 1003A; M | 7:30 PM - 8:45 PM | 39-J. Brooks Brown Hall Room 1003A; M | 7:30 PM - 8:45 PM | 39-J. Brooks Brown Hall Room 1003A; M | 7:30 PM - 8:45 PM | 39-J. Brooks Brown Hall Room 1003A; M | 7:30 PM - 8:45 PM | 39-J. Brooks Brown Hall Room 1003A; M | 7:30 PM - 8:45 PM | 39-J. Brooks Brown Hall Room 1003A; M | 7:30 PM - 8:45 PM | 39-J. Brooks Brown Hall Room 1003A; M | 7:30 PM - 8:45 PM | 39-J. Brooks Brown Hall Room 1003A; Online,Hybrid - On Campus/Online,Hybrid,OPEN,3,12,15,5
86465,MAN,4942,MAN 4942,Management Internship,[REDACTED],Off Main Campus Room OFF-MC,Off-Campus: Internships,Independent,OPEN,14,1,15,5
83535,MAN,6002,MAN 6002,Cornerstones of Management,[REDACTED],Online,Distance Learning,Online (DL),OPEN,3,27,30,5
85843,MAN,6296,MAN 6296,Leading in Organizations,[REDACTED],TR | 7:30 PM - 8:45 PM | 39A-J. Brooks Brown Hall Addit Room 1028,Main Campus-UNF,Standard,OPEN,19,16,35,5
85844,MAN,6296,MAN 6296,Leading in Organizations,[REDACTED],TR | 6:00 PM - 7:15 PM | 42-Coggin College of Business Room 1111,Main Campus-UNF,Standard,OPEN,7,28,35,5
84072,MAN,6305,MAN 6305,Human Resource Management,[REDACTED],W | 6:00 PM - 8:45 PM | 42-Coggin College of Business Room 1116,Main Campus-UNF,Standard,OPEN,15,10,25,5
82334,MAN,6501,MAN 6501,Modeling and Management of Operations,[REDACTED],Online,Distance Learning,Online (DL),FULL - WAITLIST AVAILABLE,0,40,40,5
84638,MAN,6501,MAN 6501,Modeling and Management of Operations,[REDACTED],MW | 7:30 PM - 8:45 PM | 42-Coggin College of Business Room 1102,Main Campus-UNF,Standard,OPEN,6,24,30,5
86337,MAN,6501,MAN 6501,Modeling and Management of Operations,[REDACTED],Online,Distance Learning,Online (DL),OPEN,30,10,40,5
84444,MAN,6525,MAN 6525,Process Management and Quality Improvements,[REDACTED],W | 6:00 PM - 8:45 PM | 57-Petway Hall Room 1280; W | 6:00 PM - 8:45 PM | 57-Petway Hall Room 1280; W | 6:00 PM - 8:45 PM | 57-Petway Hall Room 1280; W | 6:00 PM - 8:45 PM | 57-Petway Hall Room 1280; W | 6:00 PM - 8:45 PM | 57-Petway Hall Room 1280; W | 6:00 PM - 8:45 PM | 57-Petway Hall Room 1280; Online,Hybrid - On Campus/Online,Hybrid,OPEN,17,3,20,5
84614,MAN,6536,MAN 6536,Planning and Control of Business Processes,[REDACTED],R | 6:00 PM - 8:45 PM | 42-Coggin College of Business Room 1116; R | 6:00 PM - 8:45 PM | 42-Coggin College of Business Room 1116; R | 6:00 PM - 8:45 PM | 42-Coggin College of Business Room 1116; R | 6:00 PM - 8:45 PM | 42-Coggin College of Business Room 1116; R | 6:00 PM - 8:45 PM | 42-Coggin College of Business Room 1116; R | 6:00 PM - 8:45 PM | 42-Coggin College of Business Room 1116; Online,Hybrid - On Campus/Online,Hybrid,OPEN,14,11,25,5
83602,MAN,6581,MAN 6581,Project Management,[REDACTED],Online,Distance Learning,Online (DL),OPEN,5,30,35,5
85973,MAN,6666,MAN 6666,Applied Intercultural Communication: United States,[REDACTED],R | 10:20 AM - 12:05 PM | 42-Coggin College of Business Room 2004,Main Campus-UNF,Standard,FULL - WAITLIST AVAILABLE,0,11,11,5
83968,MAN,6724,MAN 6724,Strategy for Business,[REDACTED],T | 6:00 PM - 8:45 PM | 39A-J. Brooks Brown Hall Addit Room 1032; T | 6:00 PM - 8:45 PM | 39A-J. Brooks Brown Hall Addit Room 1032; T | 6:00 PM - 8:45 PM | 39A-J. Brooks Brown Hall Addit Room 1032; Online,Hybrid - On Campus/Online,Hybrid,OPEN,10,10,20,5
83692,MAN,6726,MAN 6726,Advanced Strategic Management,[REDACTED],Online,Distance Learning,Online (DL),FULL - WAITLIST AVAILABLE,-2,32,30,1
83844,MAN,6726,MAN 6726,Advanced Strategic Management,[REDACTED],T | 6:00 PM - 8:45 PM | 4-Skinner-Jones Hall Room 1701; T | 6:00 PM - 8:45 PM | 4-Skinner-Jones Hall Room 1701; T | 6:00 PM - 8:45 PM | 4-Skinner-Jones Hall Room 1701; T | 6:00 PM - 8:45 PM | 4-Skinner-Jones Hall Room 1701; T | 6:00 PM - 8:45 PM | 4-Skinner-Jones Hall Room 1701; T | 6:00 PM - 8:45 PM | 4-Skinner-Jones Hall Room 1701; T | 6:00 PM - 8:45 PM | 4-Skinner-Jones Hall Room 1701; T | 6:00 PM - 8:45 PM | 4-Skinner-Jones Hall Room 1701; Online,Hybrid - On Campus/Online,Hybrid,OPEN,24,6,30,5
85971,MAN,6726,MAN 6726,Advanced Strategic Management,[REDACTED],T | 12:15 PM - 3:00 PM | 42-Coggin College of Business Room 2004,Main Campus-UNF,Standard,OPEN,1,11,12,5
83356,MAN,6785,MAN 6785,E-Business Strategy,[REDACTED],Online,Distance Learning,Online (DL),OPEN,2,18,20,5
85908,MAN,6875,MAN 6875,Entrepreneurship and Venture Capital,[REDACTED],M | 7:30 PM - 8:45 PM | 39-J. Brooks Brown Hall Room 1003A; M | 7:30 PM - 8:45 PM | 39-J. Brooks Brown Hall Room 1003A; M | 7:30 PM - 8:45 PM | 39-J. Brooks Brown Hall Room 1003A; M | 7:30 PM - 8:45 PM | 39-J. Brooks Brown Hall Room 1003A; M | 7:30 PM - 8:45 PM | 39-J. Brooks Brown Hall Room 1003A; M | 7:30 PM - 8:45 PM | 39-J. Brooks Brown Hall Room 1003A; M | 7:30 PM - 8:45 PM | 39-J. Brooks Brown Hall Room 1003A; M | 7:30 PM - 8:45 PM | 39-J. Brooks Brown Hall Room 1003A; M | 7:30 PM - 8:45 PM | 39-J. Brooks Brown Hall Room 1003A; M | 7:30 PM - 8:45 PM | 39-J. Brooks Brown Hall Room 1003A; Online,Hybrid - On Campus/Online,Hybrid,OPEN,10,5,15,5
83979,MAN,6943,MAN 6943,Graduate Management Internship,[REDACTED],Off Main Campus Room OFF-MC,Off-Campus: Internships,Independent,OPEN,3,1,4,0
82035,MAP,2302,MAP 2302,(GM) Ordinary Differential Equations,[REDACTED],TR | 10:50 AM - 12:05 PM | 57-Petway Hall Room 2080,Main Campus-UNF,Standard,OPEN,4,31,35,35
84022,MAP,2302,MAP 2302,(GM) Ordinary Differential Equations,[REDACTED],MW | 1:30 PM - 2:45 PM | Online,Distance Learning,Live Online,OPEN,9,26,35,35
86007,MAP,2302,MAP 2302,(GM) Ordinary Differential Equations,[REDACTED],TR | 10:50 AM - 12:05 PM | 14E-Andrew A. Robinson Center Room 2743,Main Campus-UNF,Standard,OPEN,2,33,35,35
82486,MAP,3170,MAP 3170,Financial Mathematics for Actuarial Science,[REDACTED],Online,Distance Learning,Online (DL),OPEN,1,29,30,30
83290,MAP,4231,MAP 4231,(GM) Operations Research,[REDACTED],TR | 3:05 PM - 4:20 PM | 2-Founders Hall Room 2008,Main Campus-UNF,Standard,OPEN,21,9,30,30
85902,MAP,6605,MAP 6605,Topics in Financial Mathematics,[REDACTED],Online,Distance Learning,Online (DL),OPEN,21,9,30,10
82082,MAR,3023,MAR 3023,Principles of Marketing,[REDACTED],Online,Distance Learning,Online (DL),FULL - WAITLIST AVAILABLE,0,320,320,10
82676,MAR,3023,MAR 3023,Principles of Marketing,[REDACTED],MW | 3:00 PM - 4:15 PM | 42-Coggin College of Business Room 1020,Main Campus-UNF,Standard,OPEN,1,230,231,10
82677,MAR,3023,MAR 3023,Principles of Marketing,[REDACTED],MW | 1:30 PM - 2:45 PM | 42-Coggin College of Business Room 1101,Main Campus-UNF,Standard,FULL - WAITLIST AVAILABLE,0,43,43,10
82736,MAR,3023,MAR 3023,Principles of Marketing,[REDACTED],Online,Distance Learning,Online (DL),FULL - WAITLIST AVAILABLE,0,60,60,10
85852,MAR,3522,MAR 3522,The Pursuit of Happiness in a Consumption-Driven World,[REDACTED],MW | 12:00 PM - 1:15 PM | 50-Science &amp; Engineering Room 1202,Main Campus-UNF,Standard,OPEN,4,46,50,10
83015,MAR,3702,MAR 3702,Principles of Digital Transformation in Business,[REDACTED],Online,Distance Learning,Online (DL),OPEN,1,59,60,5
83703,MAR,3702,MAR 3702,Principles of Digital Transformation in Business,[REDACTED],Online,Distance Learning,Online (DL),FULL - WAITLIST AVAILABLE,-1,32,31,5
84435,MAR,3702,MAR 3702,Principles of Digital Transformation in Business,[REDACTED],TR | 10:50 AM - 12:05 PM | 42-Coggin College of Business Room 2120,Main Campus-UNF,Standard,OPEN,12,23,35,5
83018,MAR,3930,MAR 3930,Selected Topics in Honors in Marketing,[REDACTED],MW | 12:00 PM - 1:15 PM | 42-Coggin College of Business Room 2004,Main Campus-UNF,Standard,OPEN,5,10,15,5
84007,MAR,4104,MAR 4104,Social and Ethical Issues in Marketing,[REDACTED],Online,Distance Learning,Online (DL),OPEN,1,39,40,5
82470,MAR,4156,MAR 4156,International Marketing,[REDACTED],MW | 12:00 PM - 1:15 PM | 42-Coggin College of Business Room 1116,Main Campus-UNF,Standard,OPEN,7,28,35,5
82565,MAR,4156,MAR 4156,International Marketing,[REDACTED],Online,Distance Learning,Online (DL),FULL - WAITLIST AVAILABLE,0,50,50,5
84008,MAR,4231,MAR 4231,Retail Management,[REDACTED],Online,Distance Learning,Online (DL),OPEN,14,21,35,5
83439,MAR,4323,MAR 4323,Advertising Management,[REDACTED],Online,Distance Learning,Online (DL),OPEN,2,58,60,5
83016,MAR,4325,MAR 4325,Social Media Marketing Strategy,[REDACTED],Online,Distance Learning,Online (DL),FULL - WAITLIST AVAILABLE,0,75,75,5
83364,MAR,4325,MAR 4325,Social Media Marketing Strategy,[REDACTED],Online,Distance Learning,Online (DL),OPEN,3,62,65,5
82775,MAR,4400,MAR 4400,Professional Selling,[REDACTED],Online,Distance Learning,Online (DL),OPEN,15,20,35,5
83272,MAR,4400,MAR 4400,Professional Selling,[REDACTED],Online,Distance Learning,Online (DL),OPEN,17,18,35,5
82734,MAR,4403,MAR 4403,Sales Management,[REDACTED],Online,Distance Learning,Online (DL),OPEN,1,39,40,5
82317,MAR,4503,MAR 4503,Consumer Behavior,[REDACTED],Online,Distance Learning,Online (DL),OPEN,3,82,85,10
85936,MAR,4503,MAR 4503,Consumer Behavior,[REDACTED],MW | 4:30 PM - 5:45 PM | 42-Coggin College of Business Room 1102,Main Campus-UNF,Standard,OPEN,6,37,43,5
82101,MAR,4613,MAR 4613,Marketing Research and Information,[REDACTED],Online,Distance Learning,Online (DL),OPEN,17,18,35,5
82678,MAR,4613,MAR 4613,Marketing Research and Information,[REDACTED],MW | 12:00 PM - 1:15 PM | 42-Coggin College of Business Room 1111,Main Campus-UNF,Standard,OPEN,31,4,35,5
83440,MAR,4613,MAR 4613,Marketing Research and Information,[REDACTED],Online,Distance Learning,Online (DL),OPEN,1,39,40,5
82714,MAR,4615,MAR 4615,Introduction to Marketing Analytics,[REDACTED],MW | 3:00 PM - 4:15 PM | 42-Coggin College of Business Room 2115,Main Campus-UNF,Standard,OPEN,25,10,35,5
83170,MAR,4615,MAR 4615,Introduction to Marketing Analytics,[REDACTED],Online,Distance Learning,Online (DL),FULL - WAITLIST AVAILABLE,0,40,40,5
82462,MAR,4721,MAR 4721,Digital Marketing Strategy,[REDACTED],Online,Distance Learning,Online (DL),OPEN,1,35,36,5
82803,MAR,4721,MAR 4721,Digital Marketing Strategy,[REDACTED],TR | 3:05 PM - 4:20 PM | 42-Coggin College of Business Room 2115,Main Campus-UNF,Standard,OPEN,10,14,24,5
84417,MAR,4721,MAR 4721,Digital Marketing Strategy,[REDACTED],Online,Distance Learning,Online (DL),OPEN,4,20,24,5
82804,MAR,4803,MAR 4803,Strategic Marketing,[REDACTED],Online,Distance Learning,Online (DL),OPEN,1,45,46,5
85898,MAR,4803,MAR 4803,Strategic Marketing,[REDACTED],MW | 1:30 PM - 2:45 PM | 42-Coggin College of Business Room 2120,Main Campus-UNF,Standard,OPEN,26,10,36,5
85873,MAR,4841,MAR 4841,Services Marketing,[REDACTED],Online,Distance Learning,Online (DL),OPEN,15,15,30,5
85874,MAR,4939,MAR 4939,Professional Development Seminar,[REDACTED],MW | 1:30 PM - 2:45 PM | 2-Founders Hall Room 2221,Main Campus-UNF,Standard,OPEN,8,10,18,5
82166,MAR,4941,MAR 4941,Internship in Marketing and Supply Chain Management,[REDACTED],Off Main Campus Room OFF-MC,Off-Campus: Internships,Independent,OPEN,14,1,15,5
83147,MAR,6055,MAR 6055,Fundamentals of Marketing,[REDACTED],M | 6:00 PM - 8:45 PM | 42-Coggin College of Business Room 1116,Main Campus-UNF,Standard,OPEN,10,25,35,5
85960,MAR,6105,MAR 6105,Ethics &amp; Leadership in Marketing,[REDACTED],S | 10:00 AM - 2:00 PM | 42-Coggin College of Business Room 2116,Main Campus-UNF,Standard,OPEN,13,2,15,5
85961,MAR,6105,MAR 6105,Ethics &amp; Leadership in Marketing,[REDACTED],S | 10:00 AM - 2:00 PM | Online,Distance Learning,Live Online,OPEN,11,4,15,5
85882,MAR,6616,MAR 6616,Marketing Research,[REDACTED],MW | 7:30 PM - 8:45 PM | 42-Coggin College of Business Room 2116,Main Campus-UNF,Standard,OPEN,15,5,20,5
85883,MAR,6616,MAR 6616,Marketing Research,[REDACTED],MW | 7:30 PM - 8:45 PM | Online,Distance Learning,Live Online,OPEN,14,6,20,5
82750,MAR,6805,MAR 6805,Marketing Strategy,[REDACTED],Online,Distance Learning,Online (DL),OPEN,4,62,66,5
85879,MAR,6805,MAR 6805,Marketing Strategy,[REDACTED],MW | 6:00 PM - 7:15 PM | 14D-Andrew A. Robinson Center Room 2001,Main Campus-UNF,Standard,OPEN,28,15,43,5
82037,MAS,3105,MAS 3105,(GM) Linear Algebra,[REDACTED],TR | 2:00 PM - 3:40 PM | 57-Petway Hall Room 2080,Main Campus-UNF,Standard,FULL - WAITLIST AVAILABLE,0,35,35,35
82314,MAS,3105,MAS 3105,(GM) Linear Algebra,[REDACTED],TR | 3:50 PM - 5:30 PM | 4-Skinner-Jones Hall Room 1702,Main Campus-UNF,Standard,FULL - WAITLIST AVAILABLE,-1,36,35,35
82487,MAS,3105,MAS 3105,(GM) Linear Algebra,[REDACTED],MW | 11:50 AM - 1:30 PM | 8-English Hall Room 2054,Main Campus-UNF,Standard,OPEN,4,31,35,35
83522,MAS,4156,MAS 4156,(GM) Vector Analysis,[REDACTED],MW | 12:00 PM - 1:15 PM | 57-Petway Hall Room 1280,Main Campus-UNF,Standard,OPEN,21,9,30,30
82878,MAS,4301,MAS 4301,(GM) Abstract Algebra I,[REDACTED],MW | 11:50 AM - 1:30 PM | 39-J. Brooks Brown Hall Room 1026A,Main Campus-UNF,Standard,OPEN,20,15,35,35
85791,MAS,4900,MAS 4900,Research Experience in Mathematics &ndash; Independent Study,[REDACTED],TBA,Main Campus-UNF,Independent,OPEN,1,1,2,2
85792,MAS,4900,MAS 4900,Research Experience in Mathematics &ndash; Independent Study,[REDACTED],TBA,Main Campus-UNF,Independent,OPEN,1,1,2,2
85793,MAS,4900,MAS 4900,Research Experience in Mathematics &ndash; Independent Study,[REDACTED],TBA,Main Campus-UNF,Independent,OPEN,1,1,2,2
82220,MAS,4932,MAS 4932,Capstone Experience in Mathematics,[REDACTED],T | 10:00 AM - 10:50 AM | 42-Coggin College of Business Room 1111,Main Campus-UNF,Standard,OPEN,17,3,20,20
82373,MAS,6145,MAS 6145,Advanced Linear Algebra,[REDACTED],TR | 1:40 PM - 2:55 PM | 2-Founders Hall Room 1018,Main Campus-UNF,Standard,OPEN,14,16,30,30
83491,MAT,1033,MAT 1033,Intermediate Algebra,[REDACTED],TR | 8:00 AM - 9:15 AM | 2-Founders Hall Room 2002; F | 8:00 AM - 8:50 AM | 2-Founders Hall Room 2002,Main Campus-UNF,Standard,OPEN,30,6,36,25
83492,MAT,1033,MAT 1033,Intermediate Algebra,[REDACTED],F | 9:00 AM - 9:50 AM | 2-Founders Hall Room 2219; TR | 9:25 AM - 10:40 AM | 2-Founders Hall Room 2219,Main Campus-UNF,Standard,OPEN,4,26,30,25
83493,MAT,1033,MAT 1033,Intermediate Algebra,[REDACTED],F | 10:00 AM - 10:50 AM | 14E-Andrew A. Robinson Center Room 2738; TR | 10:50 AM - 12:05 PM | 14E-Andrew A. Robinson Center Room 2738,Main Campus-UNF,Standard,OPEN,2,18,20,20
83494,MAT,1033,MAT 1033,Intermediate Algebra,[REDACTED],F | 12:00 PM - 12:50 PM | 9-Fred Schultz Hall Room 1411; TR | 12:15 PM - 1:30 PM | 9-Fred Schultz Hall Room 1411,Main Campus-UNF,Standard,OPEN,3,29,32,25
83495,MAT,1033,MAT 1033,Intermediate Algebra,[REDACTED],MW | 1:30 PM - 2:45 PM | 9-Fred Schultz Hall Room 1411; F | 3:00 PM - 3:50 PM | 9-Fred Schultz Hall Room 1411,Main Campus-UNF,Standard,OPEN,23,9,32,25
83496,MAT,1033,MAT 1033,Intermediate Algebra,[REDACTED],F | 1:00 PM - 1:50 PM | 2-Founders Hall Room 2007; MW | 1:30 PM - 2:45 PM | 2-Founders Hall Room 2007,Main Campus-UNF,Standard,OPEN,14,21,35,25
83497,MAT,1033,MAT 1033,Intermediate Algebra,[REDACTED],F | 12:00 PM - 12:50 PM | 2-Founders Hall Room 2007; TR | 12:15 PM - 1:30 PM | 2-Founders Hall Room 2219,Main Campus-UNF,Standard,OPEN,10,20,30,25
83640,MAT,1033,MAT 1033,Intermediate Algebra,[REDACTED],F | 3:00 PM - 3:50 PM | 9-Fred Schultz Hall Room 1413; TR | 4:30 PM - 5:45 PM | 9-Fred Schultz Hall Room 1413,Main Campus-UNF,Standard,OPEN,24,8,32,25
83665,MAT,1033,MAT 1033,Intermediate Algebra,[REDACTED],F | 10:00 AM - 10:50 AM | 2-Founders Hall Room 1017; MW | 12:00 PM - 1:15 PM | 2-Founders Hall Room 2007,Main Campus-UNF,Standard,OPEN,21,14,35,25
86404,MAT,6908,MAT 6908,Directed Individual Study,[REDACTED],TBA,Main Campus-UNF,Independent,OPEN,3,1,4,1
86491,MAT,6908,MAT 6908,Directed Individual Study,[REDACTED],TBA,Main Campus-UNF,Independent,FULL - WAITLIST AVAILABLE,0,1,1,1
84047,MAT,6971,MAT 6971,Thesis,[REDACTED],TBA,Main Campus-UNF,Independent,OPEN,3,1,4,1
84111,MAT,6971,MAT 6971,Thesis,[REDACTED],TBA,Main Campus-UNF,Independent,OPEN,3,1,4,1
84121,MAT,6971,MAT 6971,Thesis,[REDACTED],TBA,Main Campus-UNF,Independent,OPEN,1,2,3,1
84122,MAT,6971,MAT 6971,Thesis,[REDACTED],TBA,Main Campus-UNF,Independent,OPEN,2,1,3,1
84123,MAT,6971,MAT 6971,Thesis,[REDACTED],TBA,Main Campus-UNF,Independent,OPEN,3,1,4,1
84128,MAT,6971,MAT 6971,Thesis,[REDACTED],TBA,Main Campus-UNF,Independent,OPEN,4,0,4,1
85317,MCB,2010,MCB 2010,Microbiology,[REDACTED],MW | 12:00 PM - 1:15 PM | 59-Biological Sciences Room 2701,Main Campus-UNF,Standard,OPEN,10,86,96,96
86367,MCB,2010,MCB 2010,Microbiology,[REDACTED],Online,Distance Learning,Online (DL),FULL - WAITLIST AVAILABLE,-2,26,24,24
85318,MCB,2010L,MCB 2010L,Microbiology Lab,[REDACTED],TR | 8:00 AM - 9:50 AM | 59-Biological Sciences Room 2402,Main Campus-UNF,Standard,OPEN,3,21,24,24
85319,MCB,2010L,MCB 2010L,Microbiology Lab,[REDACTED],TR | 10:00 AM - 11:50 AM | 59-Biological Sciences Room 2402,Main Campus-UNF,Standard,OPEN,3,21,24,24
85320,MCB,2010L,MCB 2010L,Microbiology Lab,[REDACTED],TR | 1:30 PM - 3:20 PM | 59-Biological Sciences Room 2402,Main Campus-UNF,Standard,OPEN,2,22,24,24
85321,MCB,2010L,MCB 2010L,Microbiology Lab,[REDACTED],TR | 3:30 PM - 5:20 PM | 59-Biological Sciences Room 2402,Main Campus-UNF,Standard,OPEN,2,22,24,24
86262,MCB,2010L,MCB 2010L,Microbiology Lab,[REDACTED],MW | 3:00 PM - 4:50 PM | 59-Biological Sciences Room 2402,Main Campus-UNF,Standard,FULL - WAITLIST AVAILABLE,0,24,24,24
82313,MCB,3020C,MCB 3020C,Microbial Biology,[REDACTED],TR | 8:00 AM - 9:15 AM | 59-Biological Sciences Room 2703; WF | 8:00 AM - 9:50 AM | 59-Biological Sciences Room 2401,Main Campus-UNF,Standard,FULL - WAITLIST AVAILABLE,0,24,24,24
82378,MCB,3020C,MCB 3020C,Microbial Biology,[REDACTED],TR | 8:00 AM - 9:15 AM | 59-Biological Sciences Room 2703; WF | 1:00 PM - 2:50 PM | 59-Biological Sciences Room 2401,Main Campus-UNF,Standard,OPEN,1,23,24,24
83380,MCB,3020C,MCB 3020C,Microbial Biology,[REDACTED],WF | 10:00 AM - 11:50 AM | 59-Biological Sciences Room 2401; TR | 12:15 PM - 1:30 PM | 2-Founders Hall Room 2010,Main Campus-UNF,Standard,OPEN,6,18,24,24
83998,MCB,3020C,MCB 3020C,Microbial Biology,[REDACTED],TR | 12:15 PM - 1:30 PM | 2-Founders Hall Room 2010; WF | 3:00 PM - 4:50 PM | 59-Biological Sciences Room 2401,Main Campus-UNF,Standard,OPEN,15,7,22,24
83486,MCB,4021C,MCB 4021C,Molecular Biology Techniques,[REDACTED],TR | 9:25 AM - 10:40 AM | 59-Biological Sciences Room 2703; TR | 11:00 AM - 1:50 PM | 59-Biological Sciences Room 2401,Main Campus-UNF,Standard,OPEN,2,16,18,20
86429,MCB,5024C,MCB 5024C,Advanced Molecular Biology Techniques,[REDACTED],TR | 9:25 AM - 10:40 AM | 59-Biological Sciences Room 2703; TR | 11:00 AM - 1:50 PM | 59-Biological Sciences Room 2401,Main Campus-UNF,Standard,OPEN,3,1,4,4
83289,MGF,1113,MGF 1113,(GM) Mathematics for Teachers I,[REDACTED],Online,Distance Learning,Online (DL),OPEN,32,3,35,35
84254,MGF,1130,MGF 1130,Mathematical Thinking,[REDACTED],Online,Distance Learning,Online (DL),FULL - WAITLIST AVAILABLE,0,35,35,35
84255,MGF,1130,MGF 1130,Mathematical Thinking,[REDACTED],Online,Distance Learning,Online (DL),FULL - WAITLIST AVAILABLE,0,35,35,35
84256,MGF,1130,MGF 1130,Mathematical Thinking,[REDACTED],Online,Distance Learning,Online (DL),OPEN,1,34,35,35
84257,MGF,1130,MGF 1130,Mathematical Thinking,[REDACTED],TR | 8:00 AM - 9:15 AM | 2-Founders Hall Room 2007,Main Campus-UNF,Standard,FULL - WAITLIST AVAILABLE,0,35,35,35
84258,MGF,1130,MGF 1130,Mathematical Thinking,[REDACTED],TR | 9:25 AM - 10:40 AM | 57-Petway Hall Room 2080,Main Campus-UNF,Standard,FULL - WAITLIST AVAILABLE,0,35,35,35
84259,MGF,1130,MGF 1130,Mathematical Thinking,[REDACTED],TR | 9:25 AM - 10:40 AM | 57-Petway Hall Room 1270,Main Campus-UNF,Standard,FULL - WAITLIST AVAILABLE,0,35,35,35
84261,MGF,1130,MGF 1130,Mathematical Thinking,[REDACTED],TR | 10:50 AM - 12:05 PM | 2-Founders Hall Room 2218,Main Campus-UNF,Standard,OPEN,1,34,35,35
84262,MGF,1130,MGF 1130,Mathematical Thinking,[REDACTED],TR | 10:50 AM - 12:05 PM | 57-Petway Hall Room 1270,Main Campus-UNF,Standard,OPEN,13,22,35,35
84263,MGF,1130,MGF 1130,Mathematical Thinking,[REDACTED],MW | 4:30 PM - 5:45 PM | 2-Founders Hall Room 1017,Main Campus-UNF,Standard,FULL - WAITLIST AVAILABLE,0,35,35,35
84264,MGF,1130,MGF 1130,Mathematical Thinking,[REDACTED],TR | 12:15 PM - 1:30 PM | 2-Founders Hall Room 2212,Main Campus-UNF,Standard,FULL - WAITLIST AVAILABLE,0,35,35,35
84265,MGF,1130,MGF 1130,Mathematical Thinking,[REDACTED],MW | 3:00 PM - 4:15 PM | 2-Founders Hall Room 1017,Main Campus-UNF,Standard,FULL - WAITLIST AVAILABLE,0,35,35,35
84266,MGF,1130,MGF 1130,Mathematical Thinking,[REDACTED],Online,Distance Learning,Online (DL),FULL - WAITLIST AVAILABLE,0,35,35,35
84267,MGF,1130,MGF 1130,(H)Mathematical Thinking,[REDACTED],Online,Distance Learning,Online (DL),OPEN,27,8,35,35
86266,MGF,1130,MGF 1130,Mathematical Thinking,[REDACTED],MWF | 9:00 AM - 9:50 AM | 59-Biological Sciences Room 2703,Main Campus-UNF,Standard,FULL - WAITLIST AVAILABLE,0,35,35,10
86267,MGF,1130,MGF 1130,Mathematical Thinking,[REDACTED],MWF | 11:00 AM - 11:50 AM | 42-Coggin College of Business Room 1116,Main Campus-UNF,Standard,OPEN,2,33,35,10
86354,MGF,1130,MGF 1130,Mathematical Thinking,[REDACTED],Online,Distance Learning,Online (DL),OPEN,1,34,35,10
83523,MHF,3202,MHF 3202,(GM) Foundation of Mathematics,[REDACTED],MW | 6:00 PM - 7:40 PM | 2-Founders Hall Room 2216,Main Campus-UNF,Standard,OPEN,24,6,30,30
84268,MHF,3202,MHF 3202,(GM) Foundation of Mathematics,[REDACTED],TR | 10:00 AM - 11:40 AM | 2-Founders Hall Room 2008,Main Campus-UNF,Standard,OPEN,9,21,30,30
85881,MHS,5005,MHS 5005,Introduction to School Counseling,[REDACTED],M | 6:00 PM - 8:45 PM | Online; M | 6:00 PM - 8:45 PM | Online; M | 6:00 PM - 8:45 PM | Online; M | 6:00 PM - 8:45 PM | Online; M | 6:00 PM - 8:45 PM | Online; M | 6:00 PM - 8:45 PM | Online; M | 6:00 PM - 8:45 PM | Online; Online,Distance Learning,Live Online,OPEN,9,26,35,5
82609,MHS,6404,MHS 6404,Theories in Clinical Mental Health Counseling,[REDACTED],W | 12:00 PM - 2:45 PM | 39-J. Brooks Brown Hall Room 4029A,Main Campus-UNF,Standard,FULL,0,24,24,0
84466,MHS,6404,MHS 6404,Theories in Clinical Mental Health Counseling,[REDACTED],W | 3:00 PM - 5:45 PM | 39-J. Brooks Brown Hall Room 1003A,Main Campus-UNF,Standard,FULL - WAITLIST AVAILABLE,0,24,24,3
85896,MHS,6407,MHS 6407,Theories of Counseling,[REDACTED],W | 6:00 PM - 8:45 PM | 57-Petway Hall Room 3430; W | 6:00 PM - 8:45 PM | 57-Petway Hall Room 3430; W | 6:00 PM - 8:45 PM | 57-Petway Hall Room 3430; W | 6:00 PM - 8:45 PM | 57-Petway Hall Room 3430; W | 6:00 PM - 8:45 PM | 57-Petway Hall Room 3430; W | 6:00 PM - 8:45 PM | 57-Petway Hall Room 3430; W | 6:00 PM - 8:45 PM | 57-Petway Hall Room 3430; Online,Hybrid - On Campus/Online,Hybrid,OPEN,1,14,15,5
86040,MHS,6407,MHS 6407,Theories of Counseling,[REDACTED],W | 6:00 PM - 8:45 PM | 57-Petway Hall Room 2120; W | 6:00 PM - 8:45 PM | 57-Petway Hall Room 2120; W | 6:00 PM - 8:45 PM | 57-Petway Hall Room 2120; W | 6:00 PM - 8:45 PM | 57-Petway Hall Room 2120; W | 6:00 PM - 8:45 PM | 57-Petway Hall Room 2120; W | 6:00 PM - 8:45 PM | 57-Petway Hall Room 2120; W | 6:00 PM - 8:45 PM | 57-Petway Hall Room 2120; Online,Hybrid - On Campus/Online,Hybrid,OPEN,3,12,15,5
85894,MHS,6428,MHS 6428,Counseling Diverse Populations,[REDACTED],W | 12:00 PM - 2:45 PM | 39-J. Brooks Brown Hall Room 4002A,Main Campus-UNF,Standard,FULL - WAITLIST AVAILABLE,0,24,24,2
85901,MHS,6428,MHS 6428,Counseling Diverse Populations,[REDACTED],W | 3:00 PM - 5:45 PM | 39-J. Brooks Brown Hall Room 3063,Main Campus-UNF,Standard,FULL - WAITLIST AVAILABLE,0,24,24,2
83615,MHS,6430,MHS 6430,Introduction to Family Counseling,[REDACTED],T | 12:15 PM - 3:00 PM | 39-J. Brooks Brown Hall Room 4002A,Main Campus-UNF,Standard,OPEN,5,17,22,0
85657,MHS,6430,MHS 6430,Introduction to Family Counseling,[REDACTED],T | 3:05 PM - 5:50 PM | 39-J. Brooks Brown Hall Room 2006,Main Campus-UNF,Standard,FULL,0,22,22,0
83682,MHS,6450,MHS 6450,Addictions Counseling,[REDACTED],Online,Distance Learning,Online (DL),FULL,0,24,24,0
85619,MHS,6450,MHS 6450,Addictions Counseling,[REDACTED],Online,Distance Learning,Online (DL),OPEN,2,22,24,0
83683,MHS,6700,MHS 6700,"Legal, Ethical, and Professional Issues in Counseling",[REDACTED],M | 12:00 PM - 2:45 PM | 39-J. Brooks Brown Hall Room 4029A,Main Campus-UNF,Standard,FULL,0,24,24,0
84465,MHS,6700,MHS 6700,"Legal, Ethical, and Professional Issues in Counseling",[REDACTED],M | 3:00 PM - 5:45 PM | 39-J. Brooks Brown Hall Room 1003A,Main Campus-UNF,Standard,FULL,0,24,24,0
83686,MHS,6800,MHS 6800,Practicum in Mental Health Counseling,[REDACTED],T | 12:15 PM - 3:00 PM | 39A-J. Brooks Brown Hall Addit Room 4136,Main Campus-UNF,Independent,FULL,0,11,11,0
84703,MHS,6800,MHS 6800,Practicum in Mental Health Counseling,[REDACTED],T | 12:15 PM - 3:00 PM | 2-Founders Hall Room 2011,Main Campus-UNF,Standard,FULL,0,11,11,0
85628,MHS,6800,MHS 6800,Practicum in Mental Health Counseling,[REDACTED],T | 3:05 PM - 5:50 PM | 39A-J. Brooks Brown Hall Addit Room 4136,Main Campus-UNF,Standard,OPEN,5,6,11,0
85630,MHS,6800,MHS 6800,Practicum in Mental Health Counseling,[REDACTED],T | 3:05 PM - 5:50 PM | 2-Founders Hall Room 2011,Main Campus-UNF,Standard,FULL,0,11,11,0
83684,MHS,6941,MHS 6941,Clinical Counseling Skills,[REDACTED],M | 12:00 PM - 2:45 PM | 39-J. Brooks Brown Hall Room 2002A,Main Campus-UNF,Standard,FULL,0,12,12,0
83685,MHS,6941,MHS 6941,Clinical Counseling Skills,[REDACTED],M | 12:00 PM - 2:45 PM | 57-Petway Hall Room 1210,Main Campus-UNF,Standard,FULL,0,12,12,0
84463,MHS,6941,MHS 6941,Clinical Counseling Skills,[REDACTED],M | 3:00 PM - 5:45 PM | 39-J. Brooks Brown Hall Room 1001A,Main Campus-UNF,Standard,FULL,0,12,12,0
84464,MHS,6941,MHS 6941,Clinical Counseling Skills,[REDACTED],M | 3:00 PM - 5:45 PM | 57-Petway Hall Room 1210,Main Campus-UNF,Standard,FULL,0,12,12,0
86042,MHS,6992,MHS 6992,Exp: Assess &amp; Eval in Cou,[REDACTED],W | 6:00 PM - 8:45 PM | 57-Petway Hall Room 1100B; W | 6:00 PM - 8:45 PM | Online; W | 6:00 PM - 8:45 PM | 57-Petway Hall Room 1100B; W | 6:00 PM - 8:45 PM | Online; W | 6:00 PM - 8:45 PM | 57-Petway Hall Room 1100B; W | 6:00 PM - 8:45 PM | Online; Online,Hybrid - On Campus/Online,Hybrid,OPEN,1,29,30,5
82009,MMC,1004,MMC 1004,Media Literacy,[REDACTED],Online,Distance Learning,Online (DL),FULL - WAITLIST AVAILABLE,-1,51,50,50
83306,MMC,1004,MMC 1004,Media Literacy,[REDACTED],MW | 3:00 PM - 4:15 PM | 14D-Andrew A. Robinson Center Room 2001,Main Campus-UNF,Standard,OPEN,10,40,50,50
83469,MMC,1004,MMC 1004,Media Literacy,[REDACTED],TR | 10:50 AM - 12:05 PM | 14D-Andrew A. Robinson Center Room 2001,Main Campus-UNF,Standard,OPEN,3,47,50,50
82478,MMC,2701,MMC 2701,Communicating Across Cultures,[REDACTED],R | 12:15 PM - 3:00 PM | 39-J. Brooks Brown Hall Room 4002A,Main Campus-UNF,Standard,OPEN,15,15,30,20
83470,MMC,3002,MMC 3002,Social Media for Communication,[REDACTED],Online,Distance Learning,Online (DL),FULL - WAITLIST AVAILABLE,0,20,20,20
83471,MMC,3002,MMC 3002,Social Media for Communication,[REDACTED],Online,Distance Learning,Online (DL),OPEN,1,19,20,20
83709,MMC,3002,MMC 3002,Social Media for Communication,[REDACTED],MWF | 10:00 AM - 10:50 AM | 14D-Andrew A. Robinson Center Room 1015,Main Campus-UNF,Standard,OPEN,9,11,20,20
82858,MMC,3105,MMC 3105,Advanced Writing for the Media,[REDACTED],TR | 9:25 AM - 10:40 AM | 14D-Andrew A. Robinson Center Room 1015,Main Campus-UNF,Standard,FULL - WAITLIST AVAILABLE,0,20,20,16
82972,MMC,3105,MMC 3105,Advanced Writing for the Media,[REDACTED],TR | 10:50 AM - 12:05 PM | 14D-Andrew A. Robinson Center Room 1015,Main Campus-UNF,Standard,OPEN,2,18,20,16
83021,MMC,3105,MMC 3105,Advanced Writing for the Media,[REDACTED],W | 6:00 PM - 8:45 PM | 14D-Andrew A. Robinson Center Room 1015,Main Campus-UNF,Standard,FULL - WAITLIST AVAILABLE,0,20,20,16
83023,MMC,3105,MMC 3105,Advanced Writing for the Media,[REDACTED],R | 6:00 PM - 8:45 PM | Online,Distance Learning,Live Online,OPEN,3,17,20,16
83395,MMC,3105,MMC 3105,Advanced Writing for the Media,[REDACTED],M | 6:00 PM - 8:45 PM | Online,Distance Learning,Live Online,OPEN,2,18,20,16
83024,MMC,3200,MMC 3200,Law and Ethics of Communications,[REDACTED],MW | 12:00 PM - 1:15 PM | 14D-Andrew A. Robinson Center Room 2001,Main Campus-UNF,Standard,OPEN,25,25,50,50
83025,MMC,3200,MMC 3200,Law and Ethics of Communications,[REDACTED],Online,Distance Learning,Online (DL),OPEN,7,43,50,50
83472,MMC,3342,MMC 3342,Content Creation and AI,[REDACTED],T | 1:40 PM - 2:55 PM | 14D-Andrew A. Robinson Center Room 1011; Online,Hybrid - On Campus/Online,Hybrid,FULL - WAITLIST AVAILABLE,0,20,20,20
85200,MMC,3342,MMC 3342,Content Creation and AI,[REDACTED],TR | 9:25 AM - 10:40 AM | 14D-Andrew A. Robinson Center Room 1011,Main Campus-UNF,Standard,OPEN,2,18,20,15
85209,MMC,3402,MMC 3402,Political Advertising,[REDACTED],TR | 4:30 PM - 5:45 PM | 15-John E. Mathews Room 1204,Main Campus-UNF,Standard,OPEN,12,13,25,50
82438,MMC,3942,MMC 3942,Pre Internship in Communication,[REDACTED],Online,Distance Learning,Online (DL),OPEN,1,19,20,20
82448,MMC,3942,MMC 3942,Pre Internship in Communication,[REDACTED],Online,Distance Learning,Online (DL),OPEN,3,17,20,20
82449,MMC,3942,MMC 3942,Pre Internship in Communication,[REDACTED],Online,Distance Learning,Online (DL),OPEN,9,1,10,10
85822,MMC,4011,MMC 4011,Advanced AI Literacy,[REDACTED],T | 6:00 PM - 8:45 PM | 14D-Andrew A. Robinson Center Room 1013,Main Campus-UNF,Standard,OPEN,1,11,12,10
85197,MMC,4403,MMC 4403,Mass Communication Research &amp; Theory,[REDACTED],Online,Distance Learning,Online (DL),FULL - WAITLIST AVAILABLE,0,10,10,10
85201,MMC,4403,MMC 4403,Mass Communication Research &amp; Theory,[REDACTED],Online,Distance Learning,Online (DL),OPEN,1,19,20,10
85202,MMC,4403,MMC 4403,Mass Communication Research &amp; Theory,[REDACTED],Online,Distance Learning,Online (DL),FULL - WAITLIST AVAILABLE,0,20,20,10
85203,MMC,4403,MMC 4403,Mass Communication Research &amp; Theory,[REDACTED],MW | 4:30 PM - 5:45 PM | 14D-Andrew A. Robinson Center Room 1013,Main Campus-UNF,Standard,OPEN,9,11,20,10
83307,MMC,4500,MMC 4500,History of Mass Communication,[REDACTED],Online,Distance Learning,Online (DL),OPEN,29,21,50,50
83473,MMC,4732,MMC 4732,Social Media Management,[REDACTED],Online,Distance Learning,Online (DL),OPEN,2,13,15,15
86124,MMC,4905,MMC 4905,Independent Study,[REDACTED],TBA,Main Campus-UNF,Independent,FULL,0,1,1,0
86393,MMC,4905,MMC 4905,Independent Study,[REDACTED],TBA,Main Campus-UNF,Independent,FULL,0,1,1,0
85204,MMC,4930,MMC 4930,ST: Broadcast Meteorology,[REDACTED],TR | 4:30 PM - 5:45 PM | 14D-Andrew A. Robinson Center Room 1011,Main Campus-UNF,Standard,OPEN,3,7,10,10
82137,MMC,4975,MMC 4975,Internship Senior Project,[REDACTED],Off Main Campus Room OFF-MC,Off-Campus: Internships,Independent,OPEN,32,18,50,50
82412,MMC,4975,MMC 4975,Internship Senior Project,[REDACTED],Off Main Campus Room OFF-MC,Off-Campus: Internships,Independent,OPEN,21,19,40,50
83308,MMC,5267,MMC 5267,Current Issues in Emerging Media,[REDACTED],T | 6:00 PM - 8:45 PM | 14D-Andrew A. Robinson Center Room 1013,Main Campus-UNF,Standard,FULL - WAITLIST AVAILABLE,0,8,8,5
83408,MMC,6006,MMC 6006,Strategic Communication Theory,[REDACTED],Online,Distance Learning,Online (DL),OPEN,2,18,20,20
82757,MMC,6256,MMC 6256,Foundations of Communication Management,[REDACTED],T | 6:00 PM - 8:45 PM | 14D-Andrew A. Robinson Center Room 2014,Main Campus-UNF,Standard,OPEN,1,14,15,15
83165,MMC,6421,MMC 6421,Quantitative Research Methods in Mass Communication,[REDACTED],M | 6:00 PM - 8:45 PM | 14D-Andrew A. Robinson Center Room 1013,Main Campus-UNF,Standard,OPEN,5,15,20,20
85206,MMC,6426,MMC 6426,Qualitative Research Methods in Mass Communication,[REDACTED],M | 6:00 PM - 8:45 PM | 14D-Andrew A. Robinson Center Room 2014,Main Campus-UNF,Standard,OPEN,1,14,15,10
83474,MMC,6730,MMC 6730,Social Media Management,[REDACTED],Online,Distance Learning,Online (DL),FULL - WAITLIST AVAILABLE,0,6,6,5
83078,MSL,1001,MSL 1001,Leadership and Personal Development,[REDACTED],TR | 3:05 PM - 4:20 PM | 9-Fred Schultz Hall Room 1233,Main Campus-UNF,Standard,OPEN,15,25,40,0
83661,MSL,1001L,MSL 1001L,Freshman Leadership Laboratory I,[REDACTED],R | 7:30 AM - 10:30 AM | Off Main Campus Room OFF-MC,Other Off-Campus,Standard,OPEN,17,23,40,0
83079,MSL,2101,MSL 2101,Individual Leadership Studies,[REDACTED],TR | 1:40 PM - 2:55 PM | 9-Fred Schultz Hall Room 1233,Main Campus-UNF,Standard,OPEN,27,13,40,0
83662,MSL,2101L,MSL 2101L,Sophomore Leadership Laboratory I,[REDACTED],R | 7:30 AM - 10:30 AM | Off Main Campus Room OFF-MC,Other Off-Campus,Standard,OPEN,28,12,40,0
83080,MSL,3201,MSL 3201,Adaptive Team Leadership,[REDACTED],TR | 12:15 PM - 1:30 PM | 9-Fred Schultz Hall Room 1233,Main Campus-UNF,Standard,OPEN,6,14,20,5
83663,MSL,3201L,MSL 3201L,Leadership and Problem Solving Laboratory,[REDACTED],R | 7:30 AM - 10:30 AM | Off Main Campus Room OFF-MC,Other Off-Campus,Standard,OPEN,11,14,25,40
83081,MSL,4301,MSL 4301,Adaptive Leadership,[REDACTED],TR | 10:50 AM - 12:05 PM | 9-Fred Schultz Hall Room 1233,Main Campus-UNF,Standard,FULL - WAITLIST AVAILABLE,-15,15,0,24
83664,MSL,4301L,MSL 4301L,Leadership and Management Laboratory,[REDACTED],R | 7:30 AM - 10:30 AM | Off Main Campus Room OFF-MC,Other Off-Campus,Standard,FULL - WAITLIST AVAILABLE,-15,15,0,40
84479,MUE,2040,MUE 2040,Foundations of Music Education,[REDACTED],MW | 11:00 AM - 12:15 PM | 45-Fine Arts Center Room 1404,Main Campus-UNF,Standard,OPEN,18,32,50,40
85919,MUE,2440,MUE 2440,Violin and Viola Techniques and Pedagogy,[REDACTED],MW | 4:30 PM - 5:20 PM | 45-Fine Arts Center Room 1420,Main Campus-UNF,Standard,OPEN,1,9,10,10
82336,MUE,2450,MUE 2450,Clarinet and Saxophone Techniques and Pedagogy,[REDACTED],MW | 9:00 AM - 9:50 AM | 45-Fine Arts Center Room 1420,Main Campus-UNF,Independent,FULL - WAITLIST AVAILABLE,0,10,10,10
85920,MUE,2453,MUE 2453,Flute Techniques and Pedagogy,[REDACTED],M | 10:00 AM - 10:50 AM | 45-Fine Arts Center Room 1420,Main Campus-UNF,Standard,OPEN,8,7,15,15
85578,MUE,2460,MUE 2460,Trumpet and Horn Techniques and Pedagogy,[REDACTED],MW | 1:00 PM - 1:50 PM | 45-Fine Arts Center Room 1420,Main Campus-UNF,Standard,OPEN,2,8,10,10
82993,MUE,4311,MUE 4311,Teaching Elementary Music,[REDACTED],TR | 10:00 AM - 11:50 AM | 45-Fine Arts Center Room 1420,Main Campus-UNF,Standard,OPEN,8,12,20,20
83561,MUE,4940,MUE 4940,Internship in Music Education,[REDACTED],Off Main Campus Room OFF-MC,Off-Campus: Internships,Independent,OPEN,19,1,20,20
86421,MUE,5316,MUE 5316,Teaching Elementary Music Programs,[REDACTED],TR | 10:00 AM - 11:50 AM | 45-Fine Arts Center Room 1420,Main Campus-UNF,Standard,OPEN,9,1,10,10
86371,MUE,5488,MUE 5488,Instrumental Techniques and Pedagogy,[REDACTED],TBA,Main Campus-UNF,Independent,OPEN,4,1,5,5
85965,MUE,6085,MUE 6085,History of Music Education,[REDACTED],W | 6:30 PM - 9:15 PM | 45-Fine Arts Center Room 2405,Main Campus-UNF,Standard,OPEN,3,7,10,10
85580,MUE,6790,MUE 6790,Graduate Capstone in Music Education,[REDACTED],TBA,Main Campus-UNF,Independent,OPEN,4,1,5,5
85964,MUE,6835,MUE 6835,Philosophy of Music Education,[REDACTED],W | 3:30 PM - 6:15 PM | 45-Fine Arts Center Room 2405,Main Campus-UNF,Standard,OPEN,14,6,20,20
82564,MUG,3104,MUG 3104,Basic Conducting,[REDACTED],MW | 12:00 PM - 12:50 PM | 45-Fine Arts Center Room 1420,Main Campus-UNF,Standard,OPEN,2,25,27,27
84481,MUG,4109,MUG 4109,Applied Conducting,[REDACTED],TBA,Main Campus-UNF,Independent,OPEN,4,1,5,5
84482,MUG,4109,MUG 4109,Applied Conducting,[REDACTED],TBA,Main Campus-UNF,Independent,OPEN,4,1,5,5
86003,MUG,4202,MUG 4202,Advanced Choral Conducting,[REDACTED],T | 1:00 PM - 2:40 PM | 45-Fine Arts Center Room 1404,Main Campus-UNF,Standard,OPEN,18,7,25,25
86099,MUG,4302,MUG 4302,Advanced Instrumental Conducting,[REDACTED],TR | 4:30 PM - 6:20 PM | 45-Fine Arts Center Room 1420,Main Campus-UNF,Standard,OPEN,16,4,20,20
85581,MUG,4401,MUG 4401,Score Study and Preparation,[REDACTED],TBA,Main Campus-UNF,Independent,OPEN,3,2,5,5
85582,MUG,6206,MUG 6206,Applied Choral Conducting,[REDACTED],TBA,Main Campus-UNF,Independent,OPEN,1,0,1,0
86494,MUG,6305,MUG 6305,Advanced Instrumental Conducting,[REDACTED],TR | 4:30 PM - 6:20 PM | 45-Fine Arts Center Room 1420,Main Campus-UNF,Standard,OPEN,2,3,5,5
84483,MUG,6306,MUG 6306,Applied Instrumental Conducting,[REDACTED],TBA,Main Campus-UNF,Independent,OPEN,2,3,5,5
86370,MUG,6306,MUG 6306,Applied Instrumental Conducting,[REDACTED],TBA,Main Campus-UNF,Independent,OPEN,4,1,5,5
84931,MUG,6402,MUG 6402,Score Study and Preparation,[REDACTED],TBA,Main Campus-UNF,Independent,OPEN,4,1,5,5
86511,MUG,6402,MUG 6402,Score Study and Preparation,[REDACTED],TBA,Main Campus-UNF,Independent,OPEN,4,1,5,5
86514,MUG,6402,MUG 6402,Score Study and Preparation,[REDACTED],TBA,Main Campus-UNF,Independent,OPEN,4,1,5,5
83574,MUH,2012,MUH 2012,Enjoyment of Music,[REDACTED],Online,Distance Learning,Online (DL),OPEN,79,71,150,150
82160,MUH,2017,MUH 2017,The History and Appreciation of Rock,[REDACTED],Online,Distance Learning,Online (DL),OPEN,133,51,184,184
82326,MUH,2018,MUH 2018,The Evolution of Jazz,[REDACTED],Online,Distance Learning,Online (DL),OPEN,163,37,200,200
82672,MUH,3055,MUH 3055,FC - African American Musical Heritage,[REDACTED],Online,Distance Learning,Online (DL),OPEN,14,96,110,110
82200,MUH,3211,MUH 3211,Music History I,[REDACTED],MWF | 10:00 AM - 10:50 AM | 45-Fine Arts Center Room 2403,Main Campus-UNF,Standard,OPEN,25,35,60,60
83062,MUL,2010,MUL 2010,Introduction to Music Literature,[REDACTED],Online,Distance Learning,Online (DL),FULL - WAITLIST AVAILABLE,0,57,57,40
83104,MUL,2010,MUL 2010,Introduction to Music Literature,[REDACTED],Online,Distance Learning,Online (DL),FULL - WAITLIST AVAILABLE,-2,47,45,40
83267,MUL,2010,MUL 2010,Introduction to Music Literature,[REDACTED],Online,Distance Learning,Online (DL),FULL - WAITLIST AVAILABLE,-1,46,45,40
83345,MUL,2010,MUL 2010,Introduction to Music Literature,[REDACTED],Online,Distance Learning,Online (DL),FULL - WAITLIST AVAILABLE,0,45,45,40
83582,MUL,2010,MUL 2010,Introduction to Music Literature,[REDACTED],T | 9:25 AM - 10:40 AM | 45-Fine Arts Center Room 1200; Online,Hybrid - On Campus/Online,Hybrid,OPEN,1,43,44,40
83584,MUL,2010,MUL 2010,Introduction to Music Literature,[REDACTED],R | 9:25 AM - 10:40 AM | 45-Fine Arts Center Room 1200; Online,Hybrid - On Campus/Online,Hybrid,FULL - WAITLIST AVAILABLE,0,44,44,40
86032,MUL,2010,MUL 2010,Introduction to Music Literature,[REDACTED],Online,Distance Learning,Online (DL),FULL - WAITLIST AVAILABLE,-2,42,40,40
86139,MUL,2010,MUL 2010,Introduction to Music Literature,[REDACTED],W | 12:00 PM - 1:15 PM | 45-Fine Arts Center Room 1200; Online,Hybrid - On Campus/Online,Hybrid,OPEN,1,39,40,40
86258,MUL,2010,MUL 2010,Introduction to Music Literature,[REDACTED],T | 8:00 AM - 9:15 AM | 45-Fine Arts Center Room 1200; Online,Hybrid - On Campus/Online,Hybrid,FULL - WAITLIST AVAILABLE,0,40,40,40
86259,MUL,2010,MUL 2010,Introduction to Music Literature,[REDACTED],Online,Distance Learning,Online (DL),FULL - WAITLIST AVAILABLE,0,40,40,40
86260,MUL,2010,MUL 2010,Introduction to Music Literature,[REDACTED],R | 8:00 AM - 9:15 AM | 45-Fine Arts Center Room 1200; Online,Hybrid - On Campus/Online,Hybrid,FULL - WAITLIST AVAILABLE,0,40,40,40
86454,MUL,6416,MUL 6416,Special Topics in Piano Literature,[REDACTED],TR | 9:25 AM - 10:40 AM | 45-Fine Arts Center Room 1404,Main Campus-UNF,Standard,OPEN,7,3,10,10
86000,MUM,1620,MUM 1620,Audio and Acoustics,[REDACTED],MW | 1:30 PM - 2:45 PM | 45-Fine Arts Center Room 2809,Main Campus-UNF,Standard,OPEN,12,12,24,24
86352,MUM,1630,MUM 1630,Introduction to Digital Audio,[REDACTED],F | 11:00 AM - 11:50 AM | 45-Fine Arts Center Room 2809,Main Campus-UNF,Standard,OPEN,15,10,25,25
85911,MUM,2677,MUM 2677,Sound Reinforcement and Music Production,[REDACTED],R | 1:40 PM - 4:20 PM | 45-Fine Arts Center Room 2809,Main Campus-UNF,Standard,OPEN,18,6,24,24
85912,MUM,2942,MUM 2942,Music Technology Practicum,[REDACTED],F | 11:00 AM - 11:50 AM | 45-Fine Arts Center Room 1415,Main Campus-UNF,Standard,OPEN,11,13,24,24
85913,MUM,4014,MUM 4014,Seminar in Music Technology,[REDACTED],W | 9:00 AM - 10:40 AM | 45-Fine Arts Center Room 2809,Main Campus-UNF,Standard,OPEN,19,5,24,24
85914,MUM,4613,MUM 4613,Music Studio Recording Techniques,[REDACTED],M | 3:30 PM - 6:00 PM | 45-Fine Arts Center Room 2809,Main Campus-UNF,Standard,OPEN,15,9,24,24
85915,MUM,4729,MUM 4729,Electronic Music Production Techniques,[REDACTED],TR | 4:30 PM - 5:45 PM | 45-Fine Arts Center Room 2809,Main Campus-UNF,Standard,OPEN,22,2,24,24
82842,MUN,2120,MUN 2120,Concert Band (Lower),[REDACTED],T | 7:00 PM - 9:00 PM | 45-Fine Arts Center Room 1420,Main Campus-UNF,Standard,OPEN,11,29,40,40
86106,MUN,2120,MUN 2120,Concert Band (Lower),[REDACTED],TBA,Main Campus-UNF,Independent,OPEN,10,5,15,15
82199,MUN,2140,MUN 2140,Wind Symphony,[REDACTED],MW | 2:30 PM - 4:20 PM | 45-Fine Arts Center Room 1420,Main Campus-UNF,Standard,OPEN,11,24,35,35
86505,MUN,2310,MUN 2310,UNF Chorale (Lower),[REDACTED],MWF | 2:30 PM - 4:20 PM | 45-Fine Arts Center Room 1404,Main Campus-UNF,Standard,OPEN,30,10,40,5
86479,MUN,2510,MUN 2510,Collaborative Piano I,[REDACTED],TR | 3:05 PM - 4:20 PM | 45-Fine Arts Center Room 2411,Main Campus-UNF,Standard,OPEN,4,1,5,5
82138,MUN,2710,MUN 2710,Jazz Ensemble-Lower Level,[REDACTED],MW | 12:00 PM - 1:50 PM | 45-Fine Arts Center Room 1415,Main Campus-UNF,Standard,OPEN,7,8,15,15
82885,MUN,2710,MUN 2710,Jazz Ensemble-Lower Level,[REDACTED],TR | 12:15 PM - 2:05 PM | 45-Fine Arts Center Room 1415,Main Campus-UNF,Standard,OPEN,13,2,15,15
82886,MUN,2710,MUN 2710,Jazz Ensemble-Lower Level,[REDACTED],TR | 12:15 PM - 2:05 PM | 45-Fine Arts Center Room 1420,Main Campus-UNF,Independent,OPEN,5,10,15,15
82928,MUN,2710,MUN 2710,Jazz Ensemble-Lower Level,[REDACTED],TBA,Main Campus-UNF,Independent,OPEN,7,3,10,10
82934,MUN,2710,MUN 2710,Jazz Ensemble-Lower Level,[REDACTED],TBA,Main Campus-UNF,Independent,OPEN,8,2,10,10
83190,MUN,2710,MUN 2710,Jazz Ensemble-Lower Level,[REDACTED],TBA,Main Campus-UNF,Independent,OPEN,7,3,10,10
82325,MUN,3103,MUN 3103,Pep Band-Upper Level,[REDACTED],TBA,Main Campus-UNF,Independent,OPEN,26,24,50,50
82887,MUN,3103,MUN 3103,Pep Band-Upper Level,[REDACTED],TBA,Main Campus-UNF,Independent,OPEN,18,32,50,50
85967,MUN,3116,MUN 3116,UNF Drumline,[REDACTED],TBA,Main Campus-UNF,Independent,OPEN,14,1,15,15
82611,MUN,3123,MUN 3123,Concert Band (Upper),[REDACTED],TBA,Main Campus-UNF,Independent,OPEN,13,7,20,20
86098,MUN,3123,MUN 3123,Concert Band (Upper),[REDACTED],T | 7:00 PM - 9:00 PM | 45-Fine Arts Center Room 1420,Main Campus-UNF,Standard,OPEN,21,4,25,25
82178,MUN,3143,MUN 3143,Wind Symphony,[REDACTED],MW | 2:30 PM - 4:20 PM | 45-Fine Arts Center Room 1420,Main Campus-UNF,Standard,OPEN,15,10,25,25
82572,MUN,3143,MUN 3143,Wind Symphony,[REDACTED],TBA,Main Campus-UNF,Independent,OPEN,10,10,20,20
84612,MUN,3313,MUN 3313,UNF Chorale (Upper),[REDACTED],TBA,Main Campus-UNF,Independent,OPEN,9,1,10,10
86067,MUN,3313,MUN 3313,UNF Chorale (Upper),[REDACTED],MWF | 2:30 PM - 4:20 PM | 45-Fine Arts Center Room 1404,Main Campus-UNF,Standard,OPEN,11,14,25,25
82851,MUN,3323,MUN 3323,Osprey Treble Chorus,[REDACTED],MWF | 1:00 PM - 1:50 PM | 45-Fine Arts Center Room 1404,Main Campus-UNF,Standard,OPEN,1,25,26,26
82950,MUN,3323,MUN 3323,Osprey Treble Chorus,[REDACTED],TBA,Main Campus-UNF,Independent,OPEN,6,9,15,15
86071,MUN,3333,MUN 3333,UNF Men&#39;s Chorale,[REDACTED],T | 6:00 PM - 8:00 PM | 45-Fine Arts Center Room 1404,Main Campus-UNF,Standard,OPEN,16,9,25,25
86078,MUN,3333,MUN 3333,UNF Men&#39;s Chorale,[REDACTED],TBA,Main Campus-UNF,Independent,OPEN,23,2,25,25
82749,MUN,3405,MUN 3405,Clarinet Choir,[REDACTED],R | 7:30 PM - 9:00 PM | 45-Fine Arts Center Room 1420,Main Campus-UNF,Standard,OPEN,11,4,15,15
83192,MUN,3411,MUN 3411,String Chamber Ensemble,[REDACTED],TBA,Main Campus-UNF,Independent,OPEN,3,2,5,5
83791,MUN,3411,MUN 3411,String Chamber Ensemble,[REDACTED],TBA,Main Campus-UNF,Independent,OPEN,2,3,5,5
84138,MUN,3411,MUN 3411,String Chamber Ensemble,[REDACTED],TBA,Main Campus-UNF,Independent,OPEN,1,4,5,5
85067,MUN,3411,MUN 3411,String Chamber Ensemble,[REDACTED],TBA,Main Campus-UNF,Independent,OPEN,2,3,5,5
86140,MUN,3411,MUN 3411,String Chamber Ensemble,[REDACTED],TBA,Main Campus-UNF,Independent,OPEN,1,4,5,5
82573,MUN,3413,MUN 3413,Orchestra,[REDACTED],TBA,Main Campus-UNF,Independent,OPEN,3,17,20,20
86085,MUN,3413,MUN 3413,Orchestra,[REDACTED],TR | 2:30 PM - 4:20 PM | 45-Fine Arts Center Room 1420,Main Campus-UNF,Standard,OPEN,9,36,45,30
82347,MUN,3426,MUN 3426,Saxophone Quartet,[REDACTED],TR | 2:30 PM - 3:30 PM | 45-Fine Arts Center Room 1200,Main Campus-UNF,Independent,OPEN,9,1,10,10
83573,MUN,3426,MUN 3426,Saxophone Quartet,[REDACTED],TBA,Main Campus-UNF,Independent,OPEN,7,3,10,10
86101,MUN,3426,MUN 3426,Saxophone Quartet,[REDACTED],TR | 3:40 PM - 4:30 PM | 45-Fine Arts Center Room 1200,Main Campus-UNF,Standard,OPEN,2,2,4,4
86154,MUN,3427,MUN 3427,Flute Ensemble,[REDACTED],M | 5:30 PM - 7:00 PM | 45-Fine Arts Center Room 1420,Main Campus-UNF,Standard,OPEN,9,11,20,20
86407,MUN,3427,MUN 3427,Flute Ensemble,[REDACTED],TBA,Main Campus-UNF,Independent,OPEN,4,6,10,10
85028,MUN,3431,MUN 3431,Brass Chamber Ensemble,[REDACTED],TBA,Main Campus-UNF,Independent,OPEN,8,2,10,10
82348,MUN,3438,MUN 3438,Trumpet Ensemble,[REDACTED],F | 1:00 PM - 2:50 PM | 45-Fine Arts Center Room 1200,Main Campus-UNF,Standard,OPEN,11,1,12,12
85588,MUN,3438,MUN 3438,Trumpet Ensemble,[REDACTED],TBA,Main Campus-UNF,Independent,OPEN,4,1,5,5
82660,MUN,3443,MUN 3443,Percussion Ensemble,[REDACTED],TR | 5:30 PM - 8:30 PM | 45-Fine Arts Center Room 1411,Main Campus-UNF,Standard,OPEN,6,14,20,20
83436,MUN,3453,MUN 3453,Piano Ensemble,[REDACTED],TBA,Main Campus-UNF,Independent,OPEN,3,2,5,5
83577,MUN,3453,MUN 3453,Piano Ensemble,[REDACTED],TR | 6:00 PM - 6:50 PM | 45-Fine Arts Center Room 2411,Main Campus-UNF,Independent,OPEN,4,1,5,5
85589,MUN,3453,MUN 3453,Piano Ensemble,[REDACTED],TBA,Main Campus-UNF,Independent,OPEN,3,2,5,5
86160,MUN,3463,MUN 3463,Mixed Chamber Music Ensemble,[REDACTED],T | 2:30 PM - 4:20 PM | 45-Fine Arts Center Room 1415,Main Campus-UNF,Standard,OPEN,6,9,15,15
86518,MUN,3463,MUN 3463,Mixed Chamber Music Ensemble,[REDACTED],TBA,Main Campus-UNF,Independent,OPEN,4,1,5,5
82041,MUN,3713,MUN 3713,Jazz Ensemble,[REDACTED],MW | 12:00 PM - 1:50 PM | 45-Fine Arts Center Room 1415,Main Campus-UNF,Standard,OPEN,10,5,15,15
82042,MUN,3713,MUN 3713,Jazz Ensemble,[REDACTED],TR | 12:15 PM - 2:05 PM | 45-Fine Arts Center Room 1415,Main Campus-UNF,Standard,OPEN,9,6,15,15
82079,MUN,3713,MUN 3713,Jazz Ensemble,[REDACTED],TR | 12:15 PM - 2:05 PM | 45-Fine Arts Center Room 1420,Main Campus-UNF,Independent,OPEN,7,3,10,10
82751,MUN,3713,MUN 3713,Jazz Ensemble,[REDACTED],TBA,Main Campus-UNF,Independent,OPEN,5,5,10,10
83197,MUN,4462,MUN 4462,String-Piano Sonata Class,[REDACTED],MW | 1:30 PM - 2:20 PM | 45-Fine Arts Center Room 1200,Main Campus-UNF,Independent,OPEN,6,4,10,10
86528,MUN,4462,MUN 4462,String-Piano Sonata Class,[REDACTED],TBA,Main Campus-UNF,Independent,OPEN,4,1,5,5
82043,MUN,4714,MUN 4714,Jazz Combo (Small Group),[REDACTED],MW | 3:00 PM - 3:50 PM | 45-Fine Arts Center Room 1415,Main Campus-UNF,Standard,OPEN,13,2,15,15
82244,MUN,4714,MUN 4714,Jazz Combo (Small Group),[REDACTED],MW | 4:00 PM - 4:50 PM | 45-Fine Arts Center Room 1415,Main Campus-UNF,Standard,OPEN,12,3,15,15
82434,MUN,4714,MUN 4714,Jazz Combo (Small Group),[REDACTED],MW | 5:00 PM - 5:50 PM | 45-Fine Arts Center Room 1415,Main Campus-UNF,Independent,OPEN,10,5,15,15
82797,MUN,4714,MUN 4714,Jazz Combo (Small Group),[REDACTED],MW | 6:00 PM - 6:50 PM | 45-Fine Arts Center Room 1415,Main Campus-UNF,Standard,OPEN,5,5,10,10
83131,MUN,4714,MUN 4714,Jazz Combo (Small Group),[REDACTED],TBA,Main Campus-UNF,Independent,OPEN,9,1,10,10
83249,MUN,4714,MUN 4714,Jazz Combo (Small Group),[REDACTED],TR | 4:30 PM - 5:20 PM | 45-Fine Arts Center Room 1415,Main Campus-UNF,Standard,OPEN,7,3,10,10
83792,MUN,6145,MUN 6145,Wind Symphony,[REDACTED],MW | 2:30 PM - 4:20 PM | 45-Fine Arts Center Room 1420,Main Campus-UNF,Independent,OPEN,7,3,10,10
83793,MUN,6145,MUN 6145,Wind Symphony,[REDACTED],TBA,Main Campus-UNF,Independent,OPEN,9,1,10,10
84126,MUN,6215,MUN 6215,Orchestra,[REDACTED],TBA,Main Campus-UNF,Independent,OPEN,7,3,10,10
86086,MUN,6215,MUN 6215,Orchestra,[REDACTED],TBA,Main Campus-UNF,Independent,OPEN,8,2,10,10
84124,MUN,6445,MUN 6445,Graduate Percussion Ensemble,[REDACTED],TBA,Main Campus-UNF,Independent,OPEN,8,2,10,10
82952,MUN,6465,MUN 6465,Graduate Chamber Music,[REDACTED],TBA,Main Campus-UNF,Independent,OPEN,10,5,15,5
82532,MUN,6715,MUN 6715,Jazz Ensemble,[REDACTED],TR | 12:15 PM - 2:05 PM | 45-Fine Arts Center Room 1415,Main Campus-UNF,Independent,OPEN,4,1,5,5
86484,MUN,6715,MUN 6715,Jazz Ensemble,[REDACTED],TBA,Main Campus-UNF,Independent,OPEN,3,2,5,5
83254,MUN,6716,MUN 6716,Jazz Combo,[REDACTED],TBA,Main Campus-UNF,Independent,OPEN,2,3,5,5
83946,MUO,3401,MUO 3401,Opera Workshop,[REDACTED],MW | 4:30 PM - 5:50 PM | 45-Fine Arts Center Room 1404,Main Campus-UNF,Standard,OPEN,10,10,20,20
82207,MUO,3503,MUO 3503,Opera Ensemble,[REDACTED],TR | 3:00 PM - 5:50 PM | 45-Fine Arts Center Room 1404,Main Campus-UNF,Standard,OPEN,13,12,25,25
86483,MUO,6609,MUO 6609,Opera Mainstage,[REDACTED],TBA,Main Campus-UNF,Independent,OPEN,4,1,5,5
84939,MUO,6655,MUO 6655,Opera Ensemble,[REDACTED],TR | 3:00 PM - 5:50 PM | 45-Fine Arts Center Room 1404,Main Campus-UNF,Independent,OPEN,3,2,5,5
82044,MUS,1010,MUS 1010,Performance Lab - Instrumental,[REDACTED],F | 12:00 PM - 12:50 PM | 45-Fine Arts Center Room 1200,Main Campus-UNF,Independent,FULL - WAITLIST AVAILABLE,0,106,106,100
85957,MUS,1010,MUS 1010,Performance Lab - Jazz,[REDACTED],F | 12:00 PM - 12:50 PM | 45-Fine Arts Center Room 1200,Main Campus-UNF,Standard,FULL - WAITLIST AVAILABLE,0,32,32,37
85958,MUS,1010,MUS 1010,Performance Lab - Vocal,[REDACTED],F | 12:00 PM - 12:50 PM | 45-Fine Arts Center Room 1200,Main Campus-UNF,Standard,FULL - WAITLIST AVAILABLE,0,41,41,38
82208,MUS,1011,MUS 1011,Concert Attendance,[REDACTED],TBA,Main Campus-UNF,Independent,OPEN,58,192,250,20
82651,MUS,2231,MUS 2231,German Diction,[REDACTED],TR | 1:40 PM - 2:30 PM | 45-Fine Arts Center Room 2405,Main Campus-UNF,Standard,OPEN,6,9,15,15
82652,MUS,2241,MUS 2241,Italian Diction,[REDACTED],TR | 12:15 PM - 1:05 PM | 45-Fine Arts Center Room 2405,Main Campus-UNF,Standard,OPEN,4,12,16,15
82674,MUS,3340,MUS 3340,Computer MIDI Score,[REDACTED],MW | 11:00 AM - 11:50 AM | 45-Fine Arts Center Room 2809,Main Campus-UNF,Standard,FULL - WAITLIST AVAILABLE,0,25,25,25
82632,MUS,3930,MUS 3930,ST: Music Tech Internship,[REDACTED],Off Main Campus Room OFF-MC,Off-Campus: Internships,Independent,OPEN,7,3,10,10
84488,MUS,3930,MUS 3930,ST: Cello Choir,[REDACTED],F | 1:00 PM - 2:50 PM | 45-Fine Arts Center Room 1420,Main Campus-UNF,Standard,OPEN,10,5,15,15
86034,MUS,4905,MUS 4905,Directed Individual Studies,[REDACTED],TBA,Main Campus-UNF,Independent,FULL - WAITLIST AVAILABLE,0,1,1,1
86039,MUS,4905,MUS 4905,Directed Individual Studies,[REDACTED],TBA,Main Campus-UNF,Independent,FULL - WAITLIST AVAILABLE,0,1,1,1
86469,MUS,4905,MUS 4905,Directed Individual Studies,[REDACTED],TBA,Main Campus-UNF,Independent,OPEN,1,1,2,2
86471,MUS,4905,MUS 4905,Directed Individual Studies,[REDACTED],TBA,Main Campus-UNF,Independent,FULL - WAITLIST AVAILABLE,0,1,1,1
86480,MUS,4905,MUS 4905,Directed Individual Studies,[REDACTED],TBA,Main Campus-UNF,Independent,FULL - WAITLIST AVAILABLE,0,1,1,1
86502,MUS,4905,MUS 4905,Directed Individual Studies,[REDACTED],TBA,Main Campus-UNF,Independent,FULL - WAITLIST AVAILABLE,0,2,2,1
82203,MUS,4970,MUS 4970,Senior Recital,[REDACTED],TBA,Main Campus-UNF,Independent,OPEN,45,5,50,50
82533,MUS,5711,MUS 5711,Bibliography,[REDACTED],M | 4:30 PM - 7:15 PM | 45-Fine Arts Center Room 2610,Main Campus-UNF,Standard,OPEN,2,13,15,15
86452,MUS,6901,MUS 6901,Directed Individual Studies,[REDACTED],TBA,Main Campus-UNF,Independent,OPEN,4,1,5,5
86498,MUS,6901,MUS 6901,Directed Individual Studies,[REDACTED],TBA,Main Campus-UNF,Independent,OPEN,1,1,2,1
86513,MUS,6901,MUS 6901,Directed Individual Studies,[REDACTED],TBA,Main Campus-UNF,Independent,FULL - WAITLIST AVAILABLE,0,1,1,1
86515,MUS,6901,MUS 6901,Directed Individual Studies,[REDACTED],TBA,Main Campus-UNF,Independent,FULL - WAITLIST AVAILABLE,0,1,1,1
84489,MUS,6960,MUS 6960,Comprehensive Oral Examination,[REDACTED],TBA,Main Campus-UNF,Independent,OPEN,2,3,5,5
82221,MUT,1111,MUT 1111,Theory I,[REDACTED],TR | 9:25 AM - 10:40 AM | 45-Fine Arts Center Room 2403,Main Campus-UNF,Standard,FULL - WAITLIST AVAILABLE,-1,61,60,60
82045,MUT,1241,MUT 1241,Aural Theory I,[REDACTED],TR | 10:50 AM - 11:40 AM | 45-Fine Arts Center Room 2405,Main Campus-UNF,Standard,FULL - WAITLIST AVAILABLE,0,20,20,20
82466,MUT,1241,MUT 1241,Aural Theory I,[REDACTED],MW | 9:00 AM - 9:50 AM | 45-Fine Arts Center Room 2405,Main Campus-UNF,Standard,OPEN,1,19,20,20
82504,MUT,1241,MUT 1241,Aural Theory I,[REDACTED],MW | 10:00 AM - 10:50 AM | 45-Fine Arts Center Room 2405,Main Campus-UNF,Standard,FULL - WAITLIST AVAILABLE,0,20,20,20
82643,MUT,1361,MUT 1361,Jazz Fundamentals I,[REDACTED],MWF | 10:00 AM - 10:50 AM | 45-Fine Arts Center Room 1415,Main Campus-UNF,Independent,OPEN,21,4,25,25
82046,MUT,2116,MUT 2116,Theory III,[REDACTED],TR | 10:50 AM - 12:05 PM | 45-Fine Arts Center Room 2403,Main Campus-UNF,Standard,OPEN,18,42,60,60
82047,MUT,2246,MUT 2246,Aural Theory III,[REDACTED],TR | 9:25 AM - 10:15 AM | 45-Fine Arts Center Room 2405,Main Campus-UNF,Standard,FULL - WAITLIST AVAILABLE,0,20,20,20
82515,MUT,2246,MUT 2246,Aural Theory III,[REDACTED],MW | 11:00 AM - 11:50 AM | 45-Fine Arts Center Room 2405,Main Campus-UNF,Standard,OPEN,4,16,20,20
82612,MUT,2246,MUT 2246,Aural Theory III,[REDACTED],MW | 12:00 PM - 12:50 PM | 45-Fine Arts Center Room 2405,Main Campus-UNF,Standard,OPEN,11,9,20,20
82048,MUT,2641,MUT 2641,Jazz Improvisation I,[REDACTED],MW | 9:00 AM - 9:50 AM | 45-Fine Arts Center Room 1415,Main Campus-UNF,Standard,OPEN,31,7,38,38
83208,MUT,3611,MUT 3611,Form and Analysis,[REDACTED],MWF | 9:00 AM - 9:50 AM | 45-Fine Arts Center Room 2403,Main Campus-UNF,Standard,OPEN,33,27,60,60
82049,MUT,3643,MUT 3643,Jazz Improvisation III,[REDACTED],MW | 11:00 AM - 11:50 AM | 45-Fine Arts Center Room 1415,Main Campus-UNF,Standard,OPEN,13,7,20,20
82050,MUT,4365,MUT 4365,Jazz Arranging I,[REDACTED],TR | 9:25 AM - 10:40 AM | 45-Fine Arts Center Room 1415,Main Campus-UNF,Standard,OPEN,15,10,25,25
86029,MUT,4564,MUT 4564,Nineteenth-Century Chromatic Harmony,[REDACTED],MWF | 11:00 AM - 11:50 AM | 45-Fine Arts Center Room 2403,Main Campus-UNF,Standard,OPEN,17,13,30,30
82445,MUT,4650,MUT 4650,Composition and Improvisation,[REDACTED],MW | 10:00 AM - 10:50 AM | 45-Fine Arts Center Room 1404,Main Campus-UNF,Standard,OPEN,8,12,20,12
82929,MUT,4663,MUT 4663,Jazz Styles and Analysis I,[REDACTED],TR | 8:25 AM - 9:15 AM | 45-Fine Arts Center Room 1415,Main Campus-UNF,Standard,OPEN,22,8,30,30
86164,MUT,5566,MUT 5566,Nineteenth-Century Chromatic Harmony,[REDACTED],MWF | 11:00 AM - 11:50 AM | 45-Fine Arts Center Room 2403,Main Campus-UNF,Standard,OPEN,7,3,10,10
85593,MUT,5666,MUT 5666,Jazz Styles and Analysis I,[REDACTED],TBA,Main Campus-UNF,Independent,OPEN,27,3,30,30
83562,MVB,1311,MVB 1311,Applied Trumpet,[REDACTED],TBA,Main Campus-UNF,Independent,OPEN,1,4,5,5
83794,MVB,1311,MVB 1311,Applied Trumpet,[REDACTED],TBA,Main Campus-UNF,Independent,OPEN,1,1,2,2
84491,MVB,1312,MVB 1312,Applied French Horn I,[REDACTED],TBA,Main Campus-UNF,Independent,OPEN,3,2,5,5
84492,MVB,1313,MVB 1313,Applied Trombone,[REDACTED],TBA,Main Campus-UNF,Independent,FULL - WAITLIST AVAILABLE,0,7,7,5
82675,MVB,1314,MVB 1314,Applied Euphonium,[REDACTED],TBA,Main Campus-UNF,Independent,OPEN,4,1,5,5
83193,MVB,2321,MVB 2321,Applied Trumpet,[REDACTED],TBA,Main Campus-UNF,Independent,OPEN,3,2,5,5
86141,MVB,2321,MVB 2321,Applied Trumpet,[REDACTED],TBA,Main Campus-UNF,Independent,OPEN,4,1,5,5
85598,MVB,2323,MVB 2323,Applied Trombone,[REDACTED],TBA,Main Campus-UNF,Independent,OPEN,2,3,5,5
83346,MVB,2324,MVB 2324,Applied Euphonium,[REDACTED],TBA,Main Campus-UNF,Independent,OPEN,4,1,5,5
83400,MVB,3331,MVB 3331,Applied Trumpet,[REDACTED],TBA,Main Campus-UNF,Independent,OPEN,1,1,2,5
84494,MVB,3331,MVB 3331,Applied Trumpet,[REDACTED],TBA,Main Campus-UNF,Independent,OPEN,9,1,10,10
86081,MVB,3331,MVB 3331,Applied Trumpet,[REDACTED],TBA,Main Campus-UNF,Independent,OPEN,1,1,2,2
85602,MVB,3334,MVB 3334,Applied Euphonium,[REDACTED],TBA,Main Campus-UNF,Independent,OPEN,4,1,5,5
83194,MVB,3335,MVB 3335,Applied Tuba,[REDACTED],TBA,Main Campus-UNF,Independent,OPEN,4,1,5,5
83563,MVB,4341,MVB 4341,Applied Trumpet,[REDACTED],TBA,Main Campus-UNF,Independent,OPEN,3,2,5,5
83797,MVB,4341,MVB 4341,Applied Trumpet,[REDACTED],TBA,Main Campus-UNF,Independent,FULL - WAITLIST AVAILABLE,0,2,2,2
84495,MVB,4341,MVB 4341,Applied Trumpet,[REDACTED],TBA,Main Campus-UNF,Independent,OPEN,4,1,5,5
83798,MVB,4640,MVB 4640,Brass Pedagogy,[REDACTED],TBA,Main Campus-UNF,Independent,OPEN,4,1,5,5
86470,MVB,4640,MVB 4640,Brass Pedagogy,[REDACTED],TBA,Main Campus-UNF,Independent,OPEN,3,2,5,5
86517,MVB,6451,MVB 6451,Applied Trumpet,[REDACTED],TBA,Main Campus-UNF,Independent,FULL - WAITLIST AVAILABLE,0,1,1,1
83432,MVJ,1010,MVJ 1010,Jazz Piano I,[REDACTED],TR | 7:30 PM - 8:20 PM | 45-Fine Arts Center Room 2411,Main Campus-UNF,Standard,OPEN,2,10,12,12
82634,MVJ,1016,MVJ 1016,Applied Jazz Saxophone I,[REDACTED],TBA,Main Campus-UNF,Independent,OPEN,8,2,10,10
82888,MVJ,1016,MVJ 1016,Applied Jazz Saxophone I,[REDACTED],TBA,Main Campus-UNF,Independent,OPEN,4,1,5,5
86351,MVJ,1016,MVJ 1016,Applied Jazz Saxophone I,[REDACTED],TBA,Main Campus-UNF,Independent,OPEN,2,3,5,5
83799,MVJ,1018,MVJ 1018,Applied Jazz Trombone I,[REDACTED],TBA,Main Campus-UNF,Independent,FULL - WAITLIST AVAILABLE,0,1,1,4
82889,MVJ,1318,MVJ 1318,Applied Jazz Bass I,[REDACTED],TBA,Main Campus-UNF,Independent,OPEN,4,3,7,7
82613,MVJ,1319,MVJ 1319,Applied Set Drums,[REDACTED],TBA,Main Campus-UNF,Independent,OPEN,3,2,5,5
84498,MVJ,1319,MVJ 1319,Applied Set Drums,[REDACTED],TBA,Main Campus-UNF,Independent,OPEN,3,2,5,5
85606,MVJ,2228,MVJ 2228,Applied Jazz Trombone II,[REDACTED],TBA,Main Campus-UNF,Independent,FULL - WAITLIST AVAILABLE,0,1,1,2
82229,MVJ,2326,MVJ 2326,Applied Jazz Saxophone II,[REDACTED],TBA,Main Campus-UNF,Independent,OPEN,6,1,7,7
83347,MVJ,2328,MVJ 2328,Applied Jazz Bass II,[REDACTED],TBA,Main Campus-UNF,Independent,OPEN,3,2,5,5
83348,MVJ,2329,MVJ 2329,Applied Set Drums,[REDACTED],TBA,Main Campus-UNF,Independent,OPEN,4,1,5,5
83564,MVJ,3338,MVJ 3338,Applied Jazz Bass III,[REDACTED],TBA,Main Campus-UNF,Independent,OPEN,4,1,5,5
83349,MVJ,3339,MVJ 3339,Applied Set Drums,[REDACTED],TBA,Main Campus-UNF,Independent,OPEN,4,1,5,5
82516,MVJ,3436,MVJ 3436,Applied Jazz Saxophone III,[REDACTED],TBA,Main Campus-UNF,Independent,FULL - WAITLIST AVAILABLE,0,5,5,5
85608,MVJ,3436,MVJ 3436,Applied Jazz Saxophone III,[REDACTED],TBA,Main Campus-UNF,Independent,OPEN,4,1,5,5
82230,MVJ,4346,MVJ 4346,Applied Jazz Saxophone IV,[REDACTED],TBA,Main Campus-UNF,Independent,OPEN,2,3,5,5
83801,MVJ,4348,MVJ 4348,Applied Jazz Bass IV,[REDACTED],TBA,Main Campus-UNF,Independent,OPEN,3,2,5,5
83565,MVJ,4349,MVJ 4349,Applied Set Drums,[REDACTED],TBA,Main Campus-UNF,Independent,OPEN,4,1,5,5
84125,MVJ,6450,MVJ 6450,Applied Jazz Piano,[REDACTED],TBA,Main Campus-UNF,Independent,OPEN,4,1,5,5
86468,MVJ,6453,MVJ 6453,Applied Guitar,[REDACTED],TBA,Main Campus-UNF,Independent,OPEN,4,1,5,5
84107,MVJ,6456,MVJ 6456,Applied Jazz Saxophone,[REDACTED],TBA,Main Campus-UNF,Independent,OPEN,3,2,5,5
86486,MVJ,6457,MVJ 6457,Applied Jazz Trumpet,[REDACTED],TBA,Main Campus-UNF,Independent,OPEN,4,1,5,5
82517,MVK,1111,MVK 1111,Class Piano I,[REDACTED],MWF | 9:00 AM - 9:50 AM | 45-Fine Arts Center Room 2411,Main Campus-UNF,Independent,OPEN,2,10,12,12
82518,MVK,1111,MVK 1111,Class Piano I,[REDACTED],MWF | 10:00 AM - 10:50 AM | 45-Fine Arts Center Room 2411,Main Campus-UNF,Independent,OPEN,2,10,12,12
82576,MVK,1111,MVK 1111,Class Piano I,[REDACTED],MWF | 11:00 AM - 11:50 AM | 45-Fine Arts Center Room 2411,Main Campus-UNF,Standard,OPEN,1,11,12,12
83693,MVK,1111,MVK 1111,Class Piano I,[REDACTED],MWF | 1:30 PM - 2:20 PM | 45-Fine Arts Center Room 2411,Main Campus-UNF,Standard,OPEN,2,10,12,12
85030,MVK,1111,MVK 1111,Class Piano I,[REDACTED],MWF | 8:00 AM - 8:50 AM | 45-Fine Arts Center Room 2411,Main Campus-UNF,Independent,OPEN,5,7,12,12
82614,MVK,1311,MVK 1311,Applied Piano,[REDACTED],TBA,Main Campus-UNF,Independent,OPEN,8,2,10,10
82679,MVK,1311,MVK 1311,Applied Piano,[REDACTED],TBA,Main Campus-UNF,Independent,OPEN,4,3,7,7
84139,MVK,1311,MVK 1311,Applied Piano,[REDACTED],TBA,Main Campus-UNF,Independent,OPEN,3,2,5,5
85059,MVK,1311,MVK 1311,Applied Piano,[REDACTED],TBA,Main Campus-UNF,Independent,OPEN,1,1,2,2
82360,MVK,2121,MVK 2121,Class Piano III,[REDACTED],MW | 12:00 PM - 1:15 PM | 45-Fine Arts Center Room 2411,Main Campus-UNF,Independent,OPEN,3,9,12,12
82519,MVK,2121,MVK 2121,Class Piano III,[REDACTED],TR | 12:15 PM - 1:30 PM | 45-Fine Arts Center Room 2411,Main Campus-UNF,Independent,FULL - WAITLIST AVAILABLE,0,12,12,12
82577,MVK,2121,MVK 2121,Class Piano III,[REDACTED],TR | 1:40 PM - 2:55 PM | 45-Fine Arts Center Room 2411,Main Campus-UNF,Independent,OPEN,6,6,12,12
83214,MVK,2121,MVK 2121,Class Piano III,[REDACTED],TR | 4:30 PM - 5:45 PM | 45-Fine Arts Center Room 2411,Main Campus-UNF,Independent,OPEN,1,11,12,12
84501,MVK,2321,MVK 2321,Applied Piano,[REDACTED],TBA,Main Campus-UNF,Independent,OPEN,4,1,5,5
84503,MVK,2321,MVK 2321,Applied Piano,[REDACTED],TBA,Main Campus-UNF,Independent,OPEN,3,2,5,5
86438,MVK,2321,MVK 2321,Applied Piano,[REDACTED],TBA,Main Campus-UNF,Independent,OPEN,4,1,5,5
83351,MVK,2750,MVK 2750,Piano Studio Class,[REDACTED],M | 2:30 PM - 4:20 PM | 45-Fine Arts Center Room 1200,Main Campus-UNF,Standard,OPEN,8,2,10,10
85612,MVK,3331,MVK 3331,Applied Piano,[REDACTED],TBA,Main Campus-UNF,Independent,OPEN,3,2,5,5
85613,MVK,3331,MVK 3331,Applied Piano,[REDACTED],TBA,Main Campus-UNF,Independent,OPEN,4,1,5,5
85614,MVK,3331,MVK 3331,Applied Piano,[REDACTED],TBA,Main Campus-UNF,Independent,OPEN,4,1,5,5
84505,MVK,3702,MVK 3702,Choral Accompanying,[REDACTED],T | 9:00 AM - 9:50 AM | 45-Fine Arts Center Room 2411,Main Campus-UNF,Standard,OPEN,5,5,10,10
83127,MVK,4241,MVK 4241,Piano Elective,[REDACTED],TBA,Main Campus-UNF,Independent,OPEN,1,4,5,5
83566,MVK,4241,MVK 4241,Piano Elective,[REDACTED],TBA,Main Campus-UNF,Independent,OPEN,4,1,5,5
84137,MVK,4241,MVK 4241,Piano Elective,[REDACTED],TBA,Main Campus-UNF,Independent,OPEN,3,2,5,5
86501,MVK,4241,MVK 4241,Piano Elective,[REDACTED],TBA,Main Campus-UNF,Independent,OPEN,2,3,5,5
84506,MVK,4341,MVK 4341,Applied Piano,[REDACTED],TBA,Main Campus-UNF,Independent,OPEN,3,2,5,5
86443,MVK,5607,MVK 5607,Pedagogy of Group Piano,[REDACTED],TBA,Main Campus-UNF,Independent,OPEN,2,3,5,5
83576,MVK,6451,MVK 6451,Applied Piano,[REDACTED],TBA,Main Campus-UNF,Independent,OPEN,4,1,5,5
84507,MVK,6451,MVK 6451,Applied Piano,[REDACTED],TBA,Main Campus-UNF,Independent,OPEN,2,3,5,5
86444,MVK,6451,MVK 6451,Applied Piano,[REDACTED],TBA,Main Campus-UNF,Independent,OPEN,1,4,5,5
82680,MVP,1311,MVP 1311,Applied Percussion,[REDACTED],TBA,Main Campus-UNF,Independent,OPEN,5,2,7,7
83203,MVP,2321,MVP 2321,Applied Percussion,[REDACTED],TBA,Main Campus-UNF,Independent,OPEN,4,1,5,5
85966,MVP,2321,MVP 2321,Applied Percussion,[REDACTED],TBA,Main Campus-UNF,Independent,OPEN,4,1,5,5
85003,MVP,3331,MVP 3331,Applied Percussion,[REDACTED],TBA,Main Campus-UNF,Independent,OPEN,2,3,5,5
85617,MVP,3331,MVP 3331,Applied Percussion,[REDACTED],TBA,Main Campus-UNF,Independent,OPEN,4,1,5,5
85618,MVP,3331,MVP 3331,Applied Percussion,[REDACTED],TBA,Main Campus-UNF,Independent,OPEN,2,3,5,5
83206,MVP,3334,MVP 3334,Applied Orchestral Percussion,[REDACTED],TBA,Main Campus-UNF,Independent,OPEN,5,1,6,5
83205,MVP,4341,MVP 4341,Applied Percussion,[REDACTED],TBA,Main Campus-UNF,Independent,OPEN,6,4,10,10
84509,MVP,4344,MVP 4344,Applied Orchestral Percussion,[REDACTED],TBA,Main Campus-UNF,Independent,OPEN,4,1,5,5
85620,MVP,4640,MVP 4640,Percussion Pedagogy,[REDACTED],TBA,Main Campus-UNF,Independent,OPEN,3,7,10,10
83802,MVP,6451,MVP 6451,Applied Percussion,[REDACTED],TBA,Main Campus-UNF,Independent,OPEN,9,1,10,10
85621,MVP,6451,MVP 6451,Applied Percussion,[REDACTED],TBA,Main Campus-UNF,Independent,OPEN,9,1,10,10
85622,MVP,6650,MVP 6650,Percussion Pedagogy,[REDACTED],TBA,Main Campus-UNF,Independent,OPEN,8,2,10,10
84510,MVS,1314,MVS 1314,Applied String Bass,[REDACTED],TBA,Main Campus-UNF,Independent,FULL - WAITLIST AVAILABLE,0,2,2,2
84511,MVS,1316,MVS 1316,Applied Guitar,[REDACTED],TBA,Main Campus-UNF,Independent,OPEN,8,5,13,13
83352,MVS,1411,MVS 1411,Applied Violin I,[REDACTED],TBA,Main Campus-UNF,Independent,OPEN,8,2,10,10
85623,MVS,1411,MVS 1411,Applied Violin I,[REDACTED],TBA,Main Campus-UNF,Independent,OPEN,3,1,4,4
85624,MVS,1411,MVS 1411,Applied Violin I,[REDACTED],TBA,Main Campus-UNF,Independent,OPEN,9,1,10,10
85625,MVS,1412,MVS 1412,Applied Viola I,[REDACTED],TBA,Main Campus-UNF,Independent,OPEN,4,1,5,5
85626,MVS,1412,MVS 1412,Applied Viola I,[REDACTED],TBA,Main Campus-UNF,Independent,OPEN,4,1,5,5
83568,MVS,2326,MVS 2326,Applied Guitar,[REDACTED],TBA,Main Campus-UNF,Independent,OPEN,3,2,5,5
83569,MVS,2421,MVS 2421,Applied Violin II,[REDACTED],TBA,Main Campus-UNF,Independent,OPEN,3,2,5,5
85631,MVS,2421,MVS 2421,Applied Violin II,[REDACTED],TBA,Main Campus-UNF,Independent,OPEN,4,1,5,5
85634,MVS,2423,MVS 2423,Applied Violoncello II,[REDACTED],TBA,Main Campus-UNF,Independent,OPEN,1,4,5,5
82497,MVS,2703,MVS 2703,Cello Class,[REDACTED],W | 2:30 PM - 4:45 PM | 45-Fine Arts Center Room 1200,Main Campus-UNF,Standard,OPEN,16,9,25,25
83804,MVS,3336,MVS 3336,Applied Guitar,[REDACTED],TBA,Main Campus-UNF,Independent,OPEN,4,1,5,5
84514,MVS,3431,MVS 3431,Applied Violin III,[REDACTED],TBA,Main Campus-UNF,Independent,OPEN,4,1,5,5
85041,MVS,3431,MVS 3431,Applied Violin III,[REDACTED],TBA,Main Campus-UNF,Independent,OPEN,4,1,5,5
83805,MVS,3433,MVS 3433,Applied Violoncello III,[REDACTED],TBA,Main Campus-UNF,Independent,OPEN,4,1,5,5
83806,MVS,3630,MVS 3630,Cello and Bass Pedagogy,[REDACTED],TBA,Main Campus-UNF,Independent,OPEN,6,4,10,10
86031,MVS,3640,MVS 3640,Violin and Viola Pedagogy,[REDACTED],TR | 4:30 PM - 5:45 PM | 45-Fine Arts Center Room 2405,Main Campus-UNF,Standard,OPEN,7,3,10,10
83807,MVS,4346,MVS 4346,Applied Guitar,[REDACTED],TBA,Main Campus-UNF,Independent,OPEN,4,1,5,5
85638,MVS,4441,MVS 4441,Applied Violin IV,[REDACTED],TBA,Main Campus-UNF,Independent,OPEN,3,2,5,5
85639,MVS,4441,MVS 4441,Applied Violin IV,[REDACTED],TBA,Main Campus-UNF,Independent,OPEN,4,1,5,5
85642,MVS,4442,MVS 4442,Applied Viola IV,[REDACTED],TBA,Main Campus-UNF,Independent,OPEN,4,1,5,5
83570,MVS,4443,MVS 4443,Applied Violoncello IV,[REDACTED],TBA,Main Campus-UNF,Independent,OPEN,1,4,5,5
83808,MVS,4544,MVS 4544,Cello Orchestra Repertory,[REDACTED],TBA,Main Campus-UNF,Independent,OPEN,6,4,10,10
86369,MVS,6452,MVS 6452,Applied Viola,[REDACTED],TBA,Main Campus-UNF,Independent,OPEN,4,1,5,5
84654,MVS,6453,MVS 6453,Applied Cello,[REDACTED],TBA,Main Campus-UNF,Independent,OPEN,3,2,5,5
84660,MVS,6553,MVS 6553,Cello Orchestra Repertory,[REDACTED],TBA,Main Campus-UNF,Independent,OPEN,4,1,5,5
86485,MVS,6654,MVS 6654,Advanced Cello and Bass Pedagogy,[REDACTED],TBA,Main Campus-UNF,Independent,OPEN,3,2,5,5
86516,MVS,6976,MVS 6976,Graduate String Recital,[REDACTED],TBA,Main Campus-UNF,Independent,OPEN,4,1,5,5
82503,MVV,1311,MVV 1311,Applied Voice,[REDACTED],TBA,Main Campus-UNF,Independent,OPEN,9,1,10,10
82737,MVV,1311,MVV 1311,Applied Voice,[REDACTED],TBA,Main Campus-UNF,Independent,OPEN,8,2,10,10
83809,MVV,1311,MVV 1311,Applied Voice,[REDACTED],TBA,Main Campus-UNF,Independent,OPEN,2,3,5,5
84518,MVV,1311,MVV 1311,Applied Voice,[REDACTED],TBA,Main Campus-UNF,Independent,OPEN,1,6,7,5
82473,MVV,2321,MVV 2321,Applied Voice,[REDACTED],TBA,Main Campus-UNF,Independent,OPEN,9,1,10,10
82520,MVV,2321,MVV 2321,Applied Voice,[REDACTED],TBA,Main Campus-UNF,Independent,OPEN,9,1,10,10
82738,MVV,2321,MVV 2321,Applied Voice,[REDACTED],TBA,Main Campus-UNF,Independent,OPEN,9,1,10,10
84894,MVV,2321,MVV 2321,Applied Voice,[REDACTED],TBA,Main Campus-UNF,Independent,FULL - WAITLIST AVAILABLE,0,5,5,5
85643,MVV,2321,MVV 2321,Applied Voice,[REDACTED],TBA,Main Campus-UNF,Independent,OPEN,9,1,10,10
84519,MVV,3331,MVV 3331,Applied Voice,[REDACTED],TBA,Main Campus-UNF,Independent,OPEN,8,2,10,10
84520,MVV,3331,MVV 3331,Applied Voice,[REDACTED],TBA,Main Campus-UNF,Independent,OPEN,6,4,10,10
84895,MVV,3331,MVV 3331,Applied Voice,[REDACTED],TBA,Main Campus-UNF,Independent,OPEN,3,2,5,5
86033,MVV,3331,MVV 3331,Applied Voice,[REDACTED],TBA,Main Campus-UNF,Independent,FULL - WAITLIST AVAILABLE,-1,4,3,2
82521,MVV,4341,MVV 4341,Applied Voice,[REDACTED],TBA,Main Campus-UNF,Independent,OPEN,6,4,10,10
82739,MVV,4341,MVV 4341,Applied Voice,[REDACTED],TBA,Main Campus-UNF,Independent,OPEN,6,4,10,10
83354,MVV,4341,MVV 4341,Applied Voice,[REDACTED],TBA,Main Campus-UNF,Independent,OPEN,5,5,10,10
85647,MVV,4341,MVV 4341,Applied Voice,[REDACTED],TBA,Main Campus-UNF,Independent,OPEN,8,2,10,10
85650,MVV,4341,MVV 4341,Applied Voice,[REDACTED],TBA,Main Campus-UNF,Independent,OPEN,9,1,10,10
85918,MVV,4640,MVV 4640,Vocal Pedagogy,[REDACTED],MW | 5:00 PM - 6:30 PM | 45-Fine Arts Center Room 1200,Main Campus-UNF,Standard,OPEN,13,12,25,25
85651,MVV,4971,MVV 4971,Senior Voice Recital,[REDACTED],TBA,Main Campus-UNF,Independent,OPEN,7,3,10,10
84521,MVV,6451,MVV 6451,Applied Voice,[REDACTED],TBA,Main Campus-UNF,Independent,OPEN,4,1,5,5
85652,MVV,6451,MVV 6451,Applied Voice,[REDACTED],TBA,Main Campus-UNF,Independent,OPEN,4,1,5,5
85653,MVV,6451,MVV 6451,Applied Voice,[REDACTED],TBA,Main Campus-UNF,Independent,OPEN,4,1,5,5
85656,MVV,6651,MVV 6651,Vocal Pedagogy,[REDACTED],TBA,Main Campus-UNF,Independent,OPEN,3,2,5,5
86453,MVV,6976,MVV 6976,Graduate Voice Recital,[REDACTED],TBA,Main Campus-UNF,Independent,OPEN,4,1,5,5
82890,MVW,1211,MVW 1211,Secondary Flute I,[REDACTED],TBA,Main Campus-UNF,Independent,OPEN,4,1,5,5
82891,MVW,1311,MVW 1311,Applied Flute I,[REDACTED],TBA,Main Campus-UNF,Independent,FULL - WAITLIST AVAILABLE,0,6,6,5
84522,MVW,1312,MVW 1312,Applied Oboe I,[REDACTED],TBA,Main Campus-UNF,Independent,OPEN,3,2,5,5
83811,MVW,1313,MVW 1313,Applied Clarinet I,[REDACTED],TBA,Main Campus-UNF,Independent,OPEN,3,2,5,5
84523,MVW,1314,MVW 1314,Applied Bassoon I,[REDACTED],TBA,Main Campus-UNF,Independent,OPEN,3,2,5,5
86109,MVW,1315,MVW 1315,Applied Saxophone,[REDACTED],TBA,Main Campus-UNF,Independent,OPEN,2,3,5,5
83583,MVW,2221,MVW 2221,Secondary Flute II,[REDACTED],TBA,Main Campus-UNF,Independent,OPEN,4,1,5,5
83812,MVW,2223,MVW 2223,Secondary Clarinet II,[REDACTED],TBA,Main Campus-UNF,Independent,OPEN,3,1,4,4
82522,MVW,2321,MVW 2321,Applied Flute II,[REDACTED],TBA,Main Campus-UNF,Independent,FULL - WAITLIST AVAILABLE,0,5,5,5
86065,MVW,2322,MVW 2322,Applied Oboe II,[REDACTED],TBA,Main Campus-UNF,Independent,OPEN,4,1,5,5
84524,MVW,2323,MVW 2323,Applied Clarinet II,[REDACTED],TBA,Main Campus-UNF,Independent,OPEN,4,1,5,5
83813,MVW,2325,MVW 2325,Applied Saxophone,[REDACTED],TBA,Main Campus-UNF,Independent,OPEN,3,2,5,5
84525,MVW,3231,MVW 3231,Secondary Flute III,[REDACTED],TBA,Main Campus-UNF,Independent,OPEN,4,1,5,5
86467,MVW,3233,MVW 3233,Secondary Clarinet III,[REDACTED],TBA,Main Campus-UNF,Independent,OPEN,3,2,5,5
86523,MVW,3332,MVW 3332,Applied Oboe III,[REDACTED],TBA,Main Campus-UNF,Independent,OPEN,1,1,2,2
82659,MVW,3333,MVW 3333,Applied Clarinet III,[REDACTED],TBA,Main Campus-UNF,Independent,OPEN,4,1,5,5
83815,MVW,4243,MVW 4243,Secondary Clarinet IV,[REDACTED],TBA,Main Campus-UNF,Independent,OPEN,4,1,5,5
83571,MVW,4341,MVW 4341,Applied Flute IV,[REDACTED],TBA,Main Campus-UNF,Independent,OPEN,4,1,5,5
83572,MVW,4344,MVW 4344,Applied Bassoon,[REDACTED],TBA,Main Campus-UNF,Independent,OPEN,4,1,5,5
82682,MVW,4345,MVW 4345,Applied Saxophone,[REDACTED],TBA,Main Campus-UNF,Independent,OPEN,2,3,5,5
83621,MVW,4640,MVW 4640,Woodwind Pedagogy,[REDACTED],TBA,Main Campus-UNF,Independent,OPEN,3,2,5,5
86524,MVW,4640,MVW 4640,Woodwind Pedagogy,[REDACTED],TBA,Main Campus-UNF,Independent,OPEN,4,1,5,5
86497,MVW,6455,MVW 6455,Applied Saxophone,[REDACTED],TBA,Main Campus-UNF,Independent,OPEN,4,1,5,5
83651,NGR,5003C,NGR 5003C,Health Assessment and Diagnostics,[REDACTED],W | 9:00 AM - 11:40 AM | Off Main Campus Room OFF-MC; W | 1:00 PM - 3:00 PM | Off Main Campus Room OFF-MC; Off Main Campus Room OFF-MC,UNF-Deerwood Campus,Independent,OPEN,3,5,8,0
85952,NGR,5003C,NGR 5003C,Health Assessment and Diagnostics,[REDACTED],W | 9:00 AM - 11:40 AM | Off Main Campus Room OFF-MC; W | 1:00 PM - 3:00 PM | Off Main Campus Room OFF-MC; Off Main Campus Room OFF-MC,UNF-Deerwood Campus,Independent,FULL,0,9,9,0
86119,NGR,5003C,NGR 5003C,Health Assessment and Diagnostics,[REDACTED],W | 9:00 AM - 11:40 AM | Off Main Campus Room OFF-MC; W | 1:00 PM - 3:00 PM | Off Main Campus Room OFF-MC; Off Main Campus Room OFF-MC,UNF-Deerwood Campus,Independent,OPEN,2,7,9,0
86130,NGR,5003C,NGR 5003C,Health Assessment and Diagnostics,[REDACTED],W | 1:00 PM - 3:40 PM | Off Main Campus Room OFF-MC; W | 4:00 PM - 6:00 PM | Off Main Campus Room OFF-MC; Off Main Campus Room OFF-MC,UNF-Deerwood Campus,Independent,FULL,0,8,8,0
86131,NGR,5003C,NGR 5003C,Health Assessment and Diagnostics,[REDACTED],W | 1:00 PM - 3:40 PM | Off Main Campus Room OFF-MC; W | 4:00 PM - 6:00 PM | Off Main Campus Room OFF-MC; Off Main Campus Room OFF-MC,UNF-Deerwood Campus,Independent,OPEN,1,7,8,0
86132,NGR,5003C,NGR 5003C,Health Assessment and Diagnostics,[REDACTED],W | 1:00 PM - 3:40 PM | Off Main Campus Room OFF-MC; W | 4:00 PM - 6:00 PM | Off Main Campus Room OFF-MC; Off Main Campus Room OFF-MC,UNF-Deerwood Campus,Independent,OPEN,3,6,9,0
82636,NGR,5141,NGR 5141,Advanced Pathophysiology,[REDACTED],Online,Distance Learning,Online (DL),OPEN,3,22,25,0
86010,NGR,5141,NGR 5141,Advanced Pathophysiology,[REDACTED],Online,Distance Learning,Online (DL),OPEN,6,19,25,0
83233,NGR,5172,NGR 5172,Pharmacotherapeutic(FNP/PMHNP),[REDACTED],Online,Distance Learning,Online (DL),OPEN,3,22,25,0
83681,NGR,5172,NGR 5172,Pharmacotherapeutics (NAP),[REDACTED],R | 12:15 PM - 4:00 PM | 39A-J. Brooks Brown Hall Addit Room 1028,Main Campus-UNF,Standard,OPEN,1,34,35,5
86011,NGR,5172,NGR 5172,Pharmacotherapeutic(FNP/PMHNP),[REDACTED],Online,Distance Learning,Online (DL),OPEN,9,16,25,0
84369,NGR,6192,NGR 6192,Promoting Innovation in Nursing Practice,[REDACTED],Online,Distance Learning,Online (DL),OPEN,11,14,25,0
83680,NGR,6400,NGR 6400,Chemistry and Physics of Anesthesiology Nursing I,[REDACTED],R | 9:25 AM - 11:30 AM | 39A-J. Brooks Brown Hall Addit Room 1028,Main Campus-UNF,Standard,OPEN,2,34,36,5
82280,NGR,6405,NGR 6405,Advanced Bioscience for Anesthesiology Nursing II,[REDACTED],F | 9:00 AM - 12:15 PM | 39A-J. Brooks Brown Hall Addit Room 1030,Main Campus-UNF,Standard,OPEN,2,29,31,5
82278,NGR,6421,NGR 6421,Principles of Anesthesiology Nursing I,[REDACTED],F | 8:00 AM - 10:50 AM | 39A-J. Brooks Brown Hall Addit Room 1028,Main Campus-UNF,Standard,OPEN,1,34,35,5
82281,NGR,6431L,NGR 6431L,Anesthesiology Nursing Practicum I,[REDACTED],Off Main Campus Room OFF-MC,Off-Campus: Internships,Independent,FULL - WAITLIST AVAILABLE,0,7,7,5
82282,NGR,6431L,NGR 6431L,Anesthesiology Nursing Practicum I,[REDACTED],Off Main Campus Room OFF-MC,Off-Campus: Internships,Independent,FULL - WAITLIST AVAILABLE,0,7,7,9
82407,NGR,6431L,NGR 6431L,Anesthesiology Nursing Practicum I,[REDACTED],Off Main Campus Room OFF-MC,Off-Campus: Internships,Independent,FULL - WAITLIST AVAILABLE,0,7,7,9
84187,NGR,6431L,NGR 6431L,Anesthesiology Nursing Practicum I,[REDACTED],Off Main Campus Room OFF-MC,Off-Campus: Internships,Independent,FULL - WAITLIST AVAILABLE,0,7,7,9
86012,NGR,6431L,NGR 6431L,Anesthesiology Nursing Practicum I,[REDACTED],Off Main Campus Room OFF-MC,Off-Campus: Internships,Independent,OPEN,1,6,7,0
82283,NGR,6434L,NGR 6434L,Anesthesiology Nursing Practicum IV,[REDACTED],Off Main Campus Room OFF-MC,Off-Campus: Internships,Independent,FULL,0,8,8,0
82284,NGR,6434L,NGR 6434L,Anesthesiology Nursing Practicum IV,[REDACTED],Off Main Campus Room OFF-MC,Off-Campus: Internships,Independent,FULL,0,8,8,0
82554,NGR,6434L,NGR 6434L,Anesthesiology Nursing Practicum IV,[REDACTED],Off Main Campus Room OFF-MC,Off-Campus: Internships,Independent,OPEN,1,7,8,0
84402,NGR,6434L,NGR 6434L,Anesthesiology Nursing Practicum IV,[REDACTED],Off Main Campus Room OFF-MC,Off-Campus: Internships,Independent,OPEN,1,6,7,0
83679,NGR,6460,NGR 6460,Pharmacology of Anesthesiology Nursing I,[REDACTED],R | 8:00 AM - 9:15 AM | 39A-J. Brooks Brown Hall Addit Room 1028,Main Campus-UNF,Standard,OPEN,1,34,35,5
82279,NGR,6491,NGR 6491,Advanced Anesthesiology Nursing Seminar,[REDACTED],F | 1:00 PM - 6:00 PM | 39A-J. Brooks Brown Hall Addit Room 1030,Main Campus-UNF,Standard,FULL - WAITLIST AVAILABLE,0,24,24,10
83404,NGR,6492,NGR 6492,Professional Aspects of Anesthesiology Nursing,[REDACTED],F | 11:00 AM - 1:50 PM | 39A-J. Brooks Brown Hall Addit Room 1028,Main Campus-UNF,Standard,OPEN,1,34,35,10
83370,NGR,6493,NGR 6493,Technology in Anesthesiology Nursing,[REDACTED],F | 2:00 PM - 5:50 PM | 39A-J. Brooks Brown Hall Addit Room 1028,Main Campus-UNF,Standard,OPEN,1,34,35,0
83476,NGR,6533,NGR 6533,Advanced Practice in Mental Health Nursing II: Diagnostic Reasoning and Management of Adults,[REDACTED],Online,Distance Learning,Online (DL),OPEN,3,6,9,0
85954,NGR,6533L,NGR 6533L,Advanced Practice in Mental Health Nursing Clinical Experience II: Adults,[REDACTED],Off Main Campus Room OFF-MC,Off-Campus: Internships,Online (DL),FULL,0,6,6,0
86194,NGR,6536L,NGR 6536L,Advanced Practice in Mental Health Nursing Clinical Experience V: Practicum,[REDACTED],Off Main Campus,Off-Campus: Internships,Independent,FULL,0,1,1,0
82152,NGR,6603C,NGR 6603C,Diagnosis and Management of Chronic Conditions of Adults and Children in Primary Care,[REDACTED],R | 2:00 PM - 5:40 PM | 39A-J. Brooks Brown Hall Addit Room 1034; Off Main Campus Room OFF-MC,Off-Campus: Internships,Independent,FULL,0,7,7,0
83342,NGR,6603C,NGR 6603C,Diagnosis and Management of Chronic Conditions of Adults and Children in Primary Care,[REDACTED],R | 2:00 PM - 5:40 PM | 39A-J. Brooks Brown Hall Addit Room 1034; Off Main Campus Room OFF-MC,Off-Campus: Internships,Independent,FULL,0,7,7,0
83343,NGR,6603C,NGR 6603C,Diagnosis and Management of Chronic Conditions of Adults and Children in Primary Care,[REDACTED],R | 2:00 PM - 5:40 PM | 39A-J. Brooks Brown Hall Addit Room 1034; Off Main Campus Room OFF-MC,Off-Campus: Internships,Independent,FULL,0,7,7,0
85953,NGR,6603C,NGR 6603C,Diagnosis and Management of Chronic Conditions of Adults and Children in Primary Care,[REDACTED],R | 2:00 PM - 5:40 PM | 39A-J. Brooks Brown Hall Addit Room 1034; Off Main Campus Room OFF-MC,Off-Campus: Internships,Independent,OPEN,3,4,7,0
84368,NGR,6662,NGR 6662,Equitable Management of Diverse Populations,[REDACTED],Online,Distance Learning,Online (DL),OPEN,11,15,26,0
82719,NGR,6673,NGR 6673,Principles of Epidemiology for Advanced Practice,[REDACTED],Online,Distance Learning,Online (DL),OPEN,1,30,31,0
84371,NGR,6721C,NGR 6721C,Human Resource Management and Development,[REDACTED],Online; Off Main Campus Room OFF-MC,Distance Learning,Online (DL),OPEN,4,20,24,0
85290,NGR,6726,NGR 6726,Quality Mgt for ANP (DNPO),[REDACTED],Online,Online Program,Online (DL),OPEN,2,8,10,0
85118,NGR,6735C,NGR 6735C,Residency and Seminar in Nursing Management and Leadership,[REDACTED],Online; Off Main Campus Room OFF-MC,Distance Learning,Independent,OPEN,2,7,9,0
82744,NGR,6740,NGR 6740,Role Dev Adv Prac (FNP/PMHNP),[REDACTED],Online,Distance Learning,Online (DL),OPEN,4,21,25,0
83613,NGR,6740,NGR 6740,Role Dev in Adv Prac Nsg(DNPO),[REDACTED],Online,Online Program,Online (DL),OPEN,4,11,15,0
86013,NGR,6740,NGR 6740,Role Dev Adv Prac (FNP/PMHNP),[REDACTED],Online,Distance Learning,Online (DL),OPEN,7,18,25,0
85567,NGR,6991,NGR 6991,Exp: Nur Leadership/Org Behavi,[REDACTED],Online,Distance Learning,Online (DL),OPEN,2,17,19,0
85474,NGR,7154,NGR 7154,Advanced Bioscience,[REDACTED],Online,Online Program,Online (DL),OPEN,1,4,5,0
82555,NGR,7179,NGR 7179,Advanced Pharmacological Management,[REDACTED],Online,Distance Learning,Online (DL),FULL,0,11,11,0
83152,NGR,7767,NGR 7767,Practice Mgmt (FNP/PMHNP),[REDACTED],Online,Distance Learning,Online (DL),FULL,0,30,30,0
83501,NGR,7767,NGR 7767,Practice Management (DNPO),[REDACTED],Online,Online Program,Online (DL),OPEN,6,10,16,0
85556,NGR,7843,NGR 7843,Stat Interp for Adv Prac (DCN),[REDACTED],Online,Distance Learning,Online (DL),OPEN,7,8,15,5
82666,NGR,7850,NGR 7850,Evidence Based Pract I (DNPO),[REDACTED],Online,Online Program,Online (DL),OPEN,1,4,5,0
85116,NGR,7850,NGR 7850,Evidence Based Pract I (DNPO),[REDACTED],Online,Online Program,Online (DL),OPEN,2,7,9,0
82668,NGR,7851,NGR 7851,Evidence Based Prac II (DNPO),[REDACTED],Online,Online Program,Online (DL),FULL,0,5,5,0
82776,NGR,7851,NGR 7851,Evidence Based Prac II (NAP),[REDACTED],Online,Distance Learning,Online (DL),OPEN,2,29,31,0
82667,NGR,7946,NGR 7946,Residency in ANP (FNP),[REDACTED],Off Main Campus Room OFF-MC,Off-Campus: Internships,Independent,OPEN,2,5,7,0
82669,NGR,7946,NGR 7946,Residency in ANP (FNP),[REDACTED],Off Main Campus Room OFF-MC,Off-Campus: Internships,Independent,OPEN,2,5,7,0
82700,NGR,7946,NGR 7946,Residency in ANP (FNP),[REDACTED],Off Main Campus Room OFF-MC,Off-Campus: Internships,Independent,OPEN,1,5,6,0
82720,NGR,7946,NGR 7946,Residency in ANP (FNP),[REDACTED],Off Main Campus Room OFF-MC,Off-Campus: Internships,Independent,FULL,0,8,8,0
82733,NGR,7946,NGR 7946,Residency in ANP (DNPO),[REDACTED],Off Main Campus Room OFF-MC,Online Program,Online (DL),OPEN,2,9,11,0
83788,NGR,7946,NGR 7946,Residency in ANP (FNP),[REDACTED],Off Main Campus Room OFF-MC,Off-Campus: Internships,Independent,FULL,0,2,2,0
83789,NGR,7946,NGR 7946,Residency in ANP (NAP),[REDACTED],Off Main Campus Room OFF-MC,Off-Campus: Internships,Independent,FULL,0,8,8,0
84193,NGR,7946,NGR 7946,Residency in ANP (NAP),[REDACTED],Off Main Campus Room OFF-MC,Off-Campus: Internships,Independent,FULL,0,8,8,0
85115,NGR,7946,NGR 7946,Residency in ANP (NAP),[REDACTED],Off Main Campus Room OFF-MC,Off-Campus: Internships,Independent,FULL,0,8,8,0
83154,NGR,7974,NGR 7974,Doctoral Project (NAP),[REDACTED],Online,Distance Learning,Online (DL),FULL,0,24,24,0
83741,NGR,7974,NGR 7974,Doctoral Project (DNPO),[REDACTED],Online,Online Program,Online (DL),OPEN,2,7,9,0
84044,NGR,7974,NGR 7974,Doctoral Project (FNP),[REDACTED],Online,Distance Learning,Online (DL),FULL,0,23,23,0
86254,NGR,7974,NGR 7974,Doctoral Project (PMHNP),[REDACTED],Online,Distance Learning,Independent,FULL,0,1,1,0
86310,NGR,7974,NGR 7974,Doctoral Project,[REDACTED],Online,Online Program,Independent,FULL,0,1,1,0
83378,NUR,1010,NUR 1010,Intro to Nursing (BSN-FAN),[REDACTED],W | 12:00 PM - 2:45 PM | 15-John E. Mathews Room 1304,Main Campus-UNF,Standard,OPEN,4,63,67,0
84354,NUR,3028,NUR 3028,Foundations of Nursing Practice,[REDACTED],M | 8:00 AM - 10:45 AM | 39A-J. Brooks Brown Hall Addit Room 1030,Main Campus-UNF,Standard,OPEN,2,37,39,0
84355,NUR,3028,NUR 3028,Foundations of Nursing Practice,[REDACTED],M | 8:00 AM - 10:45 AM | 39A-J. Brooks Brown Hall Addit Room 1034,Main Campus-UNF,Standard,OPEN,3,36,39,0
84356,NUR,3028,NUR 3028,Foundations of Nursing Practice,[REDACTED],M | 12:00 PM - 2:45 PM | 39-J. Brooks Brown Hall Room 2006,Main Campus-UNF,Standard,OPEN,2,37,39,0
84357,NUR,3028L,NUR 3028L,Foundations of Nursing Practice Lab,[REDACTED],Off Main Campus Room OFF-MC,UNF-Deerwood Campus,Standard,OPEN,3,17,20,0
84358,NUR,3028L,NUR 3028L,Foundations of Nursing Practice Lab,[REDACTED],Off Main Campus Room OFF-MC,UNF-Deerwood Campus,Standard,OPEN,4,16,20,0
84744,NUR,3028L,NUR 3028L,Foundations of Nursing Practice Lab,[REDACTED],Off Main Campus Room OFF-MC,UNF-Deerwood Campus,Standard,OPEN,3,17,20,0
84745,NUR,3028L,NUR 3028L,Foundations of Nursing Practice Lab,[REDACTED],Off Main Campus Room OFF-MC,UNF-Deerwood Campus,Standard,OPEN,5,15,20,0
85120,NUR,3028L,NUR 3028L,Foundations of Nursing Practice Lab,[REDACTED],Off Main Campus Room OFF-MC,UNF-Deerwood Campus,Standard,OPEN,1,19,20,0
85121,NUR,3028L,NUR 3028L,Foundations of Nursing Practice Lab,[REDACTED],Off Main Campus Room OFF-MC,UNF-Deerwood Campus,Standard,OPEN,2,18,20,0
84349,NUR,3065,NUR 3065,"Health Assessment, Wellness, and Health Promotion Across the Lifespan",[REDACTED],W | 8:00 AM - 10:45 AM | 39A-J. Brooks Brown Hall Addit Room 1030,Main Campus-UNF,Standard,OPEN,2,37,39,0
84350,NUR,3065,NUR 3065,"Health Assessment, Wellness, and Health Promotion Across the Lifespan",[REDACTED],W | 8:00 AM - 10:45 AM | 39A-J. Brooks Brown Hall Addit Room 1034,Main Campus-UNF,Standard,OPEN,2,37,39,0
84351,NUR,3065,NUR 3065,"Health Assessment, Wellness, and Health Promotion Across the Lifespan",[REDACTED],W | 12:00 PM - 2:45 PM | 39-J. Brooks Brown Hall Room 2006,Main Campus-UNF,Standard,OPEN,3,36,39,0
84374,NUR,3065,NUR 3065,Health Assess Wellness(RN-BSN),[REDACTED],Online,Distance Learning,Online (DL),OPEN,1,6,7,0
84352,NUR,3065L,NUR 3065L,"Health Assessment, Wellness, and Health Promotion Across the Lifespan Lab",[REDACTED],Off Main Campus Room OFF-MC,UNF-Deerwood Campus,Standard,OPEN,3,17,20,0
84353,NUR,3065L,NUR 3065L,"Health Assessment, Wellness, and Health Promotion Across the Lifespan Lab",[REDACTED],Off Main Campus Room OFF-MC,UNF-Deerwood Campus,Standard,OPEN,3,17,20,0
84746,NUR,3065L,NUR 3065L,"Health Assessment, Wellness, and Health Promotion Across the Lifespan Lab",[REDACTED],Off Main Campus Room OFF-MC,UNF-Deerwood Campus,Standard,OPEN,5,15,20,0
84747,NUR,3065L,NUR 3065L,"Health Assessment, Wellness, and Health Promotion Across the Lifespan Lab",[REDACTED],Off Main Campus Room OFF-MC,UNF-Deerwood Campus,Standard,OPEN,2,18,20,0
85122,NUR,3065L,NUR 3065L,"Health Assessment, Wellness, and Health Promotion Across the Lifespan Lab",[REDACTED],Off Main Campus Room OFF-MC,UNF-Deerwood Campus,Standard,OPEN,2,18,20,0
85123,NUR,3065L,NUR 3065L,"Health Assessment, Wellness, and Health Promotion Across the Lifespan Lab",[REDACTED],Off Main Campus Room OFF-MC,UNF-Deerwood Campus,Standard,OPEN,1,19,20,0
82670,NUR,3082,NUR 3082,Persp in Chronicity (RN-BSN),[REDACTED],Online,Distance Learning,Online (DL),OPEN,1,23,24,0
84152,NUR,3082L,NUR 3082L,Persp in Chroncty:Prac(RN-BSN),[REDACTED],Online,Distance Learning,Online (DL),OPEN,1,24,25,0
84364,NUR,3090L,NUR 3090L,Integrated Simulation Lab I,[REDACTED],Off Main Campus Room OFF-MC,UNF-Deerwood Campus,Standard,OPEN,1,19,20,0
84365,NUR,3090L,NUR 3090L,Integrated Simulation Lab I,[REDACTED],Off Main Campus Room OFF-MC,UNF-Deerwood Campus,Standard,OPEN,2,18,20,0
84366,NUR,3090L,NUR 3090L,Integrated Simulation Lab I,[REDACTED],Off Main Campus Room OFF-MC,UNF-Deerwood Campus,Standard,OPEN,3,17,20,0
85124,NUR,3090L,NUR 3090L,Integrated Simulation Lab I,[REDACTED],Off Main Campus Room OFF-MC,UNF-Deerwood Campus,Standard,OPEN,3,17,20,0
85125,NUR,3090L,NUR 3090L,Integrated Simulation Lab I,[REDACTED],Off Main Campus Room OFF-MC,UNF-Deerwood Campus,Standard,OPEN,3,17,20,0
85126,NUR,3090L,NUR 3090L,Integrated Simulation Lab I,[REDACTED],Off Main Campus Room OFF-MC,UNF-Deerwood Campus,Standard,OPEN,5,15,20,0
85127,NUR,3091L,NUR 3091L,Integrated Simulation Lab II,[REDACTED],Off Main Campus Room OFF-MC,UNF-Deerwood Campus,Standard,OPEN,3,16,19,0
85128,NUR,3091L,NUR 3091L,Integrated Simulation Lab II,[REDACTED],Off Main Campus Room OFF-MC,UNF-Deerwood Campus,Standard,OPEN,2,17,19,0
85129,NUR,3091L,NUR 3091L,Integrated Simulation Lab II,[REDACTED],Off Main Campus Room OFF-MC,UNF-Deerwood Campus,Standard,OPEN,2,17,19,0
85130,NUR,3091L,NUR 3091L,Integrated Simulation Lab II,[REDACTED],Off Main Campus Room OFF-MC,UNF-Deerwood Campus,Standard,OPEN,5,14,19,0
85131,NUR,3091L,NUR 3091L,Integrated Simulation Lab II,[REDACTED],Off Main Campus Room OFF-MC,UNF-Deerwood Campus,Standard,OPEN,3,15,18,0
85132,NUR,3091L,NUR 3091L,Integrated Simulation Lab II,[REDACTED],Off Main Campus Room OFF-MC,UNF-Deerwood Campus,Standard,OPEN,2,16,18,0
85133,NUR,3096L,NUR 3096L,Integrated Simulation Lab III,[REDACTED],Off Main Campus Room OFF-MC,UNF-Deerwood Campus,Standard,OPEN,2,19,21,0
85134,NUR,3096L,NUR 3096L,Integrated Simulation Lab III,[REDACTED],Off Main Campus Room OFF-MC,UNF-Deerwood Campus,Standard,OPEN,6,14,20,0
85135,NUR,3096L,NUR 3096L,Integrated Simulation Lab III,[REDACTED],Off Main Campus Room OFF-MC,UNF-Deerwood Campus,Standard,OPEN,1,19,20,0
85136,NUR,3096L,NUR 3096L,Integrated Simulation Lab III,[REDACTED],Off Main Campus Room OFF-MC,UNF-Deerwood Campus,Standard,OPEN,4,16,20,0
85137,NUR,3096L,NUR 3096L,Integrated Simulation Lab III,[REDACTED],Off Main Campus Room OFF-MC,UNF-Deerwood Campus,Standard,OPEN,5,15,20,0
85138,NUR,3096L,NUR 3096L,Integrated Simulation Lab III,[REDACTED],Off Main Campus Room OFF-MC,UNF-Deerwood Campus,Standard,OPEN,4,16,20,0
84359,NUR,3118L,NUR 3118L,Foundations of Nursing Practice Clinical,[REDACTED],Off Main Campus Room OFF-MC,Off-Campus: Internships,Independent,OPEN,7,32,39,0
84360,NUR,3118L,NUR 3118L,Foundations of Nursing Practice Clinical,[REDACTED],Off Main Campus Room OFF-MC,Off-Campus: Internships,Independent,OPEN,2,37,39,0
84361,NUR,3118L,NUR 3118L,Foundations of Nursing Practice Clinical,[REDACTED],Off Main Campus Room OFF-MC,Off-Campus: Internships,Independent,OPEN,6,33,39,0
85322,NUR,3166,NUR 3166,Intro to Nursing Sci (RN-BSN),[REDACTED],Online,Distance Learning,Online (DL),OPEN,1,4,5,0
85139,NUR,3167,NUR 3167,Introduction to Research and Evidence-based Practice,[REDACTED],F | 1:00 PM - 2:40 PM | 39-J. Brooks Brown Hall Room 4002A; F | 1:00 PM - 2:40 PM | 39-J. Brooks Brown Hall Room 4002A; F | 1:00 PM - 2:40 PM | 39-J. Brooks Brown Hall Room 4002A; F | 1:00 PM - 2:40 PM | 39-J. Brooks Brown Hall Room 4002A; F | 1:00 PM - 2:40 PM | 39-J. Brooks Brown Hall Room 4002A; F | 1:00 PM - 2:40 PM | 39-J. Brooks Brown Hall Room 4002A; F | 1:00 PM - 2:40 PM | 39-J. Brooks Brown Hall Room 4002A; F | 1:00 PM - 2:40 PM | 39-J. Brooks Brown Hall Room 4002A; Online,Main Campus-UNF,Standard,OPEN,5,32,37,0
85140,NUR,3167,NUR 3167,Introduction to Research and Evidence-based Practice,[REDACTED],F | 1:00 PM - 2:40 PM | 39-J. Brooks Brown Hall Room 2006; F | 1:00 PM - 2:40 PM | 39-J. Brooks Brown Hall Room 2006; F | 1:00 PM - 2:40 PM | 39-J. Brooks Brown Hall Room 2006; F | 1:00 PM - 2:40 PM | 39-J. Brooks Brown Hall Room 2006; F | 1:00 PM - 2:40 PM | 39-J. Brooks Brown Hall Room 2006; F | 1:00 PM - 2:40 PM | 39-J. Brooks Brown Hall Room 2006; F | 1:00 PM - 2:40 PM | 39-J. Brooks Brown Hall Room 2006; F | 1:00 PM - 2:40 PM | 39-J. Brooks Brown Hall Room 2006; Online,Main Campus-UNF,Standard,OPEN,5,32,37,0
85141,NUR,3167,NUR 3167,Introduction to Research and Evidence-based Practice,[REDACTED],F | 9:00 AM - 10:40 AM | 39-J. Brooks Brown Hall Room 4002A; F | 9:00 AM - 10:40 AM | 39-J. Brooks Brown Hall Room 4002A; F | 9:00 AM - 10:40 AM | 39-J. Brooks Brown Hall Room 4002A; F | 9:00 AM - 10:40 AM | 39-J. Brooks Brown Hall Room 4002A; F | 9:00 AM - 10:40 AM | 39-J. Brooks Brown Hall Room 4002A; F | 9:00 AM - 10:40 AM | 39-J. Brooks Brown Hall Room 4002A; F | 9:00 AM - 10:40 AM | 39-J. Brooks Brown Hall Room 4002A; F | 9:00 AM - 10:40 AM | 39-J. Brooks Brown Hall Room 4002A; Online,Main Campus-UNF,Standard,OPEN,5,31,36,0
85142,NUR,3196,NUR 3196,Pathopharmacology I,[REDACTED],M | 8:00 AM - 9:40 AM | 39-J. Brooks Brown Hall Room 4002A,Main Campus-UNF,Standard,OPEN,5,32,37,0
85143,NUR,3196,NUR 3196,Pathopharmacology I,[REDACTED],M | 8:00 AM - 9:40 AM | 39-J. Brooks Brown Hall Room 1002A,Main Campus-UNF,Standard,OPEN,3,34,37,0
85144,NUR,3196,NUR 3196,Pathopharmacology I,[REDACTED],M | 12:00 PM - 1:40 PM | 39-J. Brooks Brown Hall Room 4002A,Main Campus-UNF,Standard,OPEN,5,31,36,0
85145,NUR,3198,NUR 3198,Pathopharmacology II,[REDACTED],T | 8:00 AM - 9:40 AM | 39A-J. Brooks Brown Hall Addit Room 1028,Main Campus-UNF,Standard,OPEN,11,31,42,0
85146,NUR,3198,NUR 3198,Pathopharmacology II,[REDACTED],T | 8:00 AM - 9:40 AM | 39-J. Brooks Brown Hall Room 1026A,Main Campus-UNF,Standard,OPEN,7,38,45,0
85147,NUR,3198,NUR 3198,Pathopharmacology II,[REDACTED],T | 12:15 PM - 1:55 PM | 39-J. Brooks Brown Hall Room 1026A,Main Campus-UNF,Standard,OPEN,11,31,42,0
85148,NUR,3215,NUR 3215,Adult Health I Concepts,[REDACTED],F | 7:55 AM - 11:30 AM | 39A-J. Brooks Brown Hall Addit Room 1034,Main Campus-UNF,Standard,FULL,0,37,37,0
85149,NUR,3215,NUR 3215,Adult Health I Concepts,[REDACTED],F | 7:55 AM - 11:30 AM | 39-J. Brooks Brown Hall Room 2006,Main Campus-UNF,Standard,OPEN,1,36,37,0
85150,NUR,3215,NUR 3215,Adult Health I Concepts,[REDACTED],F | 12:15 PM - 3:50 PM | 39A-J. Brooks Brown Hall Addit Room 1034,Main Campus-UNF,Standard,OPEN,1,35,36,0
85151,NUR,3215L,NUR 3215L,Adult Health I Clinical,[REDACTED],Off Main Campus Room OFF-MC,Off-Campus: Internships,Independent,OPEN,5,32,37,0
85152,NUR,3215L,NUR 3215L,Adult Health I Clinical,[REDACTED],Off Main Campus Room OFF-MC,Off-Campus: Internships,Independent,OPEN,3,34,37,0
85153,NUR,3215L,NUR 3215L,Adult Health I Clinical,[REDACTED],Off Main Campus Room OFF-MC,Off-Campus: Internships,Independent,OPEN,5,31,36,0
85156,NUR,3226,NUR 3226,Adult Health II Concepts,[REDACTED],F | 12:15 PM - 3:50 PM | 39-J. Brooks Brown Hall Room 1026A,Main Campus-UNF,Standard,OPEN,11,31,42,0
86163,NUR,3226,NUR 3226,Adult Health II Concepts,[REDACTED],F | 7:55 AM - 11:30 AM | 59-Biological Sciences Room 1701,Main Campus-UNF,Standard,OPEN,15,70,85,0
85157,NUR,3226L,NUR 3226L,Adult Health II Clinical,[REDACTED],Off Main Campus Room OFF-MC,Off-Campus: Internships,Independent,OPEN,10,32,42,0
85158,NUR,3226L,NUR 3226L,Adult Health II Clinical,[REDACTED],Off Main Campus Room OFF-MC,Off-Campus: Internships,Independent,OPEN,7,38,45,0
85159,NUR,3226L,NUR 3226L,Adult Health II Clinical,[REDACTED],Off Main Campus Room OFF-MC,Off-Campus: Internships,Independent,OPEN,11,31,42,0
85160,NUR,3531,NUR 3531,Psychiatric/Mental Health Nursing Concepts,[REDACTED],M | 12:00 PM - 1:40 PM | 4-Skinner-Jones Hall Room 1702,Main Campus-UNF,Standard,OPEN,5,32,37,0
85161,NUR,3531,NUR 3531,Psychiatric/Mental Health Nursing Concepts,[REDACTED],M | 12:00 PM - 1:40 PM | 39-J. Brooks Brown Hall Room 1002A,Main Campus-UNF,Standard,OPEN,5,32,37,0
85162,NUR,3531,NUR 3531,Psychiatric/Mental Health Nursing Concepts,[REDACTED],M | 8:00 AM - 9:40 AM | 39-J. Brooks Brown Hall Room 1026A,Main Campus-UNF,Standard,OPEN,5,31,36,0
85163,NUR,3531L,NUR 3531L,Psychiatric/Mental Health Nursing Clinical,[REDACTED],Off Main Campus Room OFF-MC,Off-Campus: Internships,Independent,OPEN,5,32,37,0
85164,NUR,3531L,NUR 3531L,Psychiatric/Mental Health Nursing Clinical,[REDACTED],Off Main Campus Room OFF-MC,Off-Campus: Internships,Independent,OPEN,5,32,37,0
85165,NUR,3531L,NUR 3531L,Psychiatric/Mental Health Nursing Clinical,[REDACTED],Off Main Campus Room OFF-MC,Off-Campus: Internships,Independent,OPEN,5,31,36,0
85166,NUR,3678,NUR 3678,Nursing Care of Vulnerable Populations,[REDACTED],F | 1:00 PM - 2:40 PM | 39-J. Brooks Brown Hall Room 4002A; F | 1:00 PM - 2:40 PM | 39-J. Brooks Brown Hall Room 4002A; F | 1:00 PM - 2:40 PM | 39-J. Brooks Brown Hall Room 4002A; F | 1:00 PM - 2:40 PM | 39-J. Brooks Brown Hall Room 4002A; F | 1:00 PM - 2:40 PM | 39-J. Brooks Brown Hall Room 4002A; F | 1:00 PM - 2:40 PM | 39-J. Brooks Brown Hall Room 4002A; F | 1:00 PM - 2:40 PM | 39-J. Brooks Brown Hall Room 4002A; F | 1:00 PM - 2:40 PM | 39-J. Brooks Brown Hall Room 4002A; Online,Main Campus-UNF,Standard,OPEN,5,32,37,0
85167,NUR,3678,NUR 3678,Nursing Care of Vulnerable Populations,[REDACTED],F | 1:00 PM - 2:40 PM | 39-J. Brooks Brown Hall Room 2006; F | 1:00 PM - 2:40 PM | 39-J. Brooks Brown Hall Room 2006; F | 1:00 PM - 2:40 PM | 39-J. Brooks Brown Hall Room 2006; F | 1:00 PM - 2:40 PM | 39-J. Brooks Brown Hall Room 2006; F | 1:00 PM - 2:40 PM | 39-J. Brooks Brown Hall Room 2006; F | 1:00 PM - 2:40 PM | 39-J. Brooks Brown Hall Room 2006; F | 1:00 PM - 2:40 PM | 39-J. Brooks Brown Hall Room 2006; F | 1:00 PM - 2:40 PM | 39-J. Brooks Brown Hall Room 2006; Online,Main Campus-UNF,Standard,OPEN,5,32,37,0
85168,NUR,3678,NUR 3678,Nursing Care of Vulnerable Populations,[REDACTED],F | 9:00 AM - 10:40 AM | 39-J. Brooks Brown Hall Room 4002A; F | 9:00 AM - 10:40 AM | 39-J. Brooks Brown Hall Room 4002A; F | 9:00 AM - 10:40 AM | 39-J. Brooks Brown Hall Room 4002A; F | 9:00 AM - 10:40 AM | 39-J. Brooks Brown Hall Room 4002A; F | 9:00 AM - 10:40 AM | 39-J. Brooks Brown Hall Room 4002A; F | 9:00 AM - 10:40 AM | 39-J. Brooks Brown Hall Room 4002A; F | 9:00 AM - 10:40 AM | 39-J. Brooks Brown Hall Room 4002A; F | 9:00 AM - 10:40 AM | 39-J. Brooks Brown Hall Room 4002A; Online,Main Campus-UNF,Standard,OPEN,5,31,36,0
84362,NUR,3684,NUR 3684,Introduction to Population Health,[REDACTED],W | 12:00 PM - 1:40 PM | 39A-J. Brooks Brown Hall Addit Room 1030,Main Campus-UNF,Standard,OPEN,5,34,39,0
84363,NUR,3684,NUR 3684,Introduction to Population Health,[REDACTED],W | 12:00 PM - 1:40 PM | 39A-J. Brooks Brown Hall Addit Room 1034,Main Campus-UNF,Standard,OPEN,2,37,39,0
85169,NUR,3684,NUR 3684,Introduction to Population Health,[REDACTED],W | 8:00 AM - 9:40 AM | 39-J. Brooks Brown Hall Room 2006,Main Campus-UNF,Standard,OPEN,7,32,39,0
84184,NUR,3816,NUR 3816,Professional Nursing Concepts,[REDACTED],M | 12:00 PM - 2:45 PM | 39A-J. Brooks Brown Hall Addit Room 1030,Main Campus-UNF,Standard,OPEN,6,33,39,0
84185,NUR,3816,NUR 3816,Professional Nursing Concepts,[REDACTED],M | 12:00 PM - 2:45 PM | 39A-J. Brooks Brown Hall Addit Room 1034,Main Campus-UNF,Standard,OPEN,7,32,39,0
84186,NUR,3816,NUR 3816,Professional Nursing Concepts,[REDACTED],M | 8:00 AM - 10:45 AM | 39-J. Brooks Brown Hall Room 2006,Main Campus-UNF,Standard,OPEN,2,37,39,0
86477,NUR,3990L,NUR 3990L,Exp: Clinical Competency/Prac,[REDACTED],Off Main Campus Room OFF-MC,UNF-Deerwood Campus,Independent,OPEN,9,21,30,0
84153,NUR,4168,NUR 4168,Research Translation (RN-BSN),[REDACTED],Online,Distance Learning,Online (DL),FULL,0,23,23,0
85170,NUR,4351,NUR 4351,Pediatric Nursing Concepts,[REDACTED],F | 12:30 PM - 2:10 PM | 4-Skinner-Jones Hall Room 1703,Main Campus-UNF,Standard,OPEN,12,30,42,0
85171,NUR,4351,NUR 4351,Pediatric Nursing Concepts,[REDACTED],F | 12:30 PM - 2:10 PM | 39-J. Brooks Brown Hall Room 1002A,Main Campus-UNF,Standard,OPEN,5,38,43,0
85172,NUR,4351,NUR 4351,Pediatric Nursing Concepts,[REDACTED],F | 9:00 AM - 10:40 AM | 39-J. Brooks Brown Hall Room 1002A,Main Campus-UNF,Standard,OPEN,10,32,42,0
85173,NUR,4351L,NUR 4351L,Pediatric Nursing Clinical,[REDACTED],Off Main Campus Room OFF-MC,Off-Campus: Internships,Independent,OPEN,11,31,42,0
85174,NUR,4351L,NUR 4351L,Pediatric Nursing Clinical,[REDACTED],Off Main Campus Room OFF-MC,Off-Campus: Internships,Independent,OPEN,8,37,45,0
85175,NUR,4351L,NUR 4351L,Pediatric Nursing Clinical,[REDACTED],Off Main Campus Room OFF-MC,Off-Campus: Internships,Independent,OPEN,10,32,42,0
85176,NUR,4491,NUR 4491,Maternity and Women&rsquo;s Health Nursing Concepts,[REDACTED],T | 12:15 PM - 1:55 PM | 39A-J. Brooks Brown Hall Addit Room 1034,Main Campus-UNF,Standard,OPEN,13,29,42,0
85177,NUR,4491,NUR 4491,Maternity and Women&rsquo;s Health Nursing Concepts,[REDACTED],T | 12:15 PM - 1:55 PM | 39-J. Brooks Brown Hall Room 1002A,Main Campus-UNF,Standard,OPEN,4,39,43,0
85178,NUR,4491,NUR 4491,Maternity and Women&rsquo;s Health Nursing Concepts,[REDACTED],T | 8:00 AM - 9:40 AM | 39-J. Brooks Brown Hall Room 1002A,Main Campus-UNF,Standard,OPEN,12,30,42,0
85179,NUR,4491L,NUR 4491L,Maternity and Women&rsquo;s Health Nursing Clinical,[REDACTED],Off Main Campus Room OFF-MC,Off-Campus: Internships,Independent,OPEN,13,29,42,0
85180,NUR,4491L,NUR 4491L,Maternity and Women&rsquo;s Health Nursing Clinical,[REDACTED],Off Main Campus Room OFF-MC,Off-Campus: Internships,Independent,OPEN,8,37,45,0
85181,NUR,4491L,NUR 4491L,Maternity and Women&rsquo;s Health Nursing Clinical,[REDACTED],Off Main Campus Room OFF-MC,Off-Campus: Internships,Independent,OPEN,12,30,42,0
82964,NUR,4636C,NUR 4636C,Community Partnerships and Nursing Practice,[REDACTED],F | 12:00 PM - 2:45 PM | 4-Skinner-Jones Hall Room 1701; Off Main Campus Room OFF-MC,Off-Campus: Internships,Independent,OPEN,4,30,34,0
82965,NUR,4636C,NUR 4636C,Community Partnerships and Nursing Practice,[REDACTED],F | 12:00 PM - 2:45 PM | 4-Skinner-Jones Hall Room 1702; Off Main Campus Room OFF-MC,Off-Campus: Internships,Independent,OPEN,4,34,38,0
84143,NUR,4636C,NUR 4636C,Community Partnerships and Nursing Practice,[REDACTED],F | 8:00 AM - 10:45 AM | 4-Skinner-Jones Hall Room 1701; Off Main Campus Room OFF-MC,Off-Campus: Internships,Independent,OPEN,3,31,34,0
85182,NUR,4815,NUR 4815,Professional Nursing Transformation,[REDACTED],R | 8:00 AM - 9:55 AM | 39-J. Brooks Brown Hall Room 1002A; R | 8:00 AM - 9:55 AM | 39-J. Brooks Brown Hall Room 1002A; R | 8:00 AM - 9:55 AM | 39-J. Brooks Brown Hall Room 1002A; R | 8:00 AM - 9:55 AM | 39-J. Brooks Brown Hall Room 1002A; R | 8:00 AM - 9:55 AM | 39-J. Brooks Brown Hall Room 1002A; R | 8:00 AM - 9:55 AM | 39-J. Brooks Brown Hall Room 1002A; R | 8:00 AM - 9:55 AM | 39-J. Brooks Brown Hall Room 1002A; R | 8:00 AM - 9:55 AM | 39-J. Brooks Brown Hall Room 1002A; Online,Main Campus-UNF,Standard,OPEN,2,41,43,0
85183,NUR,4815,NUR 4815,Professional Nursing Transformation,[REDACTED],R | 12:15 PM - 2:10 PM | 39-J. Brooks Brown Hall Room 1002A; R | 12:15 PM - 2:10 PM | 39-J. Brooks Brown Hall Room 1002A; R | 12:15 PM - 2:10 PM | 39-J. Brooks Brown Hall Room 1002A; R | 12:15 PM - 2:10 PM | 39-J. Brooks Brown Hall Room 1002A; R | 12:15 PM - 2:10 PM | 39-J. Brooks Brown Hall Room 1002A; R | 12:15 PM - 2:10 PM | 39-J. Brooks Brown Hall Room 1002A; R | 12:15 PM - 2:10 PM | 39-J. Brooks Brown Hall Room 1002A; R | 12:15 PM - 2:10 PM | 39-J. Brooks Brown Hall Room 1002A; Online,Main Campus-UNF,Standard,OPEN,4,39,43,0
85185,NUR,4821,NUR 4821,Clinical Judgment in Nursing,[REDACTED],R | 8:00 AM - 9:40 AM | 39-J. Brooks Brown Hall Room 1026A,Main Campus-UNF,Standard,OPEN,6,39,45,0
85186,NUR,4821,NUR 4821,Clinical Judgment in Nursing,[REDACTED],R | 12:15 PM - 1:55 PM | 39-J. Brooks Brown Hall Room 1026A,Main Campus-UNF,Standard,OPEN,4,41,45,0
82765,NUR,4827,NUR 4827,Ldrshp Mgmt Concepts (RN-BSN),[REDACTED],Online,Distance Learning,Online (DL),FULL,0,4,4,0
85188,NUR,4828,NUR 4828,Soaring into Professional Nursing,[REDACTED],F | 9:00 AM - 10:40 AM | 4-Skinner-Jones Hall Room 1706; F | 9:00 AM - 10:40 AM | 4-Skinner-Jones Hall Room 1706; F | 9:00 AM - 10:40 AM | 4-Skinner-Jones Hall Room 1706; F | 9:00 AM - 10:40 AM | 4-Skinner-Jones Hall Room 1706; Online,Hybrid - On Campus/Online,Hybrid,OPEN,4,41,45,0
85189,NUR,4828,NUR 4828,Soaring into Professional Nursing,[REDACTED],F | 12:30 PM - 2:10 PM | 4-Skinner-Jones Hall Room 1706; F | 12:30 PM - 2:10 PM | 4-Skinner-Jones Hall Room 1706; F | 12:30 PM - 2:10 PM | 4-Skinner-Jones Hall Room 1706; F | 12:30 PM - 2:10 PM | 4-Skinner-Jones Hall Room 1706; Online,Hybrid - On Campus/Online,Hybrid,OPEN,6,39,45,0
85191,NUR,4888,NUR 4888,Nursing Leadership in Systems of Care,[REDACTED],F | 12:15 PM - 3:00 PM | 42-Coggin College of Business Room 1116; F | 12:15 PM - 3:00 PM | 42-Coggin College of Business Room 1116; F | 12:15 PM - 3:00 PM | 42-Coggin College of Business Room 1116; F | 12:15 PM - 3:00 PM | 42-Coggin College of Business Room 1116; F | 12:15 PM - 3:00 PM | 42-Coggin College of Business Room 1116; F | 12:15 PM - 3:00 PM | 42-Coggin College of Business Room 1116; Online,Hybrid - On Campus/Online,Hybrid,OPEN,4,41,45,0
85192,NUR,4888,NUR 4888,Nursing Leadership in Systems of Care,[REDACTED],F | 8:00 AM - 10:45 AM | 42-Coggin College of Business Room 1116; F | 8:00 AM - 10:45 AM | 42-Coggin College of Business Room 1116; F | 8:00 AM - 10:45 AM | 42-Coggin College of Business Room 1116; F | 8:00 AM - 10:45 AM | 42-Coggin College of Business Room 1116; F | 8:00 AM - 10:45 AM | 42-Coggin College of Business Room 1116; F | 8:00 AM - 10:45 AM | 42-Coggin College of Business Room 1116; Online,Hybrid - On Campus/Online,Hybrid,OPEN,6,39,45,0
84104,NUR,4905,NUR 4905,Senior Problems,[REDACTED],Online,Distance Learning,Online (DL),OPEN,14,16,30,10
84131,NUR,4905,NUR 4905,Senior Problems,[REDACTED],Online,Distance Learning,Online (DL),OPEN,27,3,30,10
86180,NUR,4905,NUR 4905,Senior Problems,[REDACTED],TBA,Main Campus-UNF,Independent,FULL,0,1,1,0
83280,NUR,4906,NUR 4906,Pro Nursing Transition(RN-BSN),[REDACTED],Online,Distance Learning,Online (DL),OPEN,1,19,20,0
82832,NUR,4906L,NUR 4906L,Prof Nsg Trans: Prac (RN-BSN),[REDACTED],Online,Distance Learning,Online (DL),OPEN,1,19,20,0
85194,NUR,4940L,NUR 4940L,Senior Nursing Practicum,[REDACTED],Off Main Campus Room OFF-MC,Off-Campus: Internships,Independent,OPEN,3,28,31,0
85195,NUR,4940L,NUR 4940L,Senior Nursing Practicum,[REDACTED],Off Main Campus Room OFF-MC,Off-Campus: Internships,Independent,OPEN,2,28,30,0
85196,NUR,4940L,NUR 4940L,Senior Nursing Practicum,[REDACTED],Off Main Campus Room OFF-MC,Off-Campus: Internships,Independent,OPEN,6,24,30,0
82966,NUR,4945C,NUR 4945C,Professional Nursing Integration,[REDACTED],F | 8:00 AM - 10:45 AM | 4-Skinner-Jones Hall Room 1702; Off Main Campus Room OFF-MC,Off-Campus: Internships,Independent,OPEN,4,30,34,0
82967,NUR,4945C,NUR 4945C,Professional Nursing Integration,[REDACTED],F | 8:00 AM - 10:45 AM | 42-Coggin College of Business Room 1101; Off Main Campus Room OFF-MC,Off-Campus: Internships,Independent,OPEN,4,34,38,0
84144,NUR,4945C,NUR 4945C,Professional Nursing Integration,[REDACTED],F | 12:00 PM - 2:45 PM | 42-Coggin College of Business Room 1101; Off Main Campus Room OFF-MC,Off-Campus: Internships,Independent,OPEN,3,31,34,0
82411,PAD,4003,PAD 4003,Public Administration,[REDACTED],TR | 1:40 PM - 2:55 PM | 51-Social Sciences Room 1103,Main Campus-UNF,Standard,OPEN,24,16,40,40
85247,PAD,4144,PAD 4144,Nonprofit Management,[REDACTED],Online,Distance Learning,Online (DL),FULL - WAITLIST AVAILABLE,0,40,40,40
82139,PAD,5700,PAD 5700,Public Administration Research Methods,[REDACTED],T | 6:00 PM - 8:45 PM | Online,Distance Learning,Live Online,OPEN,9,16,25,25
82949,PAD,6060,PAD 6060,Public Administration in Modern Society,[REDACTED],R | 6:00 PM - 8:45 PM | 51-Social Sciences Room 1104,Main Campus-UNF,Standard,OPEN,7,18,25,25
82560,PAD,6142,PAD 6142,Management of Nonprofit Organizations,[REDACTED],M | 6:00 PM - 8:45 PM | 51-Social Sciences Room 1102,Main Campus-UNF,Blendflex,OPEN,15,10,25,25
85237,PAD,6207,PAD 6207,Economics and Municipal Finance,[REDACTED],T | 6:00 PM - 8:45 PM | 51-Social Sciences Room 1102,Main Campus-UNF,Blendflex,OPEN,14,11,25,30
85238,PAD,6239,PAD 6239,e-Governance,[REDACTED],R | 6:00 PM - 8:45 PM | 51-Social Sciences Room 1102,Main Campus-UNF,Blendflex,OPEN,16,9,25,30
82696,PAD,6417,PAD 6417,Human Resources for Public and Nonprofit Management,[REDACTED],W | 6:00 PM - 8:45 PM | 4-Skinner-Jones Hall Room 1702,Main Campus-UNF,Standard,OPEN,1,24,25,25
85239,PAD,6436,PAD 6436,"Ethics, Leadership and Accountability in Public Service",[REDACTED],W | 6:00 PM - 8:45 PM | 51-Social Sciences Room 1102,Main Campus-UNF,Blendflex,OPEN,19,6,25,30
82136,PCB,3023C,PCB 3023C,Molecular and Cell Biology,[REDACTED],M | 9:00 AM - 12:50 PM | 59-Biological Sciences Room 2503; TR | 10:50 AM - 12:05 PM | 59-Biological Sciences Room 2703,Main Campus-UNF,Standard,OPEN,8,16,24,24
82157,PCB,3023C,PCB 3023C,Molecular and Cell Biology,[REDACTED],TR | 10:50 AM - 12:05 PM | 59-Biological Sciences Room 2703; T | 1:00 PM - 4:50 PM | 59-Biological Sciences Room 2503,Main Campus-UNF,Standard,OPEN,16,8,24,24
82814,PCB,3023C,PCB 3023C,Molecular and Cell Biology,[REDACTED],R | 9:00 AM - 12:50 PM | 59-Biological Sciences Room 2503; MW | 3:00 PM - 4:15 PM | 59-Biological Sciences Room 2703,Main Campus-UNF,Standard,OPEN,7,17,24,24
82857,PCB,3023C,PCB 3023C,Molecular and Cell Biology,[REDACTED],T | 9:00 AM - 12:50 PM | 59-Biological Sciences Room 2503; MW | 3:00 PM - 4:15 PM | 59-Biological Sciences Room 2703,Main Campus-UNF,Standard,OPEN,5,19,24,24
83848,PCB,3023C,PCB 3023C,Molecular and Cell Biology,[REDACTED],W | 9:00 AM - 12:50 PM | 59-Biological Sciences Room 2503; MW | 4:30 PM - 5:45 PM | 59-Biological Sciences Room 2703,Main Campus-UNF,Standard,FULL - WAITLIST AVAILABLE,0,24,24,24
83849,PCB,3023C,PCB 3023C,Molecular and Cell Biology,[REDACTED],R | 1:00 PM - 4:50 PM | 59-Biological Sciences Room 2503; MW | 4:30 PM - 5:45 PM | 59-Biological Sciences Room 2703,Main Campus-UNF,Standard,OPEN,2,22,24,24
82292,PCB,3043C,PCB 3043C,Ecology,[REDACTED],T | 9:00 AM - 12:50 PM | 59-Biological Sciences Room 2506; TR | 1:40 PM - 2:55 PM | 59-Biological Sciences Room 2703,Main Campus-UNF,Standard,OPEN,5,19,24,24
82460,PCB,3043C,PCB 3043C,Ecology,[REDACTED],R | 9:00 AM - 12:50 PM | 59-Biological Sciences Room 2506; TR | 1:40 PM - 2:55 PM | 59-Biological Sciences Room 2703,Main Campus-UNF,Standard,OPEN,3,21,24,24
84013,PCB,3043C,PCB 3043C,Ecology,[REDACTED],M | 9:00 AM - 12:50 PM | 59-Biological Sciences Room 2506; TR | 3:05 PM - 4:20 PM | 59-Biological Sciences Room 2703,Main Campus-UNF,Standard,OPEN,1,23,24,24
84014,PCB,3043C,PCB 3043C,Ecology,[REDACTED],W | 9:00 AM - 12:50 PM | 59-Biological Sciences Room 2506; TR | 3:05 PM - 4:20 PM | 59-Biological Sciences Room 2703,Main Campus-UNF,Standard,OPEN,3,21,24,24
82986,PCB,3063,PCB 3063,Genetics,[REDACTED],MW | 1:30 PM - 2:45 PM | 15-John E. Mathews Room 1303,Main Campus-UNF,Standard,OPEN,2,46,48,48
83031,PCB,3063,PCB 3063,Genetics,[REDACTED],TR | 4:30 PM - 5:45 PM | 59-Biological Sciences Room 2703,Main Campus-UNF,Standard,FULL - WAITLIST AVAILABLE,0,48,48,48
83251,PCB,3063,PCB 3063,Genetics,[REDACTED],MW | 3:00 PM - 4:15 PM | 4-Skinner-Jones Hall Room 1705,Main Campus-UNF,Standard,FULL - WAITLIST AVAILABLE,-1,49,48,48
82987,PCB,3063L,PCB 3063L,Genetics Lab,[REDACTED],MW | 8:00 AM - 9:50 AM | 59-Biological Sciences Room 2505,Main Campus-UNF,Standard,OPEN,2,22,24,24
82988,PCB,3063L,PCB 3063L,Genetics Lab,[REDACTED],MW | 11:00 AM - 12:50 PM | 59-Biological Sciences Room 2505,Main Campus-UNF,Standard,FULL - WAITLIST AVAILABLE,0,24,24,24
83258,PCB,3063L,PCB 3063L,Genetics Lab,[REDACTED],TR | 8:00 AM - 9:50 AM | 59-Biological Sciences Room 2505,Main Campus-UNF,Standard,OPEN,1,23,24,24
83259,PCB,3063L,PCB 3063L,Genetics Lab,[REDACTED],TR | 11:00 AM - 12:50 PM | 59-Biological Sciences Room 2505,Main Campus-UNF,Standard,FULL - WAITLIST AVAILABLE,0,24,24,24
83288,PCB,3063L,PCB 3063L,Genetics Lab,[REDACTED],TR | 2:00 PM - 3:50 PM | 59-Biological Sciences Room 2505,Main Campus-UNF,Standard,OPEN,2,22,24,24
83487,PCB,4234,PCB 4234,Biology of Cancer,[REDACTED],MW | 12:00 PM - 1:15 PM | 59-Biological Sciences Room 2703,Main Campus-UNF,Standard,FULL - WAITLIST AVAILABLE,0,27,27,30
85504,PCB,4253C,PCB 4253C,Developmental Biology,[REDACTED],W | 9:00 AM - 12:50 PM | 59-Biological Sciences Room 3506; TR | 10:50 AM - 12:05 PM | 4-Skinner-Jones Hall Room 1701,Main Campus-UNF,Standard,OPEN,1,21,22,24
85935,PCB,4316C,PCB 4316C,Coastal Ecosystem Ecology,[REDACTED],W | 9:00 AM - 12:50 PM | 59-Biological Sciences Room 1502; TR | 9:25 AM - 10:40 AM | 59-Biological Sciences Room 3001,Main Campus-UNF,Standard,OPEN,4,6,10,20
83137,PCB,4713C,PCB 4713C,Human Physiology,[REDACTED],M | 9:00 AM - 12:50 PM | 59-Biological Sciences Room 3503; MW | 1:30 PM - 2:45 PM | 4-Skinner-Jones Hall Room 1703,Main Campus-UNF,Standard,OPEN,2,20,22,24
83138,PCB,4713C,PCB 4713C,Human Physiology,[REDACTED],W | 9:00 AM - 12:50 PM | 59-Biological Sciences Room 3503; MW | 1:30 PM - 2:45 PM | 4-Skinner-Jones Hall Room 1703,Main Campus-UNF,Standard,OPEN,4,18,22,24
82812,PCB,4843,PCB 4843,Cellular and Molecular Neuroscience,[REDACTED],MW | 3:00 PM - 4:15 PM | 4-Skinner-Jones Hall Room 1701,Main Campus-UNF,Standard,OPEN,1,23,24,25
86090,PCB,5313C,PCB 5313C,Advanced Coastal Ecosystem Ecology,[REDACTED],W | 9:00 AM - 12:50 PM | 59-Biological Sciences Room 1502; TR | 9:25 AM - 10:40 AM | 59-Biological Sciences Room 3001,Main Campus-UNF,Standard,FULL - WAITLIST AVAILABLE,0,4,4,4
85931,PCB,5845,PCB 5845,Cellular and Molecular Neuroscience,[REDACTED],MW | 3:00 PM - 4:15 PM | 4-Skinner-Jones Hall Room 1701,Main Campus-UNF,Standard,FULL - WAITLIST AVAILABLE,-1,6,5,5
84659,PCB,6236,PCB 6236,Advanced Cancer Biology,[REDACTED],MW | 12:00 PM - 1:15 PM | 59-Biological Sciences Room 2703,Main Campus-UNF,Standard,FULL - WAITLIST AVAILABLE,-1,12,11,5
82590,PCB,6480,PCB 6480,Quantitative Ecology,[REDACTED],MW | 3:00 PM - 4:15 PM | 59-Biological Sciences Room 2001,Main Campus-UNF,Standard,OPEN,5,13,18,18
82251,PCO,4004,PCO 4004,Introduction to Counseling,[REDACTED],F | 11:00 AM - 11:50 AM | 51-Social Sciences Room 1102; Online,Hybrid - On Campus/Online,Hybrid,OPEN,15,31,46,50
82366,PCO,4004,PCO 4004,Introduction to Counseling,[REDACTED],Online,Distance Learning,Online (DL),FULL - WAITLIST AVAILABLE,0,50,50,50
82791,PEL,1121,PEL 1121,Golf,[REDACTED],W | 1:30 PM - 2:20 PM | 48-Hayt Golf Learning Center Room 1204,Main Campus-UNF,Standard,FULL - WAITLIST AVAILABLE,-5,20,15,5
83503,PEL,1121,PEL 1121,Golf,[REDACTED],W | 3:00 PM - 3:50 PM | 48-Hayt Golf Learning Center Room 1204,Main Campus-UNF,Standard,FULL,0,15,15,0
82298,PEL,1621,PEL 1621,Basketball,[REDACTED],T | 8:00 AM - 8:50 AM | 34-Arena Room 1053,Main Campus-UNF,Standard,OPEN,6,14,20,5
82633,PEM,1104,PEM 1104,Physical Conditioning,[REDACTED],T | 9:25 AM - 10:15 AM | 61-Student Wellness Complex,Main Campus-UNF,Standard,OPEN,12,8,20,5
82433,PEM,1131,PEM 1131,Weight Training,[REDACTED],R | 1:40 PM - 2:30 PM | 61-Student Wellness Complex,Main Campus-UNF,Standard,OPEN,6,14,20,5
82189,PET,3080,PET 3080,Physical Activity Epidemiology,[REDACTED],TR | 12:15 PM - 1:30 PM | 51-Social Sciences Room 1209,Main Campus-UNF,Standard,OPEN,6,54,60,0
82489,PET,3080,PET 3080,Physical Activity Epidemiology,[REDACTED],TR | 1:40 PM - 2:55 PM | 4-Skinner-Jones Hall Room 1706,Main Campus-UNF,Standard,OPEN,7,53,60,0
82557,PET,3312C,PET 3312C,Biomechanics,[REDACTED],TR | 8:00 AM - 9:15 AM | 39-J. Brooks Brown Hall Room 2045,Main Campus-UNF,Standard,FULL,0,40,40,0
85499,PET,3768C,PET 3768C,Practical Skills in Exercise Instruction,[REDACTED],R | 8:00 AM - 9:40 AM | Off Main Campus Room OFF-MC; R | 8:00 AM - 9:40 AM | Off Main Campus Room OFF-MC; R | 8:00 AM - 9:40 AM | Off Main Campus Room OFF-MC; R | 8:00 AM - 9:40 AM | Off Main Campus Room OFF-MC; R | 8:00 AM - 9:40 AM | Off Main Campus Room OFF-MC; R | 8:00 AM - 9:40 AM | Off Main Campus Room OFF-MC; R | 8:00 AM - 9:40 AM | Off Main Campus Room OFF-MC; R | 8:00 AM - 9:40 AM | Off Main Campus Room OFF-MC; R | 8:00 AM - 9:40 AM | Off Main Campus Room OFF-MC; R | 8:00 AM - 9:40 AM | Off Main Campus Room OFF-MC; Online,YMCA of Florida,Hybrid,OPEN,21,19,40,0
85494,PET,4624,PET 4624,Human Injury: Mechanism and Prevention,[REDACTED],TR | 8:00 AM - 9:15 AM | 39A-J. Brooks Brown Hall Addit Room 1030,Main Campus-UNF,Standard,OPEN,13,27,40,0
83948,PGY,2810C,PGY 2810C,Intro to Digital Imaging,[REDACTED],MW | 9:00 AM - 11:30 AM | 45-Fine Arts Center Room 2813,Main Campus-UNF,Standard,OPEN,2,18,20,20
85992,PGY,2810C,PGY 2810C,Intro to Digital Imaging,[REDACTED],TR | 9:25 AM - 11:55 AM | 45-Fine Arts Center Room 2813,Main Campus-UNF,Standard,OPEN,10,10,20,20
83176,PGY,3410C,PGY 3410C,Black and White Film Photography 2,[REDACTED],TR | 9:25 AM - 11:55 AM | 45D- Fine Arts Photo Lab Room 1032,Main Campus-UNF,Standard,OPEN,11,7,18,16
83515,PGY,3824C,PGY 3824C,Contemporary Photographic Imaging,[REDACTED],MW | 12:00 PM - 2:30 PM | 45-Fine Arts Center Room 2813,Main Campus-UNF,Standard,OPEN,1,19,20,20
83945,PGY,4004,PGY 4004,History of Photography,[REDACTED],Online,Distance Learning,Online (DL),FULL - WAITLIST AVAILABLE,0,30,30,30
83704,PGY,4205C,PGY 4205C,Studio Fundamentals,[REDACTED],TR | 3:05 PM - 5:35 PM | 45D- Fine Arts Photo Lab Room 1032,Main Campus-UNF,Standard,OPEN,9,9,18,18
83702,PGY,4944C,PGY 4944C,Adv Photo Practicum:Urban Spcs,[REDACTED],F | 9:00 AM - 2:00 PM | Off Main Campus Room OFF-MC,Museum of Contemporary Art,Standard,OPEN,4,11,15,15
83478,PHC,4468,PHC 4468,Health Disparities through Data Analytics,[REDACTED],TR | 9:25 AM - 10:40 AM | 39A-J. Brooks Brown Hall Addit Room 1030,Main Campus-UNF,Standard,OPEN,1,39,40,20
82771,PHC,6000,PHC 6000,Epidemiology I,[REDACTED],M | 6:00 PM - 8:45 PM | 39-J. Brooks Brown Hall Room 4002A,Main Campus-UNF,Standard,OPEN,3,33,36,10
84590,PHC,6050,PHC 6050,Public Health Biostatistics I,[REDACTED],T | 6:00 PM - 8:45 PM | 39-J. Brooks Brown Hall Room 3063,Main Campus-UNF,Standard,OPEN,3,37,40,20
82954,PHC,6051,PHC 6051,Public Health Biostatistics II,[REDACTED],W | 6:00 PM - 8:45 PM | 39-J. Brooks Brown Hall Room 3063,Main Campus-UNF,Standard,OPEN,5,10,15,10
83320,PHC,6149,PHC 6149,Public Health Leadership and Management,[REDACTED],M | 6:00 PM - 8:45 PM | 39-J. Brooks Brown Hall Room 4029A; M | 6:00 PM - 8:45 PM | 39-J. Brooks Brown Hall Room 4029A; M | 6:00 PM - 8:45 PM | 39-J. Brooks Brown Hall Room 4029A; M | 6:00 PM - 8:45 PM | 39-J. Brooks Brown Hall Room 4029A; M | 6:00 PM - 8:45 PM | 39-J. Brooks Brown Hall Room 4029A; M | 6:00 PM - 8:45 PM | 39-J. Brooks Brown Hall Room 4029A; M | 6:00 PM - 8:45 PM | 39-J. Brooks Brown Hall Room 4029A; Online,Hybrid - On Campus/Online,Hybrid,OPEN,5,25,30,20
85341,PHH,3100,PHH 3100,Ancient Greek Philosophy,[REDACTED],MW | 3:00 PM - 4:15 PM | 51-Social Sciences Room 1104,Main Campus-UNF,Standard,OPEN,1,29,30,30
85338,PHH,3820,PHH 3820,(FC) Chinese Philosophy,[REDACTED],F | 12:00 PM - 2:45 PM | 57-Petway Hall Room 1270,Main Campus-UNF,Standard,FULL - WAITLIST AVAILABLE,-2,22,20,20
82491,PHI,2010,PHI 2010,(GW) Introduction to Philosophy,[REDACTED],MW | 4:30 PM - 5:45 PM | 39-J. Brooks Brown Hall Room 1026A,Main Campus-UNF,Standard,OPEN,1,26,27,20
82541,PHI,2010,PHI 2010,(GW) Introduction to Philosophy,[REDACTED],MW | 4:30 PM - 5:45 PM | 2-Founders Hall Room 2219,Main Campus-UNF,Standard,OPEN,3,24,27,20
82584,PHI,2010,PHI 2010,(GW) Introduction to Philosophy,[REDACTED],Online,Distance Learning,Online (DL),FULL - WAITLIST AVAILABLE,0,40,40,20
82687,PHI,2010,PHI 2010,(H)(GW)Intro to Philosophy,[REDACTED],TR | 10:50 AM - 12:05 PM | 9-Fred Schultz Hall Room 2302,Main Campus-UNF,Standard,FULL - WAITLIST AVAILABLE,0,20,20,20
82828,PHI,2010,PHI 2010,(GW) Introduction to Philosophy,[REDACTED],MW | 3:00 PM - 4:15 PM | 57-Petway Hall Room 1270,Main Campus-UNF,Standard,FULL - WAITLIST AVAILABLE,0,27,27,20
82864,PHI,2010,PHI 2010,(GW) Introduction to Philosophy,[REDACTED],Online,Distance Learning,Online (DL),OPEN,1,26,27,20
82953,PHI,2010,PHI 2010,(GW) Introduction to Philosophy,[REDACTED],Online,Distance Learning,Online (DL),FULL - WAITLIST AVAILABLE,0,27,27,20
83008,PHI,2010,PHI 2010,(GW) Introduction to Philosophy,[REDACTED],MWF | 11:00 AM - 11:50 AM | 57-Petway Hall Room 1260,Main Campus-UNF,Standard,OPEN,2,25,27,20
83179,PHI,2010,PHI 2010,(GW) Introduction to Philosophy,[REDACTED],TR | 3:05 PM - 4:20 PM | 57-Petway Hall Room 2050,Main Campus-UNF,Standard,OPEN,1,26,27,20
83180,PHI,2010,PHI 2010,(H)(GW)Intro to Philosophy,[REDACTED],MW | 12:00 PM - 1:15 PM | 15-John E. Mathews Room 1202,Main Campus-UNF,Standard,FULL - WAITLIST AVAILABLE,0,20,20,20
83181,PHI,2010,PHI 2010,(GW) Introduction to Philosophy,[REDACTED],Online,Distance Learning,Online (DL),FULL - WAITLIST AVAILABLE,0,27,27,20
83182,PHI,2010,PHI 2010,(GW) Introduction to Philosophy,[REDACTED],Online,Distance Learning,Online (DL),FULL - WAITLIST AVAILABLE,0,27,27,20
83544,PHI,2010,PHI 2010,(GW) Introduction to Philosophy,[REDACTED],MW | 3:00 PM - 4:15 PM | 39-J. Brooks Brown Hall Room 1009,Main Campus-UNF,Standard,FULL - WAITLIST AVAILABLE,0,150,150,50
83545,PHI,2010,PHI 2010,(GW) Introduction to Philosophy,[REDACTED],MWF | 9:00 AM - 9:50 AM | 15-John E. Mathews Room 1202,Main Campus-UNF,Standard,FULL - WAITLIST AVAILABLE,0,27,27,20
83546,PHI,2010,PHI 2010,(GW) Introduction to Philosophy,[REDACTED],MWF | 10:00 AM - 10:50 AM | 15-John E. Mathews Room 1206,Main Campus-UNF,Standard,FULL - WAITLIST AVAILABLE,0,27,27,20
83547,PHI,2010,PHI 2010,(GW) Introduction to Philosophy,[REDACTED],MWF | 11:00 AM - 11:50 AM | 39-J. Brooks Brown Hall Room 4029A,Main Campus-UNF,Standard,OPEN,1,26,27,20
83548,PHI,2010,PHI 2010,(GW) Introduction to Philosophy,[REDACTED],TR | 1:40 PM - 2:55 PM | 42-Coggin College of Business Room 1105,Main Campus-UNF,Standard,OPEN,1,26,27,20
83549,PHI,2010,PHI 2010,(GW) Introduction to Philosophy,[REDACTED],Online,Distance Learning,Online (DL),FULL - WAITLIST AVAILABLE,0,27,27,20
83721,PHI,2010,PHI 2010,(GW) Introduction to Philosophy,[REDACTED],TR | 9:25 AM - 10:40 AM | 4-Skinner-Jones Hall Room 1701,Main Campus-UNF,Standard,FULL - WAITLIST AVAILABLE,0,27,27,20
84002,PHI,2010,PHI 2010,(GW) Introduction to Philosophy,[REDACTED],MWF | 9:00 AM - 9:50 AM | 57-Petway Hall Room 1260,Main Campus-UNF,Standard,OPEN,2,25,27,20
84841,PHI,2010,PHI 2010,(GW) Introduction to Philosophy,[REDACTED],TR | 12:15 PM - 1:30 PM | 2-Founders Hall Room 1017,Main Campus-UNF,Standard,FULL - WAITLIST AVAILABLE,0,27,27,20
84842,PHI,2010,PHI 2010,(GW) Introduction to Philosophy,[REDACTED],TR | 4:30 PM - 5:45 PM | 39-J. Brooks Brown Hall Room 1003A,Main Campus-UNF,Standard,FULL - WAITLIST AVAILABLE,0,27,27,20
86187,PHI,2010,PHI 2010,(GW) Introduction to Philosophy,[REDACTED],Online,Distance Learning,Online (DL),FULL - WAITLIST AVAILABLE,-1,28,27,25
86189,PHI,2010,PHI 2010,(GW) Introduction to Philosophy,[REDACTED],Online,Distance Learning,Online (DL),FULL - WAITLIST AVAILABLE,0,27,27,25
86191,PHI,2010,PHI 2010,(GW) Introduction to Philosophy,[REDACTED],TR | 8:00 AM - 9:15 AM | 57-Petway Hall Room 1270,Main Campus-UNF,Standard,OPEN,1,26,27,25
82880,PHI,2101,PHI 2101,Introduction to Logic,[REDACTED],TR | 9:25 AM - 10:40 AM | 39-J. Brooks Brown Hall Room 4029A,Main Campus-UNF,Standard,FULL - WAITLIST AVAILABLE,0,27,27,20
82642,PHI,3084,PHI 3084,Philosophical Methods,[REDACTED],TR | 12:15 PM - 1:30 PM | 39-J. Brooks Brown Hall Room 4029A,Main Campus-UNF,Standard,OPEN,3,27,30,30
85340,PHI,3400,PHI 3400,The Philosophy of Science,[REDACTED],TR | 1:40 PM - 2:55 PM | 39-J. Brooks Brown Hall Room 4029A,Main Campus-UNF,Standard,OPEN,1,29,30,30
82490,PHI,3601,PHI 3601,Ethics,[REDACTED],MW | 4:30 PM - 5:45 PM | 2-Founders Hall Room 2007,Main Campus-UNF,Standard,OPEN,2,33,35,35
83064,PHI,3640,PHI 3640,Environmental Ethics,[REDACTED],MW | 1:30 PM - 2:45 PM | 57-Petway Hall Room 1270,Main Campus-UNF,Standard,FULL - WAITLIST AVAILABLE,0,35,35,35
85342,PHI,3930,PHI 3930,ST: Metaethics,[REDACTED],TR | 10:50 AM - 12:05 PM | 39-J. Brooks Brown Hall Room 4029A,Main Campus-UNF,Standard,FULL - WAITLIST AVAILABLE,-1,31,30,30
86533,PHI,4905,PHI 4905,Directed Individual Study,[REDACTED],TBA,Main Campus-UNF,Independent,OPEN,1,0,1,1
84714,PHI,4941,PHI 4941,"Philosophy: Internship, Practicum, or Experiential Learning",[REDACTED],TBA,Main Campus-UNF,Independent,OPEN,2,23,25,15
84878,PHI,4941,PHI 4941,"Philosophy: Internship, Practicum, or Experiential Learning",[REDACTED],TBA,Main Campus-UNF,Independent,OPEN,4,1,5,5
86428,PHI,4941,PHI 4941,"Philosophy: Internship, Practicum, or Experiential Learning",[REDACTED],TBA,Main Campus-UNF,Independent,FULL - WAITLIST AVAILABLE,0,4,4,3
86135,PHI,5934,PHI 5934,ST: Social Philosophy,[REDACTED],TR | 4:30 PM - 5:45 PM | 2-Founders Hall Room 1017,Main Campus-UNF,Standard,OPEN,5,5,10,10
85343,PHM,3020,PHM 3020,Philosophy of Love and Sex,[REDACTED],R | 6:00 PM - 8:45 PM | 2-Founders Hall Room 2218,Main Campus-UNF,Standard,FULL - WAITLIST AVAILABLE,0,30,30,30
85339,PHM,3362,PHM 3362,Global Justice,[REDACTED],MW | 12:00 PM - 1:15 PM | 2-Founders Hall Room 2218,Main Campus-UNF,Standard,OPEN,4,26,30,30
85344,PHM,4100,PHM 4100,Social Philosophy,[REDACTED],TR | 4:30 PM - 5:45 PM | 2-Founders Hall Room 1017,Main Campus-UNF,Standard,OPEN,2,28,30,30
86414,PHT,5257C,PHT 5257C,Clinical Skills,[REDACTED],TR | 9:00 AM - 11:30 AM | 39-J. Brooks Brown Hall Room 2047,Main Campus-UNF,Standard,FULL - WAITLIST AVAILABLE,0,10,10,1
86415,PHT,5257C,PHT 5257C,Clinical Skills,[REDACTED],TR | 9:00 AM - 11:30 AM | 39-J. Brooks Brown Hall Room 2047,Main Campus-UNF,Standard,FULL - WAITLIST AVAILABLE,0,10,10,1
86416,PHT,5257C,PHT 5257C,Clinical Skills,[REDACTED],TR | 9:00 AM - 11:30 AM | 39-J. Brooks Brown Hall Room 2047,Main Campus-UNF,Standard,FULL - WAITLIST AVAILABLE,0,10,10,1
86417,PHT,5257C,PHT 5257C,Clinical Skills,[REDACTED],TR | 9:00 AM - 11:30 AM | 39-J. Brooks Brown Hall Room 2047,Main Campus-UNF,Standard,FULL - WAITLIST AVAILABLE,0,10,10,1
85502,PHT,5991,PHT 5991,Exp: Clinical Education Prep,[REDACTED],F | 8:00 AM - 8:50 AM | 4-Skinner-Jones Hall Room 1705,Main Campus-UNF,Standard,OPEN,20,40,60,0
86403,PHT,5992,PHT 5992,Exp: Found of Profess Practice,[REDACTED],T | 3:30 PM - 5:30 PM | 39A-J. Brooks Brown Hall Addit Room 1030,Main Campus-UNF,Standard,FULL - WAITLIST AVAILABLE,0,40,40,1
86422,PHT,6110C,PHT 6110C,Gross Anatomy for Physical Therapists,[REDACTED],MW | 1:00 PM - 2:30 PM | 39-J. Brooks Brown Hall Room 2045; F | 1:00 PM - 4:00 PM | 39-J. Brooks Brown Hall Room 2045; MW | 4:10 PM - 5:40 PM | 39-J. Brooks Brown Hall Room 1025,Main Campus-UNF,Standard,FULL - WAITLIST AVAILABLE,0,20,20,1
86423,PHT,6110C,PHT 6110C,Gross Anatomy for Physical Therapists,[REDACTED],MW | 1:00 PM - 2:30 PM | 39-J. Brooks Brown Hall Room 2045; F | 1:00 PM - 4:00 PM | 39-J. Brooks Brown Hall Room 2045; MW | 2:35 PM - 4:05 PM | 39-J. Brooks Brown Hall Room 1025,Main Campus-UNF,Standard,FULL - WAITLIST AVAILABLE,0,20,20,1
84031,PHT,6153C,PHT 6153C,Human Physiology,[REDACTED],TR | 1:40 PM - 2:55 PM | 4-Skinner-Jones Hall Room 1705,Main Campus-UNF,Standard,OPEN,1,29,30,5
85660,PHT,6153C,PHT 6153C,Human Physiology,[REDACTED],TR | 1:40 PM - 2:55 PM | 4-Skinner-Jones Hall Room 1705,Main Campus-UNF,Standard,OPEN,19,11,30,0
84029,PHT,6314C,PHT 6314C,"Neurology I: Pathology, Examination and Intervention",[REDACTED],MW | 9:00 AM - 11:50 AM | 39-J. Brooks Brown Hall Room 1001A,Main Campus-UNF,Standard,OPEN,1,29,30,0
84030,PHT,6314C,PHT 6314C,"Neurology I: Pathology, Examination and Intervention",[REDACTED],MW | 9:00 AM - 11:50 AM | 39-J. Brooks Brown Hall Room 1001A,Main Campus-UNF,Standard,OPEN,26,4,30,0
82234,PHT,6318C,PHT 6318C,Orthopedic Physical Therapy I: Extremities,[REDACTED],TR | 1:40 PM - 4:20 PM | 39-J. Brooks Brown Hall Room 2047,Main Campus-UNF,Standard,FULL,0,17,17,0
82235,PHT,6318C,PHT 6318C,Orthopedic Physical Therapy I: Extremities,[REDACTED],TR | 1:40 PM - 4:20 PM | 39-J. Brooks Brown Hall Room 2047,Main Campus-UNF,Standard,OPEN,18,16,34,0
84718,PHT,6992,PHT 6992,Exp: Pathophysiology,[REDACTED],TR | 9:25 AM - 10:40 AM | 4-Skinner-Jones Hall Room 1705,Main Campus-UNF,Standard,OPEN,1,33,34,0
86426,PHT,6993,PHT 6993,Exp: Pharmacology,[REDACTED],F | 11:00 AM - 2:00 PM | 39-J. Brooks Brown Hall Room 2047,Main Campus-UNF,Standard,OPEN,1,33,34,0
82539,PHT,7009C,PHT 7009C,Differential Diagnosis,[REDACTED],TR | 1:00 PM - 3:00 PM | 39-J. Brooks Brown Hall Room 2045,Main Campus-UNF,Standard,FULL,0,17,17,0
86043,PHT,7009C,PHT 7009C,Differential Diagnosis,[REDACTED],TR | 1:00 PM - 3:00 PM | 39-J. Brooks Brown Hall Room 2045,Main Campus-UNF,Standard,FULL,0,17,17,0
86474,PHT,7114,PHT 7114,Pelvic Health,[REDACTED],T | 9:30 AM - 10:30 AM | Off Main Campus Room OFF-MC,UNF-Deerwood Campus,Standard,OPEN,1,9,10,1
83384,PHT,7328C,PHT 7328C,Lifespan: Pediatrics,[REDACTED],MW | 11:00 AM - 1:00 PM | 39-J. Brooks Brown Hall Room 2047,Main Campus-UNF,Standard,FULL,0,34,34,0
83110,PHT,7374C,PHT 7374C,Lifespan Geriatrics,[REDACTED],F | 9:00 AM - 12:00 PM | 39-J. Brooks Brown Hall Room 1001A,Main Campus-UNF,Standard,FULL,0,34,34,0
86410,PHT,7608C,PHT 7608C,Research Application for EBP,[REDACTED],W | 3:05 PM - 5:00 PM | 39-J. Brooks Brown Hall Room 2045,Main Campus-UNF,Standard,OPEN,1,16,17,1
86411,PHT,7608C,PHT 7608C,Research Application for EBP,[REDACTED],W | 1:05 PM - 3:00 PM | 39-J. Brooks Brown Hall Room 1001A,Main Campus-UNF,Standard,FULL - WAITLIST AVAILABLE,0,17,17,1
82238,PHT,7741C,PHT 7741C,Spinal Cord Injuries and Prosthetics,[REDACTED],MW | 2:00 PM - 4:00 PM | 39-J. Brooks Brown Hall Room 2047,Main Campus-UNF,Standard,FULL,0,17,17,0
82335,PHT,7741C,PHT 7741C,Spinal Cord Injuries and Prosthetics,[REDACTED],MW | 2:00 PM - 4:00 PM | 39-J. Brooks Brown Hall Room 2047,Main Campus-UNF,Standard,FULL,0,17,17,0
86475,PHT,7777,PHT 7777,&nbsp;Constructivism in Orthopaedic Physical Therapy,[REDACTED],T | 11:00 AM - 12:00 PM | Off Main Campus Room OFF-MC,UNF-Deerwood Campus,Standard,FULL - WAITLIST AVAILABLE,0,15,15,1
84934,PHT,7936,PHT 7936,Advanced Seminar,[REDACTED],F | 1:00 PM - 3:00 PM | 39-J. Brooks Brown Hall Room 1001A,Main Campus-UNF,Standard,FULL,0,34,34,0
83141,PHY,1020,PHY 1020,Discovering How Things Work,[REDACTED],MW | 12:00 PM - 1:15 PM | 39-J. Brooks Brown Hall Room 1009,Main Campus-UNF,Standard,FULL - WAITLIST AVAILABLE,0,190,190,100
84243,PHY,1020,PHY 1020,Discovering How Things Work,[REDACTED],Online,Distance Learning,Online (DL),OPEN,23,277,300,100
84244,PHY,1020L,PHY 1020L,Discovering How Things Work Laboratory,[REDACTED],Online,Distance Learning,Online (DL),OPEN,12,18,30,30
82400,PHY,1024,PHY 1024,Exploring Majoring in Physics,[REDACTED],F | 12:00 PM - 12:50 PM | 4-Skinner-Jones Hall Room 1704,Main Campus-UNF,Standard,OPEN,59,41,100,100
83158,PHY,2048C,PHY 2048C,Calculus-based Physics I,[REDACTED],MW | 9:00 AM - 9:50 AM | 4-Skinner-Jones Hall Room 1705; F | 9:00 AM - 11:50 AM | 59-Biological Sciences Room 2701; MW | 12:00 PM - 1:50 PM | 50-Science &amp; Engineering Room 2016,Main Campus-UNF,Standard,OPEN,1,23,24,20
83159,PHY,2048C,PHY 2048C,Calculus-based Physics I,[REDACTED],MW | 9:00 AM - 9:50 AM | 4-Skinner-Jones Hall Room 1705; F | 9:00 AM - 11:50 AM | 59-Biological Sciences Room 2701; MW | 12:00 PM - 1:50 PM | 50-Science &amp; Engineering Room 2016,Main Campus-UNF,Standard,OPEN,4,26,30,30
83334,PHY,2048C,PHY 2048C,Calc-based Physics I CCEC,[REDACTED],MWF | 9:00 AM - 9:50 AM | 4-Skinner-Jones Hall Room 1704; T | 9:00 AM - 11:50 AM | 50-Science &amp; Engineering Room 2016,Main Campus-UNF,Standard,OPEN,11,13,24,24
83335,PHY,2048C,PHY 2048C,Calc-based Physics I CCEC,[REDACTED],MWF | 9:00 AM - 9:50 AM | 4-Skinner-Jones Hall Room 1704; W | 3:00 PM - 5:50 PM | 50-Science &amp; Engineering Room 2016,Main Campus-UNF,Standard,OPEN,16,8,24,24
83336,PHY,2048C,PHY 2048C,Calc-based Physics I CCEC,[REDACTED],MWF | 9:00 AM - 9:50 AM | 4-Skinner-Jones Hall Room 1704; F | 12:00 PM - 2:50 PM | 50-Science &amp; Engineering Room 2016,Main Campus-UNF,Standard,OPEN,3,21,24,24
83737,PHY,2048C,PHY 2048C,Calc-based Physics I CCEC,[REDACTED],F | 1:00 PM - 2:10 PM | 9-Fred Schultz Hall Room 1411; F | 1:00 PM - 2:10 PM | 9-Fred Schultz Hall Room 1411; F | 1:00 PM - 2:10 PM | 9-Fred Schultz Hall Room 1411; F | 1:00 PM - 2:10 PM | 9-Fred Schultz Hall Room 1411; F | 1:00 PM - 2:10 PM | 9-Fred Schultz Hall Room 1411; F | 1:00 PM - 2:10 PM | 9-Fred Schultz Hall Room 1411; F | 1:00 PM - 2:10 PM | 9-Fred Schultz Hall Room 1411; F | 1:00 PM - 2:10 PM | 9-Fred Schultz Hall Room 1411; Online; Online,Distance Learning,Primarily Online,OPEN,2,28,30,30
84092,PHY,2048C,PHY 2048C,Calc-based Physics I CCEC,[REDACTED],W | 3:00 PM - 5:50 PM | 50-Science &amp; Engineering Room 2118; MW | 6:00 PM - 7:15 PM | 59-Biological Sciences Room 2701,Main Campus-UNF,Standard,OPEN,5,19,24,24
84230,PHY,2048C,PHY 2048C,Calc-based Physics I CCEC,[REDACTED],F | 12:00 PM - 2:50 PM | 50-Science &amp; Engineering Room 2118; MW | 6:00 PM - 7:15 PM | 59-Biological Sciences Room 2701,Main Campus-UNF,Standard,OPEN,7,17,24,24
84247,PHY,2048C,PHY 2048C,Calc-based Physics I CCEC,[REDACTED],T | 9:00 AM - 11:50 AM | 50-Science &amp; Engineering Room 2118; MW | 6:00 PM - 7:15 PM | 59-Biological Sciences Room 2701,Main Campus-UNF,Standard,OPEN,19,5,24,24
84248,PHY,2048C,PHY 2048C,(H) Calculus-based Physics I,[REDACTED],MW | 9:00 AM - 9:50 AM | 4-Skinner-Jones Hall Room 1705; F | 9:00 AM - 11:50 AM | 59-Biological Sciences Room 2701; MW | 12:00 PM - 1:50 PM | 50-Science &amp; Engineering Room 2016,Main Campus-UNF,Standard,OPEN,2,4,6,10
85547,PHY,2048C,PHY 2048C,Calc-based Physics I CCEC,[REDACTED],MWF | 9:00 AM - 9:50 AM | 4-Skinner-Jones Hall Room 1704; M | 3:00 PM - 5:50 PM | 50-Science &amp; Engineering Room 2016,Main Campus-UNF,Standard,OPEN,19,5,24,24
85548,PHY,2048C,PHY 2048C,Calc-based Physics I CCEC,[REDACTED],M | 3:00 PM - 5:50 PM | 50-Science &amp; Engineering Room 2118; MW | 6:00 PM - 7:15 PM | 59-Biological Sciences Room 2701,Main Campus-UNF,Standard,OPEN,14,10,24,24
82006,PHY,2049,PHY 2049,Calculus-based Physics II,[REDACTED],TR | 6:00 PM - 7:15 PM | 59-Biological Sciences Room 2701,Main Campus-UNF,Standard,OPEN,22,28,50,50
83361,PHY,2049,PHY 2049,Calc-Based Physics II CCEC,[REDACTED],TR | 6:00 PM - 7:15 PM | 50-Science &amp; Engineering Room 1102,Main Campus-UNF,Standard,OPEN,30,50,80,40
84245,PHY,2049,PHY 2049,Calc-Based Physics II CCEC,[REDACTED],MWF | 8:00 AM - 8:50 AM | 50-Science &amp; Engineering Room 1102,Main Campus-UNF,Standard,OPEN,3,78,81,40
85523,PHY,2049,PHY 2049,(H) Calculus-Based Physics II,[REDACTED],TR | 6:00 PM - 7:15 PM | 59-Biological Sciences Room 2701,Main Campus-UNF,Standard,OPEN,18,2,20,20
82071,PHY,2049L,PHY 2049L,Calculus-based Physics II Lab,[REDACTED],M | 9:00 AM - 11:50 AM | 50-Science &amp; Engineering Room 2014,Main Campus-UNF,Standard,FULL - WAITLIST AVAILABLE,0,26,26,24
82429,PHY,2049L,PHY 2049L,Calculus-based Physics II Lab,[REDACTED],M | 3:00 PM - 5:50 PM | 50-Science &amp; Engineering Room 2014,Main Campus-UNF,Standard,OPEN,14,10,24,24
82494,PHY,2049L,PHY 2049L,Calculus-based Physics II Lab,[REDACTED],T | 9:00 AM - 11:50 AM | 50-Science &amp; Engineering Room 2014,Main Campus-UNF,Standard,OPEN,10,14,24,24
82534,PHY,2049L,PHY 2049L,Calculus-based Physics II Lab,[REDACTED],T | 9:00 AM - 11:50 AM | 50-Science &amp; Engineering Room 2116,Main Campus-UNF,Standard,OPEN,21,3,24,24
82535,PHY,2049L,PHY 2049L,Calculus-based Physics II Lab,[REDACTED],W | 9:00 AM - 11:50 AM | 50-Science &amp; Engineering Room 2014,Main Campus-UNF,Standard,OPEN,1,23,24,24
84004,PHY,2049L,PHY 2049L,Calculus-based Physics II Lab,[REDACTED],W | 3:00 PM - 5:50 PM | 50-Science &amp; Engineering Room 2014,Main Campus-UNF,Standard,OPEN,2,23,25,24
84249,PHY,2049L,PHY 2049L,Calculus-based Physics II Lab,[REDACTED],R | 9:00 AM - 11:50 AM | 50-Science &amp; Engineering Room 2014,Main Campus-UNF,Standard,OPEN,14,10,24,24
84832,PHY,2049L,PHY 2049L,Calculus-based Physics II Lab,[REDACTED],F | 12:00 PM - 2:50 PM | 50-Science &amp; Engineering Room 2014,Main Campus-UNF,Standard,FULL - WAITLIST AVAILABLE,0,24,24,24
85549,PHY,2049L,PHY 2049L,Calculus-based Physics II Lab,[REDACTED],F | 12:00 PM - 2:50 PM | 50-Science &amp; Engineering Room 2116,Main Campus-UNF,Standard,FULL - WAITLIST AVAILABLE,0,24,24,24
83892,PHY,2053C,PHY 2053C,Algebra-based Physics I,[REDACTED],MW | 9:00 AM - 9:50 AM | 59-Biological Sciences Room 1701; MW | 10:00 AM - 11:50 AM | 50-Science &amp; Engineering Room 2016,Main Campus-UNF,Standard,FULL - WAITLIST AVAILABLE,-1,27,26,24
83893,PHY,2053C,PHY 2053C,Algebra-based Physics I,[REDACTED],MW | 9:00 AM - 9:50 AM | 59-Biological Sciences Room 1701; MW | 10:00 AM - 11:50 AM | 50-Science &amp; Engineering Room 2016,Main Campus-UNF,Standard,FULL - WAITLIST AVAILABLE,0,26,26,24
83894,PHY,2053C,PHY 2053C,Algebra-based Physics I,[REDACTED],MW | 9:00 AM - 9:50 AM | 59-Biological Sciences Room 1701; TR | 12:15 PM - 2:05 PM | 50-Science &amp; Engineering Room 2016,Main Campus-UNF,Standard,OPEN,1,25,26,24
83895,PHY,2053C,PHY 2053C,Algebra-based Physics I,[REDACTED],MW | 9:00 AM - 9:50 AM | 59-Biological Sciences Room 1701; TR | 12:15 PM - 2:05 PM | 50-Science &amp; Engineering Room 2118,Main Campus-UNF,Standard,OPEN,1,25,26,24
83896,PHY,2053C,PHY 2053C,Algebra-based Physics I,[REDACTED],MW | 9:00 AM - 9:50 AM | 59-Biological Sciences Room 1701; TR | 3:05 PM - 4:55 PM | 50-Science &amp; Engineering Room 2016,Main Campus-UNF,Standard,FULL - WAITLIST AVAILABLE,0,26,26,24
84016,PHY,2053C,PHY 2053C,Algebra-based Physics I,[REDACTED],MW | 9:00 AM - 9:50 AM | 59-Biological Sciences Room 1701; TR | 3:05 PM - 4:55 PM | 50-Science &amp; Engineering Room 2118,Main Campus-UNF,Standard,FULL - WAITLIST AVAILABLE,0,26,26,24
84017,PHY,2053C,PHY 2053C,Algebra-based Phys I CCEC,[REDACTED],MWF | 8:00 AM - 8:50 AM | 59-Biological Sciences Room 2701; F | 9:00 AM - 11:50 AM | 50-Science &amp; Engineering Room 2016,Main Campus-UNF,Standard,OPEN,2,28,30,30
84937,PHY,2053C,PHY 2053C,Algebra-based Phys I CCEC,[REDACTED],MWF | 8:00 AM - 8:50 AM | 59-Biological Sciences Room 2701; R | 9:00 AM - 11:50 AM | 50-Science &amp; Engineering Room 2016,Main Campus-UNF,Standard,OPEN,4,26,30,30
86240,PHY,2053C,PHY 2053C,Algebra-based Physics I,[REDACTED],MW | 9:00 AM - 9:50 AM | 59-Biological Sciences Room 1701; TR | 5:00 PM - 6:50 PM | 50-Science &amp; Engineering Room 2116,Main Campus-UNF,Standard,OPEN,11,19,30,30
83912,PHY,2054C,PHY 2054C,Algebra-based Physics II,[REDACTED],MW | 9:00 AM - 9:50 AM | 59-Biological Sciences Room 2701; MW | 12:00 PM - 1:50 PM | 50-Science &amp; Engineering Room 2014,Main Campus-UNF,Standard,OPEN,8,22,30,24
83914,PHY,2054C,PHY 2054C,Algebra-based Physics II,[REDACTED],MW | 9:00 AM - 9:50 AM | 59-Biological Sciences Room 2701; MW | 12:00 PM - 1:50 PM | 50-Science &amp; Engineering Room 2014,Main Campus-UNF,Standard,OPEN,17,7,24,24
83915,PHY,2054C,PHY 2054C,Algebra-based Physics II,[REDACTED],MW | 9:00 AM - 9:50 AM | 59-Biological Sciences Room 2701; TR | 12:15 PM - 2:05 PM | 50-Science &amp; Engineering Room 2014,Main Campus-UNF,Standard,OPEN,6,18,24,24
83916,PHY,2054C,PHY 2054C,Algebra-based Phys II CCEC,[REDACTED],MWF | 8:00 AM - 8:50 AM | 59-Biological Sciences Room 2703; F | 9:00 AM - 11:50 AM | 50-Science &amp; Engineering Room 2014,Main Campus-UNF,Standard,OPEN,14,10,24,24
85546,PHY,2054C,PHY 2054C,Algebra-based Physics II,[REDACTED],MW | 9:00 AM - 9:50 AM | 59-Biological Sciences Room 2701; TR | 3:05 PM - 4:55 PM | 50-Science &amp; Engineering Room 2014,Main Campus-UNF,Standard,OPEN,18,6,24,24
83337,PHY,3101,PHY 3101,Modern Physics,[REDACTED],MW | 3:00 PM - 4:15 PM | 42-Coggin College of Business Room 1116,Main Campus-UNF,Standard,OPEN,10,30,40,30
82072,PHY,3101L,PHY 3101L,Modern Physics Laboratory,[REDACTED],T | 12:15 PM - 3:05 PM | 50-Science &amp; Engineering Room 2812,Main Campus-UNF,Standard,FULL - WAITLIST AVAILABLE,0,15,15,10
86072,PHY,3101L,PHY 3101L,Modern Physics Laboratory,[REDACTED],F | 9:00 AM - 11:50 AM | 50-Science &amp; Engineering Room 2812,Main Campus-UNF,Standard,OPEN,3,11,14,14
83641,PHY,4320,PHY 4320,Electricity and Magnetism,[REDACTED],MW | 10:00 AM - 11:40 AM | 50-Science &amp; Engineering Room 1402,Main Campus-UNF,Standard,FULL - WAITLIST AVAILABLE,0,24,24,24
83160,PHY,4523,PHY 4523,Thermodynamics and Statistical Mechanics,[REDACTED],MW | 2:00 PM - 3:40 PM | 50-Science &amp; Engineering Room 2400,Main Campus-UNF,Standard,OPEN,1,23,24,24
83743,PHY,4610,PHY 4610,Applications of Quantum Mechanics,[REDACTED],MW | 4:30 PM - 5:45 PM | 50-Science &amp; Engineering Room 1402,Main Campus-UNF,Standard,OPEN,15,15,30,30
86095,PHY,4905,PHY 4905,Directed Independent Study in Physics,[REDACTED],TBA,Main Campus-UNF,Independent,OPEN,3,7,10,10
86096,PHY,4905,PHY 4905,Directed Independent Study in Physics,[REDACTED],TBA,Main Campus-UNF,Independent,OPEN,6,4,10,10
86495,PHY,4905,PHY 4905,Directed Independent Study in Physics,[REDACTED],TBA,Main Campus-UNF,Independent,OPEN,9,1,10,10
83694,PHY,4910,PHY 4910,Physics Research and Seminar 1,[REDACTED],F | 12:00 PM - 12:50 PM | 59-Biological Sciences Room 2703,Main Campus-UNF,Independent,OPEN,7,13,20,20
83555,PHY,4911,PHY 4911,Physics Research and Seminar 2,[REDACTED],F | 12:00 PM - 12:50 PM | 59-Biological Sciences Room 2703,Main Campus-UNF,Independent,OPEN,17,3,20,20
85551,PHY,4930,PHY 4930,ST: Intro to Meteorology,[REDACTED],TR | 4:30 PM - 5:45 PM | 14D-Andrew A. Robinson Center Room 1011,Main Campus-UNF,Standard,OPEN,8,2,10,10
85823,PHY,4992,PHY 4992,Exp: Physics Research,[REDACTED],TBA,Main Campus-UNF,Independent,OPEN,13,7,20,7
85824,PHY,4992,PHY 4992,Exp: Physics Research,[REDACTED],TBA,Main Campus-UNF,Independent,OPEN,3,4,7,7
82773,PHZ,3113C,PHZ 3113C,Mathematical Physics,[REDACTED],TR | 9:25 AM - 10:40 AM | 50-Science &amp; Engineering Room 1402; R | 12:00 PM - 2:50 PM | 50-Science &amp; Engineering Room 2400,Main Campus-UNF,Standard,FULL - WAITLIST AVAILABLE,0,17,17,14
82774,PHZ,3113C,PHZ 3113C,Mathematical Physics,[REDACTED],F | 9:00 AM - 11:50 AM | 50-Science &amp; Engineering Room 2400; TR | 9:25 AM - 10:40 AM | 50-Science &amp; Engineering Room 1402,Main Campus-UNF,Standard,FULL - WAITLIST AVAILABLE,-1,13,12,14
82058,POS,2041,POS 2041,Introduction to American Government,[REDACTED],MW | 12:00 PM - 1:15 PM | 39-J. Brooks Brown Hall Room 1016,Main Campus-UNF,Standard,OPEN,2,158,160,50
82299,POS,2041,POS 2041,Introduction to American Government,[REDACTED],TR | 12:15 PM - 1:30 PM | 42-Coggin College of Business Room 1020,Main Campus-UNF,Standard,OPEN,1,199,200,50
83188,POS,2041,POS 2041,Introduction to American Government,[REDACTED],TR | 6:00 PM - 7:15 PM | 42-Coggin College of Business Room 1020,Main Campus-UNF,Standard,OPEN,92,108,200,50
83390,POS,2041,POS 2041,Introduction to American Government,[REDACTED],Online,Distance Learning,Online (DL),FULL - WAITLIST AVAILABLE,0,101,101,50
83593,POS,2041,POS 2041,(H) Intro to American Govt.,[REDACTED],MWF | 11:00 AM - 11:50 AM | 9-Fred Schultz Hall Room 2301,Main Campus-UNF,Standard,FULL - WAITLIST AVAILABLE,0,20,20,20
85243,POS,2041,POS 2041,Introduction to American Government,[REDACTED],Online,Distance Learning,Online (DL),FULL - WAITLIST AVAILABLE,0,101,101,50
85244,POS,2041,POS 2041,Introduction to American Government,[REDACTED],Online,Distance Learning,Online (DL),OPEN,1,100,101,50
82868,POS,3424,POS 3424,Congress and the Legislative Process,[REDACTED],MW | 4:30 PM - 5:45 PM | 51-Social Sciences Room 1209,Main Campus-UNF,Standard,OPEN,22,28,50,50
82635,POS,3444,POS 3444,"Parties, Campaigns and Elections",[REDACTED],TR | 10:50 AM - 12:05 PM | 51-Social Sciences Room 1209,Main Campus-UNF,Standard,OPEN,5,45,50,50
82216,POS,3606,POS 3606,The U.S. Supreme Court,[REDACTED],TR | 6:00 PM - 7:15 PM | 2-Founders Hall Room 1018,Main Campus-UNF,Standard,OPEN,32,18,50,50
85236,POS,3642,POS 3642,Election Law,[REDACTED],MW | 4:30 PM - 5:45 PM | 39A-J. Brooks Brown Hall Addit Room 1028,Main Campus-UNF,Standard,OPEN,30,20,50,50
86018,POS,3679,POS 3679,Mock Trial,[REDACTED],W | 6:00 PM - 8:45 PM | 45-Fine Arts Center Room 2403,Main Campus-UNF,Standard,OPEN,22,18,40,40
82455,POS,3733,POS 3733,Research Design for Political Scientists,[REDACTED],MW | 1:30 PM - 2:45 PM | 2-Founders Hall Room 2210,Main Campus-UNF,Standard,OPEN,8,32,40,30
82563,POS,3733,POS 3733,Research Design for Political Scientists,[REDACTED],Online,Distance Learning,Online (DL),OPEN,9,21,30,30
82619,POS,3734,POS 3734,Research Analysis for Political Scientists,[REDACTED],Online,Distance Learning,Online (DL),FULL - WAITLIST AVAILABLE,-2,42,40,30
83977,POS,3734,POS 3734,Research Analysis for Political Scientists,[REDACTED],TR | 12:15 PM - 1:30 PM | 51-Social Sciences Room 1102,Main Campus-UNF,Standard,OPEN,9,21,30,30
84407,POS,4608,POS 4608,Constitutional Law I: Powers and Constraints,[REDACTED],TR | 6:00 PM - 7:15 PM | 2-Founders Hall Room 2216,Main Campus-UNF,Standard,OPEN,27,13,40,40
84399,POS,4945,POS 4945,Internship/Field Experience,[REDACTED],Off Main Campus Room OFF-MC,Off-Campus: Internships,Independent,OPEN,9,1,10,0
85245,POS,4945,POS 4945,Internship/Field Experience,[REDACTED],Off Main Campus Room OFF-MC,Off-Campus: Internships,Independent,OPEN,3,7,10,0
82059,POT,3003,POT 3003,Political Thought and Action,[REDACTED],MW | 4:30 PM - 5:45 PM | 2-Founders Hall Room 1018,Main Campus-UNF,Standard,OPEN,39,11,50,50
84602,POT,4314,POT 4314,Democratic Theory,[REDACTED],Online,Distance Learning,Online (DL),FULL - WAITLIST AVAILABLE,0,40,40,40
82161,PPE,4003,PPE 4003,Theories of Personality,[REDACTED],Online,Distance Learning,Online (DL),FULL - WAITLIST AVAILABLE,-1,41,40,40
83187,PPE,4003,PPE 4003,Theories of Personality,[REDACTED],Online,Distance Learning,Online (DL),OPEN,1,39,40,40
85674,PPE,4003,PPE 4003,Theories of Personality,[REDACTED],Online,Distance Learning,Online (DL),FULL - WAITLIST AVAILABLE,0,40,40,40
82323,PSB,3002,PSB 3002,Behavioral Neuroscience,[REDACTED],W | 1:30 PM - 2:45 PM | 15-John E. Mathews Room 1104; Online,Hybrid - On Campus/Online,Hybrid,OPEN,3,27,30,30
82783,PSB,3002,PSB 3002,Behavioral Neuroscience,[REDACTED],T | 1:40 PM - 2:55 PM | 45-Fine Arts Center Room 2403; Online,Hybrid - On Campus/Online,Hybrid,OPEN,23,17,40,40
82923,PSB,3002,PSB 3002,Behavioral Neuroscience,[REDACTED],R | 1:40 PM - 2:55 PM | 45-Fine Arts Center Room 2403; Online,Hybrid - On Campus/Online,Hybrid,OPEN,25,15,40,40
85676,PSB,3002,PSB 3002,Behavioral Neuroscience,[REDACTED],R | 10:50 AM - 12:05 PM | 51-Social Sciences Room 1201; Online,Hybrid - On Campus/Online,Hybrid,FULL - WAITLIST AVAILABLE,0,30,30,30
82922,PSB,4930,PSB 4930,Advanced Topics in Behavioral Neuroscience,[REDACTED],R | 10:50 AM - 12:05 PM | 51-Social Sciences Room 1102; Online,Hybrid - On Campus/Online,Hybrid,FULL - WAITLIST AVAILABLE,-1,24,23,22
83744,PSB,6031,PSB 6031,Advanced Biopsychology,[REDACTED],R | 1:40 PM - 2:55 PM | 51-Social Sciences Room 1202; Online,Hybrid - On Campus/Online,Hybrid,OPEN,10,15,25,25
85675,PSB,6930,PSB 6930,Advanced Topics in Behavioral Neuroscience,[REDACTED],R | 10:50 AM - 12:05 PM | 51-Social Sciences Room 1102; Online,Hybrid - On Campus/Online,Hybrid,OPEN,1,1,2,5
82078,PSY,2012,PSY 2012,Introduction to Psychology,[REDACTED],MW | 1:30 PM - 2:45 PM | 42-Coggin College of Business Room 1020,Main Campus-UNF,Standard,OPEN,1,189,190,100
82492,PSY,2012,PSY 2012,Introduction to Psychology,[REDACTED],MWF | 10:00 AM - 10:50 AM | 42-Coggin College of Business Room 1020,Main Campus-UNF,Standard,OPEN,3,197,200,100
83005,PSY,2012,PSY 2012,Introduction to Psychology,[REDACTED],Online,Distance Learning,Online (DL),FULL - WAITLIST AVAILABLE,0,50,50,50
83294,PSY,2012,PSY 2012,Introduction to Psychology,[REDACTED],Online,Distance Learning,Online (DL),FULL - WAITLIST AVAILABLE,0,50,50,50
83657,PSY,2012,PSY 2012,Introduction to Psychology,[REDACTED],Online,Distance Learning,Online (DL),FULL - WAITLIST AVAILABLE,0,50,50,50
83949,PSY,2012,PSY 2012,(H) Introduction to Psychology,[REDACTED],TR | 9:25 AM - 10:40 AM | 51-Social Sciences Room 1103,Main Campus-UNF,Standard,FULL - WAITLIST AVAILABLE,0,20,20,20
86294,PSY,2012,PSY 2012,Introduction to Psychology,[REDACTED],TR | 10:50 AM - 12:05 PM | 39-J. Brooks Brown Hall Room 1016,Main Campus-UNF,Standard,OPEN,9,180,189,50
86295,PSY,2012,PSY 2012,Introduction to Psychology,[REDACTED],TR | 1:40 PM - 2:55 PM | 39-J. Brooks Brown Hall Room 1016,Main Campus-UNF,Standard,OPEN,68,121,189,50
86358,PSY,2012,PSY 2012,Introduction to Psychology,[REDACTED],Online,Distance Learning,Online (DL),FULL - WAITLIST AVAILABLE,0,50,50,50
82309,PSY,3021,PSY 3021,Professional Opportunities in Psychology Seminar,[REDACTED],Online,Distance Learning,Online (DL),FULL - WAITLIST AVAILABLE,0,40,40,40
82310,PSY,3021,PSY 3021,Professional Opportunities in Psychology Seminar,[REDACTED],Online,Distance Learning,Online (DL),OPEN,5,35,40,40
82351,PSY,3021,PSY 3021,Professional Opportunities in Psychology Seminar,[REDACTED],Online,Distance Learning,Online (DL),FULL - WAITLIST AVAILABLE,-1,41,40,40
82418,PSY,3021,PSY 3021,Professional Opportunities in Psychology Seminar,[REDACTED],Online,Distance Learning,Online (DL),FULL - WAITLIST AVAILABLE,0,40,40,40
83295,PSY,3021,PSY 3021,Professional Opportunities in Psychology Seminar,[REDACTED],Online,Distance Learning,Online (DL),OPEN,1,39,40,40
82395,PSY,3213,PSY 3213,Research Methods in Psychology,[REDACTED],T | 9:25 AM - 10:40 AM | 15-John E. Mathews Room 1204; Online,Hybrid - On Campus/Online,Hybrid,OPEN,1,23,24,24
82396,PSY,3213,PSY 3213,Research Methods in Psychology,[REDACTED],TR | 12:15 PM - 1:30 PM | 51-Social Sciences Room 1103,Main Campus-UNF,Standard,OPEN,1,23,24,24
82865,PSY,3213,PSY 3213,Research Methods in Psychology,[REDACTED],MW | 1:30 PM - 2:45 PM | 51-Social Sciences Room 1103,Main Campus-UNF,Standard,FULL - WAITLIST AVAILABLE,0,24,24,24
82866,PSY,3213,PSY 3213,Research Methods in Psychology,[REDACTED],TR | 4:30 PM - 5:45 PM | 51-Social Sciences Room 1103,Main Campus-UNF,Standard,OPEN,1,23,24,24
83631,PSY,3213,PSY 3213,Research Methods in Psychology,[REDACTED],M | 10:00 AM - 10:50 AM | 9-Fred Schultz Hall Room 1413; Online,Hybrid - On Campus/Online,Hybrid,OPEN,1,23,24,24
83746,PSY,3213,PSY 3213,Research Methods in Psychology,[REDACTED],W | 10:00 AM - 10:50 AM | 9-Fred Schultz Hall Room 1413; Online,Hybrid - On Campus/Online,Hybrid,FULL - WAITLIST AVAILABLE,-1,25,24,24
83747,PSY,3213,PSY 3213,Research Methods in Psychology,[REDACTED],F | 10:00 AM - 10:50 AM | 9-Fred Schultz Hall Room 1413; Online,Hybrid - On Campus/Online,Hybrid,FULL - WAITLIST AVAILABLE,0,24,24,24
83748,PSY,3213,PSY 3213,Research Methods in Psychology,[REDACTED],W | 1:30 PM - 2:45 PM | 57-Petway Hall Room 1280; Online,Hybrid - On Campus/Online,Hybrid,FULL - WAITLIST AVAILABLE,-1,25,24,25
83749,PSY,3213,PSY 3213,Research Methods in Psychology,[REDACTED],M | 1:30 PM - 2:45 PM | 57-Petway Hall Room 1280; Online,Hybrid - On Campus/Online,Hybrid,FULL - WAITLIST AVAILABLE,0,24,24,24
83750,PSY,3213,PSY 3213,Research Methods in Psychology,[REDACTED],T | 10:50 AM - 12:05 PM | 42-Coggin College of Business Room 1113; Online,Hybrid - On Campus/Online,Hybrid,FULL - WAITLIST AVAILABLE,-1,25,24,24
82201,PSY,3213L,PSY 3213L,Research Methods Lab,[REDACTED],F | 9:00 AM - 11:45 AM | 51-Social Sciences Room 1202,Main Campus-UNF,Standard,OPEN,1,23,24,24
82390,PSY,3213L,PSY 3213L,Research Methods Lab,[REDACTED],F | 12:00 PM - 2:45 PM | 51-Social Sciences Room 1202,Main Campus-UNF,Standard,FULL - WAITLIST AVAILABLE,0,24,24,24
82428,PSY,3213L,PSY 3213L,Research Methods Lab,[REDACTED],F | 9:00 AM - 11:45 AM | 51-Social Sciences Room 1201,Main Campus-UNF,Standard,FULL - WAITLIST AVAILABLE,0,24,24,24
83751,PSY,3213L,PSY 3213L,Research Methods Lab,[REDACTED],F | 12:00 PM - 2:45 PM | 51-Social Sciences Room 1201,Main Campus-UNF,Standard,OPEN,1,23,24,24
83752,PSY,3213L,PSY 3213L,Research Methods Lab,[REDACTED],R | 3:05 PM - 5:50 PM | 51-Social Sciences Room 1201,Main Campus-UNF,Standard,FULL - WAITLIST AVAILABLE,0,24,24,24
83753,PSY,3213L,PSY 3213L,Research Methods Lab,[REDACTED],T | 3:05 PM - 5:50 PM | 51-Social Sciences Room 1201,Main Campus-UNF,Standard,FULL - WAITLIST AVAILABLE,0,24,24,24
83754,PSY,3213L,PSY 3213L,Research Methods Lab,[REDACTED],T | 6:00 PM - 8:45 PM | 51-Social Sciences Room 1202,Main Campus-UNF,Standard,FULL - WAITLIST AVAILABLE,0,24,24,24
83974,PSY,3213L,PSY 3213L,Research Methods Lab,[REDACTED],R | 6:00 PM - 8:45 PM | 51-Social Sciences Room 1202,Main Campus-UNF,Standard,FULL - WAITLIST AVAILABLE,0,24,24,24
83975,PSY,3213L,PSY 3213L,Research Methods Lab,[REDACTED],M | 10:30 AM - 1:15 PM | 51-Social Sciences Room 1201,Main Campus-UNF,Standard,FULL - WAITLIST AVAILABLE,0,24,24,24
85672,PSY,3213L,PSY 3213L,Research Methods Lab,[REDACTED],W | 10:30 AM - 1:15 PM | 51-Social Sciences Room 1201,Main Campus-UNF,Standard,FULL - WAITLIST AVAILABLE,-1,25,24,24
82629,PSY,3810,PSY 3810,Evolutionary Psychology,[REDACTED],Online,Distance Learning,Online (DL),FULL - WAITLIST AVAILABLE,0,40,40,40
82631,PSY,3810,PSY 3810,Evolutionary Psychology,[REDACTED],Online,Distance Learning,Online (DL),FULL - WAITLIST AVAILABLE,0,40,40,40
83201,PSY,3832,PSY 3832,Psychology of Sport,[REDACTED],Online,Distance Learning,Online (DL),FULL - WAITLIST AVAILABLE,-1,41,40,40
85481,PSY,3832,PSY 3832,Psychology of Sport,[REDACTED],TR | 3:05 PM - 4:20 PM | 39-J. Brooks Brown Hall Room 1009,Main Campus-UNF,Standard,OPEN,1,59,60,0
85483,PSY,3832,PSY 3832,Psychology of Sport,[REDACTED],TR | 3:05 PM - 4:20 PM | 39-J. Brooks Brown Hall Room 1009,Main Campus-UNF,Standard,OPEN,9,51,60,0
85664,PSY,3911,PSY 3911,Supervised Research,[REDACTED],TBA,Main Campus-UNF,Independent,OPEN,2,1,3,2
85668,PSY,3911,PSY 3911,Supervised Research,[REDACTED],TBA,Main Campus-UNF,Independent,OPEN,3,0,3,2
86021,PSY,3911,PSY 3911,Supervised Research,[REDACTED],TBA,Main Campus-UNF,Independent,OPEN,2,1,3,0
86063,PSY,3911,PSY 3911,Supervised Research,[REDACTED],TBA,Main Campus-UNF,Independent,OPEN,1,2,3,2
86073,PSY,3911,PSY 3911,Supervised Research,[REDACTED],TBA,Main Campus-UNF,Independent,OPEN,2,1,3,0
86111,PSY,3911,PSY 3911,Supervised Research,[REDACTED],TBA,Main Campus-UNF,Independent,OPEN,2,1,3,0
86179,PSY,3911,PSY 3911,Supervised Research,[REDACTED],TBA,Main Campus-UNF,Independent,OPEN,1,2,3,0
86272,PSY,3911,PSY 3911,Supervised Research,[REDACTED],TBA,Main Campus-UNF,Independent,OPEN,1,2,3,0
86440,PSY,3911,PSY 3911,Supervised Research,[REDACTED],TBA,Main Campus-UNF,Independent,OPEN,1,2,3,0
86442,PSY,3911,PSY 3911,Supervised Research,[REDACTED],TBA,Main Campus-UNF,Independent,OPEN,1,2,3,0
86445,PSY,3911,PSY 3911,Supervised Research,[REDACTED],TBA,Main Campus-UNF,Independent,OPEN,2,1,3,0
86472,PSY,3911,PSY 3911,Supervised Research,[REDACTED],TBA,Main Campus-UNF,Independent,OPEN,1,2,3,0
86488,PSY,3911,PSY 3911,Supervised Research,[REDACTED],TBA,Main Campus-UNF,Independent,OPEN,2,1,3,0
86512,PSY,3911,PSY 3911,Supervised Research,[REDACTED],TBA,Main Campus-UNF,Independent,OPEN,1,1,2,0
82202,PSY,4302C,PSY 4302C,Psychological Testing,[REDACTED],TR | 8:00 AM - 9:40 AM | 51-Social Sciences Room 1202,Main Campus-UNF,Standard,FULL - WAITLIST AVAILABLE,0,20,20,20
82638,PSY,4302C,PSY 4302C,Psychological Testing,[REDACTED],R | 3:50 PM - 5:30 PM | 51-Social Sciences Room 1202; Online,Hybrid - On Campus/Online,Hybrid,FULL - WAITLIST AVAILABLE,-2,22,20,20
82697,PSY,4302C,PSY 4302C,Psychological Testing,[REDACTED],M | 8:00 AM - 9:40 AM | 51-Social Sciences Room 1202; Online,Hybrid - On Campus/Online,Hybrid,FULL - WAITLIST AVAILABLE,0,20,20,20
82882,PSY,4302C,PSY 4302C,Psychological Testing,[REDACTED],W | 8:00 AM - 9:40 AM | 51-Social Sciences Room 1202; Online,Hybrid - On Campus/Online,Hybrid,FULL - WAITLIST AVAILABLE,0,20,20,20
82571,PSY,4604,PSY 4604,History of Psychology,[REDACTED],Online,Distance Learning,Online (DL),FULL - WAITLIST AVAILABLE,-8,58,50,50
85995,PSY,4906,PSY 4906,Directed Individual Study,[REDACTED],TBA,Main Campus-UNF,Independent,FULL,0,1,1,0
86464,PSY,4906,PSY 4906,Directed Individual Study,[REDACTED],TBA,Main Campus-UNF,Independent,FULL,0,1,1,0
86473,PSY,4906,PSY 4906,Directed Individual Study,[REDACTED],TBA,Main Campus-UNF,Independent,FULL,0,1,1,0
86482,PSY,4906,PSY 4906,Directed Individual Study,[REDACTED],TBA,Main Campus-UNF,Independent,FULL,0,1,1,0
86496,PSY,4906,PSY 4906,Directed Individual Study,[REDACTED],TBA,Main Campus-UNF,Independent,OPEN,4,1,5,5
83585,PSY,4935,PSY 4935,ST: Intro to Child Life,[REDACTED],Online,Distance Learning,Online (DL),FULL - WAITLIST AVAILABLE,0,40,40,40
83755,PSY,4935,PSY 4935,ST: Psychology of Love,[REDACTED],TR | 10:50 AM - 12:05 PM | 42-Coggin College of Business Room 1020,Main Campus-UNF,Standard,OPEN,81,119,200,100
84392,PSY,4935,PSY 4935,ST: Adaptive Neurotech,[REDACTED],Online,Distance Learning,Online (DL),OPEN,16,24,40,40
85678,PSY,4935,PSY 4935,ST: School Psychology,[REDACTED],M | 11:00 AM - 11:50 AM | 51-Social Sciences Room 1205; Online,Hybrid - On Campus/Online,Hybrid,OPEN,24,26,50,50
82080,PSY,4945,PSY 4945,Practicum in Applied Psychology,[REDACTED],F | 9:00 AM - 11:45 AM | 51-Social Sciences Room 1104,Main Campus-UNF,Independent,OPEN,9,26,35,35
82355,PSY,4945,PSY 4945,Practicum in Applied Psychology,[REDACTED],F | 12:00 PM - 2:45 PM | 2-Founders Hall Room 2221,Main Campus-UNF,Standard,OPEN,6,14,20,20
84667,PSY,4945,PSY 4945,Practicum in Applied Psychology,[REDACTED],F | 12:00 PM - 2:45 PM | 2-Founders Hall Room 2222,Main Campus-UNF,Standard,OPEN,3,2,5,5
82698,PSY,6214,PSY 6214,Research Design and Analysis I,[REDACTED],TR | 1:40 PM - 2:55 PM | 15-John E. Mathews Room 1206,Main Campus-UNF,Standard,OPEN,3,22,25,25
85670,PSY,6607,PSY 6607,Current and Future Directions in Psychology,[REDACTED],TR | 9:25 AM - 10:40 AM | 51-Social Sciences Room 1102,Main Campus-UNF,Standard,OPEN,11,14,25,25
86396,PSY,6908,PSY 6908,Directed Individual Study,[REDACTED],TBA,Main Campus-UNF,Independent,FULL,0,1,1,0
86522,PSY,6908,PSY 6908,Directed Individual Study,[REDACTED],TBA,Main Campus-UNF,Independent,FULL,0,1,1,0
86525,PSY,6908,PSY 6908,Directed Individual Study,[REDACTED],TBA,Main Campus-UNF,Independent,OPEN,4,1,5,0
83756,PSY,6910,PSY 6910,Supervised Research,[REDACTED],TBA,Main Campus-UNF,Independent,FULL - WAITLIST AVAILABLE,0,2,2,2
83757,PSY,6910,PSY 6910,Supervised Research,[REDACTED],TBA,Main Campus-UNF,Independent,FULL - WAITLIST AVAILABLE,0,2,2,2
83758,PSY,6910,PSY 6910,Supervised Research,[REDACTED],TBA,Main Campus-UNF,Independent,FULL - WAITLIST AVAILABLE,0,2,2,1
83759,PSY,6910,PSY 6910,Supervised Research,[REDACTED],TBA,Main Campus-UNF,Independent,FULL - WAITLIST AVAILABLE,0,3,3,1
84054,PSY,6910,PSY 6910,Supervised Research,[REDACTED],TBA,Main Campus-UNF,Independent,OPEN,1,3,4,1
84055,PSY,6910,PSY 6910,Supervised Research,[REDACTED],TBA,Main Campus-UNF,Independent,OPEN,1,1,2,1
84056,PSY,6910,PSY 6910,Supervised Research,[REDACTED],TBA,Main Campus-UNF,Independent,FULL - WAITLIST AVAILABLE,0,2,2,1
84874,PSY,6910,PSY 6910,Supervised Research,[REDACTED],TBA,Main Campus-UNF,Independent,FULL - WAITLIST AVAILABLE,0,1,1,1
84998,PSY,6910,PSY 6910,Supervised Research,[REDACTED],TBA,Main Campus-UNF,Independent,FULL - WAITLIST AVAILABLE,0,1,1,1
86166,PSY,6910,PSY 6910,Supervised Research,[REDACTED],TBA,Main Campus-UNF,Independent,FULL,0,2,2,0
86167,PSY,6910,PSY 6910,Supervised Research,[REDACTED],TBA,Main Campus-UNF,Independent,FULL,0,2,2,0
83091,PSY,6937,PSY 6937,Colloquium in Psychological Research,[REDACTED],R | 10:50 AM - 12:05 PM | 51-Social Sciences Room 3102,Main Campus-UNF,Standard,FULL - WAITLIST AVAILABLE,-1,23,22,22
84944,PSY,6971,PSY 6971,Thesis A,[REDACTED],TBA,Main Campus-UNF,Independent,FULL - WAITLIST AVAILABLE,0,1,1,1
84048,PSY,6972,PSY 6972,Thesis B,[REDACTED],TBA,Main Campus-UNF,Independent,FULL - WAITLIST AVAILABLE,0,1,1,1
84049,PSY,6972,PSY 6972,Thesis B,[REDACTED],TBA,Main Campus-UNF,Independent,OPEN,1,1,2,2
84050,PSY,6972,PSY 6972,Thesis B,[REDACTED],TBA,Main Campus-UNF,Independent,FULL - WAITLIST AVAILABLE,0,2,2,3
84051,PSY,6972,PSY 6972,Thesis B,[REDACTED],TBA,Main Campus-UNF,Independent,FULL - WAITLIST AVAILABLE,0,2,2,2
84052,PSY,6972,PSY 6972,Thesis B,[REDACTED],TBA,Main Campus-UNF,Independent,FULL - WAITLIST AVAILABLE,0,1,1,1
84053,PSY,6972,PSY 6972,Thesis B,[REDACTED],TBA,Main Campus-UNF,Independent,OPEN,4,1,5,1
84388,PSY,6972,PSY 6972,Thesis B,[REDACTED],TBA,Main Campus-UNF,Independent,OPEN,1,1,2,2
84389,PSY,6972,PSY 6972,Thesis B,[REDACTED],TBA,Main Campus-UNF,Independent,FULL - WAITLIST AVAILABLE,0,1,1,1
84390,PSY,6972,PSY 6972,Thesis B,[REDACTED],TBA,Main Campus-UNF,Independent,FULL - WAITLIST AVAILABLE,0,1,1,1
84391,PSY,6972,PSY 6972,Thesis B,[REDACTED],TBA,Main Campus-UNF,Independent,FULL - WAITLIST AVAILABLE,0,2,2,1
86112,PSY,6973,PSY 6973,Thesis C,[REDACTED],TBA,Main Campus-UNF,Independent,FULL,0,1,1,0
86441,PSY,6973,PSY 6973,Thesis C,[REDACTED],TBA,Main Campus-UNF,Independent,FULL,0,1,1,0
82869,PUP,4003,PUP 4003,The Policy-Making Process,[REDACTED],Online,Distance Learning,Online (DL),OPEN,14,26,40,40
82346,PUR,3000,PUR 3000,Principles of Public Relations,[REDACTED],TR | 9:25 AM - 10:40 AM | 14D-Andrew A. Robinson Center Room 2001,Main Campus-UNF,Standard,OPEN,32,18,50,50
82536,PUR,3100,PUR 3100,Public Relations Writing,[REDACTED],MWF | 11:00 AM - 11:50 AM | 14D-Andrew A. Robinson Center Room 1015,Main Campus-UNF,Standard,OPEN,1,19,20,20
82016,PUR,4400,PUR 4400,Crisis Communications,[REDACTED],Online,Distance Learning,Online (DL),FULL - WAITLIST AVAILABLE,0,30,30,20
83707,PUR,4800,PUR 4800,Public Relations Campaigns,[REDACTED],MW | 12:00 PM - 1:15 PM | 14D-Andrew A. Robinson Center Room 1015,Main Campus-UNF,Standard,OPEN,1,19,20,20
82017,PUR,4801,PUR 4801,Public Relations Cases,[REDACTED],MW | 1:30 PM - 2:45 PM | 14D-Andrew A. Robinson Center Room 1015,Main Campus-UNF,Standard,OPEN,3,17,20,10
83933,RED,4333,RED 4333,Reading and Writing Across the Curriculum,[REDACTED],Online,Distance Learning,Online (DL),OPEN,9,26,35,5
85594,RED,4335,RED 4335,Language and Cognitive Foundations for Reading,[REDACTED],Online,Distance Learning,Online (DL),OPEN,15,15,30,5
86088,RED,4844,RED 4844,Supervised Literacy Practicum,[REDACTED],T | 4:30 PM - 7:15 PM | Online,Distance Learning,Live Online,OPEN,14,16,30,5
85694,RED,5846,RED 5846,Practicum in Reading,[REDACTED],TBA,Main Campus-UNF,Independent,OPEN,13,7,20,5
84569,RED,6656,RED 6656,Advanced Foundations of Reading,[REDACTED],Online,Distance Learning,Online (DL),OPEN,19,11,30,0
84570,RED,6657,RED 6657,Evidence-Based Literacy Instruction,[REDACTED],Online,Distance Learning,Online (DL),OPEN,2,28,30,0
82167,REE,4043,REE 4043,Real Estate Analysis,[REDACTED],MW | 1:30 PM - 2:45 PM | 42-Coggin College of Business Room 1111,Main Campus-UNF,Standard,FULL - WAITLIST AVAILABLE,0,43,43,5
82349,REE,4043,REE 4043,Real Estate Analysis,[REDACTED],MW | 3:00 PM - 4:15 PM | 42-Coggin College of Business Room 1111,Main Campus-UNF,Standard,FULL - WAITLIST AVAILABLE,0,43,43,5
82567,REE,4043,REE 4043,Real Estate Analysis,[REDACTED],MW | 6:00 PM - 7:15 PM | 42-Coggin College of Business Room 1111,Main Campus-UNF,Standard,FULL - WAITLIST AVAILABLE,0,43,43,5
82566,REE,4303,REE 4303,Real Estate Finance and Investments,[REDACTED],MW | 7:30 PM - 8:45 PM | 42-Coggin College of Business Room 1111,Main Campus-UNF,Standard,OPEN,15,28,43,5
83096,REL,2300,REL 2300,(GW) Comparative Religion,[REDACTED],TR | 12:15 PM - 1:30 PM | 59-Biological Sciences Room 2701,Main Campus-UNF,Standard,OPEN,1,49,50,25
83551,REL,2300,REL 2300,(GW) Comparative Religion,[REDACTED],MWF | 10:00 AM - 10:50 AM | 39A-J. Brooks Brown Hall Addit Room 1032,Main Campus-UNF,Standard,FULL - WAITLIST AVAILABLE,0,25,25,25
83720,REL,2300,REL 2300,(GW) Comparative Religion,[REDACTED],MWF | 11:00 AM - 11:50 AM | 39A-J. Brooks Brown Hall Addit Room 1032,Main Campus-UNF,Standard,FULL - WAITLIST AVAILABLE,0,25,25,25
84280,REL,2300,REL 2300,(GW) Comparative Religion,[REDACTED],TR | 9:25 AM - 10:40 AM | 39A-J. Brooks Brown Hall Addit Room 1032,Main Campus-UNF,Standard,OPEN,1,24,25,25
84281,REL,2300,REL 2300,(GW) Comparative Religion,[REDACTED],TR | 10:50 AM - 12:05 PM | 39A-J. Brooks Brown Hall Addit Room 1032,Main Campus-UNF,Standard,FULL - WAITLIST AVAILABLE,0,25,25,25
86193,REL,2300,REL 2300,(GW) Comparative Religion,[REDACTED],MWF | 9:00 AM - 9:50 AM | 15-John E. Mathews Room 1205,Main Campus-UNF,Standard,FULL - WAITLIST AVAILABLE,0,27,27,25
86232,REL,2300,REL 2300,(GW) Comparative Religion,[REDACTED],MW | 1:30 PM - 2:45 PM | 15-John E. Mathews Room 1202,Main Campus-UNF,Standard,FULL - WAITLIST AVAILABLE,0,27,27,27
83304,REL,3102,REL 3102,Religion as Culture,[REDACTED],TR | 1:40 PM - 2:55 PM | 2-Founders Hall Room 2219,Main Campus-UNF,Standard,OPEN,7,23,30,30
85355,REL,3111,REL 3111,Religion and Film,[REDACTED],W | 6:00 PM - 8:45 PM | 2-Founders Hall Room 2218,Main Campus-UNF,Standard,OPEN,11,14,25,25
85337,REL,3457,REL 3457,Chinese Philosophy &amp; Religion,[REDACTED],F | 12:00 PM - 2:45 PM | 57-Petway Hall Room 1270,Main Campus-UNF,Standard,OPEN,8,2,10,10
85354,REL,4404,REL 4404,Comparative Muslim Cultures,[REDACTED],MW | 3:00 PM - 4:15 PM | 39A-J. Brooks Brown Hall Addit Room 1030,Main Campus-UNF,Standard,OPEN,6,4,10,10
82147,RMI,3011,RMI 3011,Risk Management and Insurance,[REDACTED],TR | 3:05 PM - 4:20 PM | 42-Coggin College of Business Room 1111,Main Campus-UNF,Standard,OPEN,1,42,43,5
82770,RTV,3220C,RTV 3220C,Television Production/Visual Arts Television,[REDACTED],TR | 3:05 PM - 4:20 PM | 14D-Andrew A. Robinson Center Room 1011,Main Campus-UNF,Standard,OPEN,2,14,16,16
82919,RTV,3221,RTV 3221,Digital Video Editing,[REDACTED],T | 10:50 AM - 1:30 PM | 14D-Andrew A. Robinson Center Room 1011,Main Campus-UNF,Standard,FULL - WAITLIST AVAILABLE,0,20,20,20
82439,RTV,3228,RTV 3228,Multi Camera Video Production,[REDACTED],R | 10:50 AM - 1:30 PM | 14D-Andrew A. Robinson Center Room 1011,Main Campus-UNF,Standard,FULL - WAITLIST AVAILABLE,0,20,20,20
82537,RTV,3260,RTV 3260,Single Camera Video Production,[REDACTED],MWF | 11:00 AM - 11:50 AM | 14D-Andrew A. Robinson Center Room 1011,Main Campus-UNF,Standard,FULL - WAITLIST AVAILABLE,0,20,20,20
83309,RTV,4661,RTV 4661,Advanced Television Production,[REDACTED],MW | 12:00 PM - 1:15 PM | 14D-Andrew A. Robinson Center Room 1011,Main Campus-UNF,Standard,FULL - WAITLIST AVAILABLE,0,20,20,20
83935,SCE,4310,SCE 4310,Science Methods for Elementary Teachers,[REDACTED],W | 12:00 PM - 2:45 PM | 57-Petway Hall Room 1250,Main Campus-UNF,Standard,FULL - WAITLIST AVAILABLE,0,36,36,5
85994,SCE,4310,SCE 4310,Science Methods for Elementary Teachers,[REDACTED],W | 4:30 PM - 7:15 PM | 57-Petway Hall Room 1250,Main Campus-UNF,Standard,OPEN,24,11,35,0
83283,SCM,4155,SCM 4155,Supply Chain Management,[REDACTED],Online,Distance Learning,Online (DL),OPEN,22,13,35,5
85289,SDS,4340,SDS 4340,Next Steps to Career Success,[REDACTED],Online,Distance Learning,Online (DL),OPEN,30,0,30,0
86049,SDS,6014,SDS 6014,Organization and Administration of School Counseling,[REDACTED],W | 6:00 PM - 8:45 PM | Online; W | 6:00 PM - 8:45 PM | Online; W | 6:00 PM - 8:45 PM | Online; W | 6:00 PM - 8:45 PM | Online; W | 6:00 PM - 8:45 PM | Online; W | 6:00 PM - 8:45 PM | Online; W | 6:00 PM - 8:45 PM | Online; W | 6:00 PM - 8:45 PM | Online; Online,Distance Learning,Live Online,OPEN,3,27,30,5
85888,SDS,6310,SDS 6310,College and Career Readiness,[REDACTED],M | 6:00 PM - 8:45 PM | Online; M | 6:00 PM - 8:45 PM | Online; M | 6:00 PM - 8:45 PM | Online; M | 6:00 PM - 8:45 PM | Online; M | 6:00 PM - 8:45 PM | Online; M | 6:00 PM - 8:45 PM | Online; M | 6:00 PM - 8:45 PM | Online; Online,Distance Learning,Live Online,OPEN,8,27,35,5
85889,SDS,6830,SDS 6830,Internship in School Counseling: Counseling/Coordination of Guidance Services,[REDACTED],T | 6:00 PM - 8:45 PM | Online,Distance Learning,Live Online,OPEN,3,9,12,0
85890,SDS,6830,SDS 6830,Internship in School Counseling: Counseling/Coordination of Guidance Services,[REDACTED],T | 6:00 PM - 8:45 PM | Online,Distance Learning,Live Online,OPEN,10,9,19,0
85891,SDS,6830,SDS 6830,Internship in School Counseling: Counseling/Coordination of Guidance Services,[REDACTED],T | 6:00 PM - 8:45 PM | Online,Distance Learning,Live Online,OPEN,5,7,12,0
85893,SDS,6930,SDS 6930,Advanced Seminar of Current Issues in School Counseling,[REDACTED],W | 6:00 PM - 8:45 PM | 57-Petway Hall Room 3430; W | 6:00 PM - 8:45 PM | 57-Petway Hall Room 3430; W | 6:00 PM - 8:45 PM | 57-Petway Hall Room 3430; W | 6:00 PM - 8:45 PM | 57-Petway Hall Room 3430; W | 6:00 PM - 8:45 PM | 57-Petway Hall Room 3430; W | 6:00 PM - 8:45 PM | 57-Petway Hall Room 3430; W | 6:00 PM - 8:45 PM | 57-Petway Hall Room 3430; Online,Hybrid - On Campus/Online,Hybrid,OPEN,5,14,19,0
86041,SDS,6930,SDS 6930,Advanced Seminar of Current Issues in School Counseling,[REDACTED],W | 6:00 PM - 8:45 PM | 57-Petway Hall Room 2120; W | 6:00 PM - 8:45 PM | 57-Petway Hall Room 2120; W | 6:00 PM - 8:45 PM | 57-Petway Hall Room 2120; W | 6:00 PM - 8:45 PM | 57-Petway Hall Room 2120; W | 6:00 PM - 8:45 PM | 57-Petway Hall Room 2120; W | 6:00 PM - 8:45 PM | 57-Petway Hall Room 2120; W | 6:00 PM - 8:45 PM | 57-Petway Hall Room 2120; Online,Hybrid - On Campus/Online,Hybrid,FULL,0,15,15,0
84476,SLS,2004,SLS 2004,CCEC and You,[REDACTED],R | 4:30 PM - 5:45 PM | 50-Science &amp; Engineering Room 1202,Main Campus-UNF,Standard,OPEN,1,64,65,15
82556,SLS,3408,SLS 3408,Employability Skills and Career Success,[REDACTED],Online,Distance Learning,Online (DL),FULL - WAITLIST AVAILABLE,-1,31,30,5
83142,SLS,3408,SLS 3408,Employability Skills and Career Success,[REDACTED],Online,Distance Learning,Online (DL),FULL - WAITLIST AVAILABLE,0,30,30,5
86004,SLS,3408,SLS 3408,Employability Skills and Career Success,[REDACTED],Online,Distance Learning,Online (DL),FULL - WAITLIST AVAILABLE,-2,32,30,5
84150,SMT,4664,SMT 4664,Problem-Based Instruction Math-Science,[REDACTED],W | 4:30 PM - 7:15 PM | 57-Petway Hall Room 1210,Main Campus-UNF,Standard,OPEN,12,14,26,0
84384,SMT,6315,SMT 6315,Problem-Based Instruction in Math-Science,[REDACTED],W | 4:30 PM - 7:15 PM | Online,Distance Learning,Live Online,OPEN,8,2,10,0
82224,SOP,2772,SOP 2772,Human Sexual Behavior,[REDACTED],TR | 9:25 AM - 10:40 AM | 39-J. Brooks Brown Hall Room 1016,Main Campus-UNF,Standard,OPEN,32,93,125,100
82586,SOP,3004,SOP 3004,Social Psychology,[REDACTED],MWF | 11:00 AM - 11:50 AM | 9-Fred Schultz Hall Room 1421,Main Campus-UNF,Standard,FULL - WAITLIST AVAILABLE,0,100,100,100
82648,SOP,3004,SOP 3004,Social Psychology,[REDACTED],Online,Distance Learning,Online (DL),FULL - WAITLIST AVAILABLE,-1,41,40,40
83422,SOP,3004,SOP 3004,Social Psychology,[REDACTED],Online,Distance Learning,Online (DL),FULL - WAITLIST AVAILABLE,0,40,40,40
82176,SOP,3214C,SOP 3214C,Experimental Social Psychology,[REDACTED],M | 11:50 AM - 1:30 PM | 51-Social Sciences Room 1202; Online,Hybrid - On Campus/Online,Hybrid,FULL - WAITLIST AVAILABLE,-1,21,20,20
82177,SOP,3214C,SOP 3214C,Experimental Social Psychology,[REDACTED],W | 11:50 AM - 1:30 PM | 51-Social Sciences Room 1202; Online,Hybrid - On Campus/Online,Hybrid,FULL - WAITLIST AVAILABLE,-1,21,20,20
82457,SOP,3214C,SOP 3214C,Experimental Social Psychology,[REDACTED],M | 2:00 PM - 3:40 PM | 51-Social Sciences Room 1202; Online,Hybrid - On Campus/Online,Hybrid,OPEN,4,16,20,20
82464,SOP,3214C,SOP 3214C,Experimental Social Psychology,[REDACTED],W | 2:00 PM - 3:40 PM | 51-Social Sciences Room 1202; Online,Hybrid - On Campus/Online,Hybrid,OPEN,1,19,20,20
86379,SOP,3214C,SOP 3214C,Experimental Social Psychology,[REDACTED],W | 10:00 AM - 11:40 AM | 51-Social Sciences Room 1202; Online,Hybrid - On Campus/Online,Hybrid,FULL - WAITLIST AVAILABLE,-1,21,20,20
84089,SOP,3515,SOP 3515,Fundamentals of Conflict Transformation,[REDACTED],Online,Distance Learning,Online (DL),OPEN,2,38,40,40
82333,SOP,3742,SOP 3742,Psychology of Women,[REDACTED],M | 1:30 PM - 2:45 PM | 51-Social Sciences Room 1102; Online,Hybrid - On Campus/Online,Hybrid,OPEN,16,30,46,40
82391,SOP,3742,SOP 3742,Psychology of Women,[REDACTED],W | 1:30 PM - 2:45 PM | 51-Social Sciences Room 1102; Online,Hybrid - On Campus/Online,Hybrid,OPEN,15,31,46,40
82419,SOP,3742,SOP 3742,Psychology of Women,[REDACTED],Online,Distance Learning,Online (DL),FULL - WAITLIST AVAILABLE,0,50,50,50
84863,SOP,3742,SOP 3742,Psychology of Women,[REDACTED],Online,Distance Learning,Online (DL),FULL - WAITLIST AVAILABLE,0,50,50,50
85673,SOP,3751,SOP 3751,Psychology and the Law,[REDACTED],Online,Distance Learning,Online (DL),FULL - WAITLIST AVAILABLE,0,40,40,40
82867,SOW,3213,SOW 3213,Social Welfare Policy,[REDACTED],Online,Distance Learning,Online (DL),FULL - WAITLIST AVAILABLE,-2,37,35,35
82463,SOW,3293,SOW 3293,Social Work Communication,[REDACTED],W | 9:00 AM - 11:45 AM | 57-Petway Hall Room 2070,Main Campus-UNF,Standard,FULL - WAITLIST AVAILABLE,0,35,35,35
86307,SOW,3403,SOW 3403,Social Work Research Methods,[REDACTED],TR | 1:40 PM - 2:55 PM | 2-Founders Hall Room 2216,Main Campus-UNF,Standard,OPEN,4,36,40,40
86308,SOW,3620,SOW 3620,Social Work with Marginalized Groups,[REDACTED],Online,Distance Learning,Online (DL),FULL - WAITLIST AVAILABLE,-1,41,40,40
82458,SOW,4101,SOW 4101,Human Behavior and the Social Environment I,[REDACTED],TR | 10:50 AM - 12:05 PM | 51-Social Sciences Room 1205,Main Campus-UNF,Standard,OPEN,4,36,40,40
82374,SOW,4322,SOW 4322,Social Work with Organizations and Communities,[REDACTED],Online,Distance Learning,Online (DL),OPEN,4,36,40,40
85260,SOW,4352,SOW 4352,Principles of Social Service Provision,[REDACTED],M | 3:00 PM - 5:45 PM | 8-English Hall Room 2054,Main Campus-UNF,Standard,OPEN,1,34,35,35
82375,SOW,4511,SOW 4511,Field Education I,[REDACTED],Off Main Campus Room OFF-MC,Off-Campus: Internships,Independent,OPEN,1,34,35,35
82471,SOW,4522,SOW 4522,Field Seminar I,[REDACTED],M | 12:00 PM - 2:45 PM | 51-Social Sciences Room 2121,Main Campus-UNF,Standard,OPEN,7,13,20,20
83055,SOW,4522,SOW 4522,Field Seminar I,[REDACTED],W | 12:00 PM - 2:45 PM | 51-Social Sciences Room 2121,Main Campus-UNF,Standard,OPEN,3,12,15,15
85259,SOW,4522,SOW 4522,Field Seminar I,[REDACTED],W | 6:00 PM - 8:45 PM | 4-Skinner-Jones Hall Room 2606,Main Campus-UNF,Standard,OPEN,6,9,15,15
83056,SOW,4651,SOW 4651,Child Abuse and Neglect,[REDACTED],M | 6:00 PM - 8:45 PM | 2-Founders Hall Room 2002,Main Campus-UNF,Standard,OPEN,8,27,35,35
86234,SOW,4991,SOW 4991,EXP: Field Supervision,[REDACTED],Off Main Campus Room OFF-MC,Off-Campus: Internships,Independent,FULL - WAITLIST AVAILABLE,0,10,10,5
82794,SOW,5107,SOW 5107,Human Behavior and the Social Environment,[REDACTED],R | 3:05 PM - 5:50 PM | 51-Social Sciences Room 1102,Main Campus-UNF,Standard,OPEN,8,32,40,15
84027,SOW,5207,SOW 5207,Foundations of Social Work,[REDACTED],T | 3:05 PM - 5:50 PM | 51-Social Sciences Room 1102,Main Campus-UNF,Standard,OPEN,5,25,30,25
82793,SOW,5625,SOW 5625,"Difference, Discrimination and Oppression",[REDACTED],T | 6:00 PM - 8:45 PM | 51-Social Sciences Room 1101,Main Campus-UNF,Standard,OPEN,5,35,40,25
84028,SOW,5931,SOW 5931,Generalist Practice I,[REDACTED],R | 6:00 PM - 8:45 PM | 4-Skinner-Jones Hall Room 1701,Main Campus-UNF,Standard,OPEN,5,30,35,25
83302,SOW,5940,SOW 5940,Field Education I,[REDACTED],M | 6:00 PM - 8:45 PM | 51-Social Sciences Room 2121; M | 6:00 PM - 8:45 PM | 51-Social Sciences Room 2121; M | 6:00 PM - 8:45 PM | 51-Social Sciences Room 2121; M | 6:00 PM - 8:45 PM | 51-Social Sciences Room 2121; M | 6:00 PM - 8:45 PM | 51-Social Sciences Room 2121; M | 6:00 PM - 8:45 PM | 51-Social Sciences Room 2121; M | 6:00 PM - 8:45 PM | 51-Social Sciences Room 2121; M | 6:00 PM - 8:45 PM | 51-Social Sciences Room 2121; Online,Main Campus-UNF,Standard,OPEN,6,14,20,15
83303,SOW,5940,SOW 5940,Field Education I,[REDACTED],W | 6:00 PM - 8:45 PM | 51-Social Sciences Room 2121; W | 6:00 PM - 8:45 PM | 51-Social Sciences Room 2121; W | 6:00 PM - 8:45 PM | 51-Social Sciences Room 2121; W | 6:00 PM - 8:45 PM | 51-Social Sciences Room 2121; W | 6:00 PM - 8:45 PM | 51-Social Sciences Room 2121; W | 6:00 PM - 8:45 PM | 51-Social Sciences Room 2121; W | 6:00 PM - 8:45 PM | 51-Social Sciences Room 2121; W | 6:00 PM - 8:45 PM | 51-Social Sciences Room 2121; Online,Main Campus-UNF,Standard,OPEN,5,15,20,15
86235,SOW,5994,SOW 5994,EXP: Grad. Field Supervision,[REDACTED],Off Main Campus Room OFF-MC,Off-Campus: Internships,Independent,OPEN,3,7,10,5
86439,SOW,5994,SOW 5994,EXP: Grad Field Supervision,[REDACTED],Off Main Campus Room OFF-MC,Off-Campus: Internships,Independent,OPEN,2,8,10,5
82883,SOW,6125,SOW 6125,Psychopathology,[REDACTED],Online,Distance Learning,Online (DL),OPEN,14,11,25,25
82795,SOW,6126,SOW 6126,Advanced Interpersonal Practice with Children/Adolescents &amp; Families,[REDACTED],M | 6:00 PM - 8:45 PM | 2-Founders Hall Room 2219,Main Campus-UNF,Standard,OPEN,2,28,30,25
84293,SOW,6126,SOW 6126,Advanced Interpersonal Practice with Children/Adolescents &amp; Families,[REDACTED],W | 6:00 PM - 8:45 PM | 2-Founders Hall Room 1017,Main Campus-UNF,Standard,OPEN,10,15,25,25
86408,SOW,6445,SOW 6445,Practice and Program Evaluation,[REDACTED],Online,Distance Learning,Online (DL),FULL - WAITLIST AVAILABLE,0,25,25,10
86409,SOW,6445,SOW 6445,Practice and Program Evaluation,[REDACTED],Online,Distance Learning,Online (DL),OPEN,6,19,25,10
85262,SOW,6605,SOW 6605,Social Work in Health Care Settings,[REDACTED],Online,Distance Learning,Online (DL),OPEN,13,12,25,25
85263,SOW,6932,SOW 6932,Advanced Seminar in Clinical Practice,[REDACTED],T | 6:00 PM - 8:45 PM | 2-Founders Hall Room 2008,Main Campus-UNF,Standard,OPEN,1,15,16,10
85264,SOW,6932,SOW 6932,Advanced Seminar in Clinical Practice,[REDACTED],W | 3:00 PM - 5:45 PM | 4-Skinner-Jones Hall Room 2606,Main Campus-UNF,Standard,OPEN,2,8,10,10
84313,SOW,6934,SOW 6934,ST: Attachment Theory,[REDACTED],W | 6:00 PM - 8:45 PM | Online; W | 6:00 PM - 8:45 PM | Online; W | 6:00 PM - 8:45 PM | Online; W | 6:00 PM - 8:45 PM | Online; Online,Distance Learning,Online (DL),OPEN,14,6,20,20
82802,SOW,6945,SOW 6945,Field Education III with Integrated Seminar,[REDACTED],R | 6:00 PM - 8:45 PM | Online; R | 6:00 PM - 8:45 PM | Online; R | 6:00 PM - 8:45 PM | Online; R | 6:00 PM - 8:45 PM | Online; R | 6:00 PM - 8:45 PM | Online; R | 6:00 PM - 8:45 PM | Online; R | 6:00 PM - 8:45 PM | Online; R | 6:00 PM - 8:45 PM | Online; Online,Distance Learning,Live Online,OPEN,5,15,20,15
82884,SOW,6945,SOW 6945,Field Education III with Integrated Seminar,[REDACTED],R | 6:00 PM - 8:45 PM | Online; R | 6:00 PM - 8:45 PM | Online; R | 6:00 PM - 8:45 PM | Online; R | 6:00 PM - 8:45 PM | Online; R | 6:00 PM - 8:45 PM | Online; R | 6:00 PM - 8:45 PM | Online; R | 6:00 PM - 8:45 PM | Online; R | 6:00 PM - 8:45 PM | Online; Online,Distance Learning,Live Online,OPEN,6,14,20,15
84806,SOW,6945,SOW 6945,Field Education III with Integrated Seminar,[REDACTED],T | 6:00 PM - 8:45 PM | Online; T | 6:00 PM - 8:45 PM | Online; T | 6:00 PM - 8:45 PM | Online; T | 6:00 PM - 8:45 PM | Online; T | 6:00 PM - 8:45 PM | Online; T | 6:00 PM - 8:45 PM | Online; T | 6:00 PM - 8:45 PM | Online; T | 6:00 PM - 8:45 PM | Online; Online,Distance Learning,Live Online,OPEN,6,14,20,15
86147,SPA,4990,SPA 4990,EXP: Aud Rehab &amp; Spch Dev Mthd,[REDACTED],Online,Distance Learning,Online (DL),OPEN,6,9,15,5
86148,SPA,4991,SPA 4991,EXP: Intr Spch &amp; Lang Disorder,[REDACTED],Online,Distance Learning,Online (DL),OPEN,16,4,20,5
83862,SPB,6946,SPB 6946,Practicum in Sport Analytics &amp; Athletic Administration,[REDACTED],Online,Distance Learning,Online (DL),OPEN,8,2,10,5
82287,SPC,2608,SPC 2608,Fundamentals of Speech,[REDACTED],Online,Distance Learning,Online (DL),FULL - WAITLIST AVAILABLE,0,20,20,10
82288,SPC,2608,SPC 2608,Fundamentals of Speech,[REDACTED],Online,Distance Learning,Online (DL),FULL - WAITLIST AVAILABLE,0,20,20,10
82352,SPC,2608,SPC 2608,Fundamentals of Speech,[REDACTED],TR | 10:50 AM - 12:05 PM | 14D-Andrew A. Robinson Center Room 1016,Main Campus-UNF,Standard,OPEN,1,19,20,10
82364,SPC,2608,SPC 2608,Fundamentals of Speech,[REDACTED],TR | 12:15 PM - 1:30 PM | 14D-Andrew A. Robinson Center Room 1016,Main Campus-UNF,Standard,OPEN,1,19,20,10
83228,SPC,2608,SPC 2608,Fundamentals of Speech,[REDACTED],MW | 12:00 PM - 1:15 PM | 14D-Andrew A. Robinson Center Room 1016,Main Campus-UNF,Standard,FULL - WAITLIST AVAILABLE,0,20,20,10
83310,SPC,2608,SPC 2608,Fundamentals of Speech,[REDACTED],MW | 1:30 PM - 2:45 PM | 14D-Andrew A. Robinson Center Room 1016,Main Campus-UNF,Standard,FULL - WAITLIST AVAILABLE,0,20,20,10
83396,SPC,2608,SPC 2608,Fundamentals of Speech,[REDACTED],MWF | 9:00 AM - 9:50 AM | 14D-Andrew A. Robinson Center Room 1016,Main Campus-UNF,Standard,FULL - WAITLIST AVAILABLE,0,20,20,10
83417,SPC,2608,SPC 2608,Fundamentals of Speech,[REDACTED],MWF | 10:00 AM - 10:50 AM | 14D-Andrew A. Robinson Center Room 1016,Main Campus-UNF,Standard,FULL - WAITLIST AVAILABLE,0,20,20,10
83668,SPC,2608,SPC 2608,Fundamentals of Speech,[REDACTED],MWF | 11:00 AM - 11:50 AM | 14D-Andrew A. Robinson Center Room 1016,Main Campus-UNF,Standard,FULL - WAITLIST AVAILABLE,0,20,20,10
83973,SPC,2608,SPC 2608,Fundamentals of Speech,[REDACTED],TR | 12:15 PM - 1:30 PM | 57-Petway Hall Room 1260,Main Campus-UNF,Standard,FULL - WAITLIST AVAILABLE,0,20,20,10
84101,SPC,2608,SPC 2608,Fundamentals of Speech,[REDACTED],TR | 1:40 PM - 2:55 PM | 57-Petway Hall Room 1260,Main Campus-UNF,Standard,FULL - WAITLIST AVAILABLE,0,20,20,10
84788,SPC,2608,SPC 2608,Fundamentals of Speech,[REDACTED],Online,Distance Learning,Online (DL),FULL - WAITLIST AVAILABLE,0,20,20,10
84793,SPC,2608,SPC 2608,Fundamentals of Speech,[REDACTED],M | 3:00 PM - 5:45 PM | 14D-Andrew A. Robinson Center Room 1016,Main Campus-UNF,Standard,FULL - WAITLIST AVAILABLE,0,20,20,10
84830,SPC,2608,SPC 2608,Fundamentals of Speech,[REDACTED],Online,Distance Learning,Online (DL),FULL - WAITLIST AVAILABLE,0,20,20,10
84911,SPC,2608,SPC 2608,Fundamentals of Speech,[REDACTED],TR | 4:30 PM - 5:45 PM | 14D-Andrew A. Robinson Center Room 1016,Main Campus-UNF,Standard,OPEN,1,19,20,10
85205,SPC,2608,SPC 2608,Fundamentals of Speech,[REDACTED],T | 6:00 PM - 8:45 PM | 14D-Andrew A. Robinson Center Room 1016,Main Campus-UNF,Standard,FULL - WAITLIST AVAILABLE,0,20,20,10
85207,SPC,2608,SPC 2608,Fundamentals of Speech,[REDACTED],M | 6:00 PM - 8:45 PM | 14D-Andrew A. Robinson Center Room 1016,Main Campus-UNF,Standard,FULL - WAITLIST AVAILABLE,0,20,20,10
85819,SPC,2608,SPC 2608,Fundamentals of Speech,[REDACTED],TR | 1:40 PM - 2:55 PM | 14D-Andrew A. Robinson Center Room 1016,Main Campus-UNF,Standard,FULL - WAITLIST AVAILABLE,0,20,20,10
86255,SPC,2608,SPC 2608,Fundamentals of Speech,[REDACTED],TR | 4:30 PM - 5:45 PM | 2-Founders Hall Room 2222,Main Campus-UNF,Standard,OPEN,1,19,20,20
86276,SPC,2608,SPC 2608,Fundamentals of Speech,[REDACTED],MWF | 12:00 PM - 12:50 PM | 14D-Andrew A. Robinson Center Room 1013,Main Campus-UNF,Standard,OPEN,1,19,20,10
86279,SPC,2608,SPC 2608,Fundamentals of Speech,[REDACTED],W | 6:00 PM - 8:45 PM | 14D-Andrew A. Robinson Center Room 1013,Main Campus-UNF,Standard,OPEN,2,18,20,10
86357,SPC,2608,SPC 2608,Fundamentals of Speech,[REDACTED],MW | 4:30 PM - 5:45 PM | 14D-Andrew A. Robinson Center Room 1015,Main Campus-UNF,Standard,OPEN,1,19,20,10
82441,SPC,4064,SPC 4064,Public Speaking for Professionals,[REDACTED],Online,Distance Learning,Online (DL),FULL - WAITLIST AVAILABLE,0,20,20,20
82442,SPC,4064,SPC 4064,Public Speaking for Professionals,[REDACTED],Online,Distance Learning,Online (DL),OPEN,1,19,20,20
83475,SPC,4064,SPC 4064,Public Speaking for Professionals,[REDACTED],Online,Distance Learning,Online (DL),OPEN,2,18,20,20
82553,SPM,2000,SPM 2000,Introduction to Sport Management,[REDACTED],T | 12:15 PM - 1:30 PM | 57-Petway Hall Room 2010; Online,Hybrid - On Campus/Online,Hybrid,FULL - WAITLIST AVAILABLE,0,30,30,5
83059,SPM,2000,SPM 2000,Introduction to Sport Management,[REDACTED],Online,Distance Learning,Online (DL),FULL - WAITLIST AVAILABLE,0,35,35,5
84763,SPM,2000,SPM 2000,Introduction to Sport Management,[REDACTED],Online,Distance Learning,Online (DL),FULL - WAITLIST AVAILABLE,0,35,35,5
85750,SPM,3024,SPM 3024,Issues in Sport,[REDACTED],TR | 10:50 AM - 12:05 PM | 39-J. Brooks Brown Hall Room 1003A,Main Campus-UNF,Standard,OPEN,2,28,30,5
85752,SPM,3024,SPM 3024,Issues in Sport,[REDACTED],Online,Distance Learning,Online (DL),OPEN,1,29,30,5
86196,SPM,3024,SPM 3024,Issues in Sport,[REDACTED],Online,Distance Learning,Online (DL),OPEN,3,27,30,5
82398,SPM,3044,SPM 3044,Sport Governance,[REDACTED],Online,Distance Learning,Online (DL),FULL - WAITLIST AVAILABLE,0,30,30,5
83864,SPM,3044,SPM 3044,Sport Governance,[REDACTED],Online,Distance Learning,Online (DL),OPEN,2,28,30,5
82628,SPM,3104,SPM 3104,Sport &amp; Entertainment Facility Management,[REDACTED],MW | 4:30 PM - 5:45 PM | 39-J. Brooks Brown Hall Room 2006,Main Campus-UNF,Standard,OPEN,2,33,35,2
84063,SPM,3104,SPM 3104,Sport &amp; Entertainment Facility Management,[REDACTED],Online,Distance Learning,Online (DL),OPEN,1,29,30,5
86424,SPM,3104,SPM 3104,Sport &amp; Entertainment Facility Management,[REDACTED],Online,Distance Learning,Online (DL),OPEN,9,21,30,0
83060,SPM,3306,SPM 3306,Sport Marketing,[REDACTED],MW | 12:00 PM - 1:15 PM | 39-J. Brooks Brown Hall Room 1003A,Main Campus-UNF,Standard,OPEN,12,18,30,5
83624,SPM,3306,SPM 3306,Sport Marketing,[REDACTED],Online,Distance Learning,Online (DL),OPEN,1,35,36,5
83861,SPM,3306,SPM 3306,Sport Marketing,[REDACTED],MW | 1:30 PM - 2:45 PM | 39-J. Brooks Brown Hall Room 1003A,Main Campus-UNF,Standard,OPEN,18,12,30,5
85753,SPM,3403,SPM 3403,Sport Communication Strategies,[REDACTED],Online,Distance Learning,Online (DL),OPEN,1,24,25,5
85754,SPM,3403,SPM 3403,Sport Communication Strategies,[REDACTED],MW | 3:00 PM - 4:15 PM | 39A-J. Brooks Brown Hall Addit Room 1034,Main Campus-UNF,Standard,OPEN,1,29,30,5
85755,SPM,3403,SPM 3403,Sport Communication Strategies,[REDACTED],Online,Distance Learning,Online (DL),OPEN,11,19,30,5
83837,SPM,3948C,SPM 3948C,Sport Management Practicum,[REDACTED],M | 12:00 PM - 2:45 PM | 57-Petway Hall Room 1100A; M | 12:00 PM - 2:45 PM | 57-Petway Hall Room 1100A; M | 12:00 PM - 2:45 PM | 57-Petway Hall Room 1100A; M | 12:00 PM - 2:45 PM | 57-Petway Hall Room 1100A; M | 12:00 PM - 2:45 PM | 57-Petway Hall Room 1100A; Online,Hybrid - On Campus/Online,Hybrid,FULL,0,19,19,0
83838,SPM,3948C,SPM 3948C,Sport Management Practicum,[REDACTED],M | 12:00 PM - 2:45 PM | 57-Petway Hall Room 1100A; M | 12:00 PM - 2:45 PM | 57-Petway Hall Room 1100A; M | 12:00 PM - 2:45 PM | 57-Petway Hall Room 1100A; M | 12:00 PM - 2:45 PM | 57-Petway Hall Room 1100A; M | 12:00 PM - 2:45 PM | 57-Petway Hall Room 1100A; Online,Hybrid - On Campus/Online,Hybrid,FULL,0,18,18,0
85922,SPM,4113,SPM 4113,Management &amp; Leadership in Sport,[REDACTED],Online,Distance Learning,Online (DL),OPEN,1,34,35,5
85923,SPM,4113,SPM 4113,Management &amp; Leadership in Sport,[REDACTED],Online,Distance Learning,Online (DL),OPEN,1,34,35,5
85924,SPM,4505,SPM 4505,Sport Finance,[REDACTED],TR | 9:25 AM - 10:40 AM | 57-Petway Hall Room 2500,Main Campus-UNF,Standard,OPEN,3,32,35,5
85925,SPM,4505,SPM 4505,Sport Finance,[REDACTED],TR | 10:50 AM - 12:05 PM | 57-Petway Hall Room 2500,Main Campus-UNF,Standard,FULL - WAITLIST AVAILABLE,0,35,35,5
83225,SPM,4703,SPM 4703,Sport Business Analytics,[REDACTED],TR | 1:40 PM - 2:55 PM | 57-Petway Hall Room 2520,Main Campus-UNF,Standard,OPEN,19,11,30,5
84033,SPM,4703,SPM 4703,Sport Business Analytics,[REDACTED],Online,Distance Learning,Online (DL),OPEN,2,31,33,0
85926,SPM,4723,SPM 4723,Sport Law,[REDACTED],Online,Distance Learning,Online (DL),OPEN,1,34,35,5
85927,SPM,4723,SPM 4723,Sport Law,[REDACTED],Online,Distance Learning,Online (DL),OPEN,1,34,35,5
83269,SPM,4941,SPM 4941,Sport Management Internship,[REDACTED],Off Main Campus Room OFF-MC,Off-Campus: Internships,Independent,OPEN,1,9,10,5
84860,SPM,4941,SPM 4941,Sport Management Internship,[REDACTED],Off Main Campus Room OFF-MC,Off-Campus: Internships,Independent,OPEN,2,8,10,5
84871,SPM,4941,SPM 4941,Sport Management Internship,[REDACTED],TBA,Off-Campus: Internships,Independent,OPEN,2,8,10,5
83839,SPM,5158,SPM 5158,Intercollegiate Athletic Administration,[REDACTED],Online,Distance Learning,Online (DL),OPEN,7,23,30,5
85807,SPM,5506,SPM 5506,Sport Finance,[REDACTED],Online,Distance Learning,Online (DL),OPEN,13,17,30,5
85928,SPM,6709,SPM 6709,Introduction to Sport Analytics,[REDACTED],R | 6:00 PM - 7:15 PM | 57-Petway Hall Room 2500; Online,Hybrid - On Campus/Online,Hybrid,OPEN,12,13,25,5
86519,SPM,6905,SPM 6905,Directed Independent Study in SPM,[REDACTED],TBA,Main Campus-UNF,Independent,FULL,0,1,1,0
82095,SPN,1120,SPN 1120,(FC) Beginning Spanish I,[REDACTED],TR | 9:25 AM - 10:40 AM | 9-Fred Schultz Hall Room 1413; Online,Main Campus-UNF,Standard,OPEN,1,19,20,20
82096,SPN,1120,SPN 1120,(FC) Beginning Spanish I,[REDACTED],MW | 1:30 PM - 2:45 PM | 2-Founders Hall Room 2212; Online,Main Campus-UNF,Standard,OPEN,1,24,25,20
82164,SPN,1120,SPN 1120,(FC) Beginning Spanish I,[REDACTED],MW | 3:00 PM - 4:15 PM | 2-Founders Hall Room 2221; Online,Main Campus-UNF,Standard,OPEN,2,18,20,20
83557,SPN,1120,SPN 1120,(FC) Beginning Spanish I,[REDACTED],Online,Distance Learning,Online (DL),FULL - WAITLIST AVAILABLE,-3,23,20,20
86305,SPN,1120,SPN 1120,(FC) Beginning Spanish I,[REDACTED],Online,Distance Learning,Online (DL),OPEN,1,29,30,25
82225,SPN,1121,SPN 1121,(FC) Beginning Spanish II,[REDACTED],TR | 12:15 PM - 1:30 PM | 39-J. Brooks Brown Hall Room 1003A; Online,Main Campus-UNF,Standard,OPEN,1,24,25,20
82694,SPN,1121,SPN 1121,(FC) Beginning Spanish II,[REDACTED],TR | 9:25 AM - 10:40 AM | 2-Founders Hall Room 2221; Online,Main Campus-UNF,Standard,OPEN,7,13,20,20
82097,SPN,2200,SPN 2200,(FC) Intermediate Spanish I,[REDACTED],TR | 10:50 AM - 12:05 PM | 9-Fred Schultz Hall Room 1411,Main Campus-UNF,Standard,OPEN,1,24,25,20
83367,SPN,2201,SPN 2201,(FC) Intermediate Spanish II,[REDACTED],TR | 12:15 PM - 1:30 PM | 2-Founders Hall Room 2221,Main Campus-UNF,Standard,FULL - WAITLIST AVAILABLE,0,20,20,20
85232,SPN,3013,SPN 3013,(FC) Spanish For Business,[REDACTED],Online,Distance Learning,Online (DL),OPEN,2,18,20,20
83366,SPN,3242,SPN 3242,Spanish Conversation,[REDACTED],TR | 1:40 PM - 2:55 PM | 2-Founders Hall Room 2222,Main Campus-UNF,Standard,OPEN,8,12,20,20
82171,SPN,3300,SPN 3300,Spanish Composition,[REDACTED],Online,Distance Learning,Online (DL),OPEN,9,11,20,20
82376,SPN,3350,SPN 3350,Spanish for Heritage Speakers,[REDACTED],TR | 1:40 PM - 2:55 PM | 9-Fred Schultz Hall Room 2302,Main Campus-UNF,Standard,OPEN,8,12,20,20
86237,SPT,3820,SPT 3820,Spanish in the Age of AI and Digital Media,[REDACTED],Online,Distance Learning,Online (DL),OPEN,14,6,20,20
82195,SPW,3030,SPW 3030,Introduction to Literature in Spanish,[REDACTED],TR | 3:05 PM - 4:20 PM | 9-Fred Schultz Hall Room 2301,Main Campus-UNF,Standard,OPEN,9,11,20,20
84761,SSE,3313,SSE 3313,Social Studies Methods for Elementary Teachers,[REDACTED],Online,Distance Learning,Online (DL),FULL,0,30,30,0
83936,SSE,4384,SSE 4384,Special Methods: Social Studies,[REDACTED],W | 4:30 PM - 7:15 PM | 57-Petway Hall Room 2050,Main Campus-UNF,Standard,OPEN,7,18,25,0
86056,SSE,6990,SSE 6990,Exp: Teaching Civics w Insight,[REDACTED],Online,Distance Learning,Online (DL),OPEN,2,18,20,0
86057,SSE,6992,SSE 6992,Exp: Constr Stud Civic Underst,[REDACTED],Online,Distance Learning,Online (DL),OPEN,12,8,20,0
84299,STA,2023C,STA 2023C,(GM) Introductory Statistics with Recitation,[REDACTED],TR | 8:00 AM - 9:15 AM | 2-Founders Hall Room 2210; F | 8:00 AM - 8:50 AM | 2-Founders Hall Room 2210,Main Campus-UNF,Standard,OPEN,1,34,35,35
84300,STA,2023C,STA 2023C,(GM) Introductory Statistics with Recitation,[REDACTED],TR | 9:25 AM - 10:40 AM | 2-Founders Hall Room 2210; F | 10:00 AM - 10:50 AM | 2-Founders Hall Room 2210,Main Campus-UNF,Standard,FULL - WAITLIST AVAILABLE,0,35,35,35
84301,STA,2023C,STA 2023C,(GM) Introductory Statistics with Recitation,[REDACTED],F | 9:00 AM - 9:50 AM | 2-Founders Hall Room 2210; TR | 10:50 AM - 12:05 PM | 2-Founders Hall Room 2210,Main Campus-UNF,Standard,FULL - WAITLIST AVAILABLE,0,35,35,35
84303,STA,2023C,STA 2023C,(GM) Introductory Statistics with Recitation,[REDACTED],F | 10:00 AM - 10:50 AM | 2-Founders Hall Room 2212; TR | 10:50 AM - 12:05 PM | 2-Founders Hall Room 2212,Main Campus-UNF,Standard,FULL - WAITLIST AVAILABLE,0,35,35,35
84304,STA,2023C,STA 2023C,(GM) Introductory Statistics with Recitation,[REDACTED],F | 3:00 PM - 3:50 PM | 2-Founders Hall Room 2210; TR | 3:05 PM - 4:20 PM | 2-Founders Hall Room 2210,Main Campus-UNF,Standard,FULL - WAITLIST AVAILABLE,0,35,35,35
84305,STA,2023C,STA 2023C,(GM) Introductory Statistics with Recitation,[REDACTED],F | 4:00 PM - 4:50 PM | 2-Founders Hall Room 2210; TR | 4:30 PM - 5:45 PM | 2-Founders Hall Room 2210,Main Campus-UNF,Standard,OPEN,1,34,35,35
84306,STA,2023C,STA 2023C,(GM) Introductory Statistics with Recitation,[REDACTED],MW | 4:30 PM - 5:45 PM | 2-Founders Hall Room 2212; F | 5:00 PM - 5:50 PM | 2-Founders Hall Room 2212,Main Campus-UNF,Standard,OPEN,2,33,35,35
84308,STA,2023C,STA 2023C,(GM) Introductory Statistics with Recitation,[REDACTED],MW | 3:00 PM - 4:15 PM | 2-Founders Hall Room 2212; F | 4:00 PM - 4:50 PM | 2-Founders Hall Room 2212,Main Campus-UNF,Standard,FULL - WAITLIST AVAILABLE,0,35,35,35
84310,STA,2023C,STA 2023C,(GM) Introductory Statistics with Recitation,[REDACTED],F | 11:00 AM - 11:50 AM | 2-Founders Hall Room 2212; MW | 12:00 PM - 1:15 PM | 2-Founders Hall Room 2212,Main Campus-UNF,Standard,FULL - WAITLIST AVAILABLE,0,35,35,35
84311,STA,2023C,STA 2023C,(GM) Introductory Statistics with Recitation,[REDACTED],F | 1:00 PM - 1:50 PM | 2-Founders Hall Room 2210; TR | 1:40 PM - 2:55 PM | 2-Founders Hall Room 2210,Main Campus-UNF,Standard,FULL - WAITLIST AVAILABLE,0,35,35,35
84688,STA,2023C,STA 2023C,(GM) Introductory Statistics with Recitation,[REDACTED],Online,Distance Learning,Online (DL),FULL - WAITLIST AVAILABLE,0,35,35,35
84689,STA,2023C,STA 2023C,(GM) Introductory Statistics with Recitation,[REDACTED],Online,Distance Learning,Online (DL),FULL - WAITLIST AVAILABLE,0,35,35,35
84784,STA,2023C,STA 2023C,(GM) Introductory Statistics with Recitation,[REDACTED],Online,Distance Learning,Online (DL),OPEN,1,34,35,35
84785,STA,2023C,STA 2023C,(GM) Introductory Statistics with Recitation,[REDACTED],Online,Distance Learning,Online (DL),FULL - WAITLIST AVAILABLE,0,35,35,35
84786,STA,2023C,STA 2023C,(GM) Introductory Statistics with Recitation,[REDACTED],Online,Distance Learning,Online (DL),FULL - WAITLIST AVAILABLE,0,35,35,35
84828,STA,2023C,STA 2023C,(GM) Introductory Statistics with Recitation,[REDACTED],F | 3:00 PM - 3:50 PM | 2-Founders Hall Room 2216; TR | 3:05 PM - 4:20 PM | 2-Founders Hall Room 2216,Main Campus-UNF,Standard,OPEN,1,34,35,35
84829,STA,2023C,STA 2023C,(GM) Introductory Statistics with Recitation,[REDACTED],F | 1:00 PM - 1:50 PM | 2-Founders Hall Room 2212; TR | 1:40 PM - 2:55 PM | 2-Founders Hall Room 2212,Main Campus-UNF,Standard,FULL - WAITLIST AVAILABLE,0,35,35,35
84988,STA,2023C,STA 2023C,(GM) Introductory Statistics with Recitation,[REDACTED],TR | 6:00 PM - 7:15 PM | 2-Founders Hall Room 2210; F | 6:00 PM - 6:50 PM | 2-Founders Hall Room 2210,Main Campus-UNF,Standard,OPEN,3,32,35,35
85759,STA,2023C,STA 2023C,(GM) Introductory Statistics with Recitation,[REDACTED],Online,Distance Learning,Online (DL),FULL - WAITLIST AVAILABLE,0,35,35,35
85760,STA,2023C,STA 2023C,(GM) Introductory Statistics with Recitation,[REDACTED],Online,Distance Learning,Online (DL),OPEN,1,34,35,35
85761,STA,2023C,STA 2023C,(GM) Introductory Statistics with Recitation,[REDACTED],Online,Distance Learning,Online (DL),OPEN,1,34,35,35
85762,STA,2023C,STA 2023C,(GM) Introductory Statistics with Recitation,[REDACTED],Online,Distance Learning,Online (DL),FULL - WAITLIST AVAILABLE,0,35,35,35
85763,STA,2023C,STA 2023C,(GM) Introductory Statistics with Recitation,[REDACTED],Online,Distance Learning,Online (DL),OPEN,1,34,35,35
85764,STA,2023C,STA 2023C,(GM) Introductory Statistics with Recitation,[REDACTED],Online,Distance Learning,Online (DL),OPEN,1,34,35,35
85765,STA,2023C,STA 2023C,(GM) Introductory Statistics with Recitation,[REDACTED],Online,Distance Learning,Online (DL),FULL - WAITLIST AVAILABLE,0,35,35,35
85766,STA,2023C,STA 2023C,(GM) Introductory Statistics with Recitation,[REDACTED],Online,Distance Learning,Online (DL),OPEN,1,34,35,35
85767,STA,2023C,STA 2023C,(GM) Introductory Statistics with Recitation,[REDACTED],Online,Distance Learning,Online (DL),FULL - WAITLIST AVAILABLE,0,35,35,35
85768,STA,2023C,STA 2023C,(GM) Introductory Statistics with Recitation,[REDACTED],Online,Distance Learning,Online (DL),OPEN,2,33,35,35
85769,STA,2023C,STA 2023C,(GM) Introductory Statistics with Recitation,[REDACTED],Online,Distance Learning,Online (DL),FULL - WAITLIST AVAILABLE,-1,36,35,35
85770,STA,2023C,STA 2023C,(GM) Introductory Statistics with Recitation,[REDACTED],Online,Distance Learning,Online (DL),FULL - WAITLIST AVAILABLE,0,35,35,35
85771,STA,2023C,STA 2023C,(GM) Introductory Statistics with Recitation,[REDACTED],F | 12:00 PM - 12:50 PM | 2-Founders Hall Room 2216; TR | 12:15 PM - 1:30 PM | 2-Founders Hall Room 2216,Main Campus-UNF,Standard,FULL - WAITLIST AVAILABLE,0,35,35,35
85772,STA,2023C,STA 2023C,(GM) Introductory Statistics with Recitation,[REDACTED],F | 12:00 PM - 12:50 PM | 2-Founders Hall Room 2218; MW | 3:00 PM - 4:15 PM | 2-Founders Hall Room 2218,Main Campus-UNF,Standard,FULL - WAITLIST AVAILABLE,0,35,35,35
85773,STA,2023C,STA 2023C,(GM) Introductory Statistics with Recitation,[REDACTED],MW | 3:00 PM - 4:15 PM | 2-Founders Hall Room 2210; F | 3:00 PM - 3:50 PM | 2-Founders Hall Room 2212,Main Campus-UNF,Standard,FULL - WAITLIST AVAILABLE,0,35,35,35
85774,STA,2023C,STA 2023C,(GM) Introductory Statistics with Recitation,[REDACTED],F | 4:00 PM - 4:50 PM | 2-Founders Hall Room 2216; TR | 4:30 PM - 5:45 PM | 2-Founders Hall Room 2216,Main Campus-UNF,Standard,OPEN,1,34,35,35
85776,STA,2023C,STA 2023C,(GM) Introductory Statistics with Recitation,[REDACTED],MW | 12:00 PM - 1:15 PM | 2-Founders Hall Room 2210; F | 12:00 PM - 12:50 PM | 2-Founders Hall Room 2210,Main Campus-UNF,Standard,FULL - WAITLIST AVAILABLE,0,35,35,35
85777,STA,2023C,STA 2023C,(GM) Introductory Statistics with Recitation,[REDACTED],MW | 3:00 PM - 4:15 PM | 2-Founders Hall Room 2216; F | 3:00 PM - 3:50 PM | 2-Founders Hall Room 2218,Main Campus-UNF,Standard,OPEN,2,33,35,35
85778,STA,2023C,STA 2023C,(GM) Introductory Statistics with Recitation,[REDACTED],F | 9:00 AM - 9:50 AM | 2-Founders Hall Room 2218; TR | 9:25 AM - 10:40 AM | 2-Founders Hall Room 2218,Main Campus-UNF,Standard,OPEN,1,34,35,35
85779,STA,2023C,STA 2023C,(GM) Introductory Statistics with Recitation,[REDACTED],F | 5:00 PM - 5:50 PM | 2-Founders Hall Room 2210; MW | 6:00 PM - 7:15 PM | 2-Founders Hall Room 2210,Main Campus-UNF,Standard,OPEN,5,30,35,35
85780,STA,2023C,STA 2023C,(GM) Introductory Statistics with Recitation,[REDACTED],F | 6:00 PM - 6:50 PM | 2-Founders Hall Room 2212; MW | 7:30 PM - 8:45 PM | 2-Founders Hall Room 2212,Main Campus-UNF,Standard,OPEN,32,3,35,35
85781,STA,2023C,STA 2023C,(GM) Introductory Statistics with Recitation,[REDACTED],TR | 9:25 AM - 10:40 AM | 2-Founders Hall Room 2212; F | 2:00 PM - 2:50 PM | 2-Founders Hall Room 2212,Main Campus-UNF,Standard,FULL - WAITLIST AVAILABLE,0,35,35,35
85782,STA,2023C,STA 2023C,(GM) Introductory Statistics with Recitation,[REDACTED],F | 2:00 PM - 2:50 PM | 2-Founders Hall Room 2218; TR | 3:05 PM - 4:20 PM | 2-Founders Hall Room 2218,Main Campus-UNF,Standard,OPEN,2,33,35,35
85783,STA,2023C,STA 2023C,(GM) Introductory Statistics with Recitation,[REDACTED],TR | 12:15 PM - 1:30 PM | 2-Founders Hall Room 2218; F | 1:00 PM - 1:50 PM | 2-Founders Hall Room 2218,Main Campus-UNF,Standard,FULL - WAITLIST AVAILABLE,0,35,35,35
86268,STA,2023C,STA 2023C,(GM) Introductory Statistics with Recitation,[REDACTED],TR | 6:00 PM - 7:15 PM | 4-Skinner-Jones Hall Room 1702; F | 6:00 PM - 6:50 PM | 4-Skinner-Jones Hall Room 1702,Main Campus-UNF,Standard,OPEN,25,7,32,10
86269,STA,2023C,STA 2023C,(GM) Introductory Statistics with Recitation,[REDACTED],Online,Distance Learning,Online (DL),FULL - WAITLIST AVAILABLE,0,35,35,10
82038,STA,3032,STA 3032,(GM) Probability and Statistics for Engineers,[REDACTED],Online,Distance Learning,Online (DL),OPEN,1,44,45,40
83244,STA,3032,STA 3032,(GM) Probability and Statistics for Engineers,[REDACTED],MW | 3:00 PM - 4:15 PM | 57-Petway Hall Room 2050,Main Campus-UNF,Standard,OPEN,2,38,40,40
84755,STA,3032,STA 3032,(GM) Probability and Statistics for Engineers,[REDACTED],TR | 10:50 AM - 12:05 PM | 39-J. Brooks Brown Hall Room 2006,Main Campus-UNF,Standard,OPEN,1,39,40,40
82951,STA,3163,STA 3163,(GM) Statistical Methods I,[REDACTED],MW | 10:00 AM - 11:40 AM | 2-Founders Hall Room 2212,Main Campus-UNF,Standard,OPEN,5,30,35,35
83524,STA,3163,STA 3163,(GM) Statistical Methods I,[REDACTED],MW | 11:50 AM - 1:30 PM | 42-Coggin College of Business Room 1102,Main Campus-UNF,Standard,OPEN,27,8,35,35
82488,STA,4321,STA 4321,(GM) Probability and Statistics,[REDACTED],MW | 8:00 AM - 9:40 AM | 2-Founders Hall Room 2008,Main Campus-UNF,Standard,OPEN,12,18,30,30
83952,STA,4321,STA 4321,(GM) Probability and Statistics,[REDACTED],MW | 11:50 AM - 1:30 PM | 14E-Andrew A. Robinson Center Room 2743,Main Campus-UNF,Standard,OPEN,9,11,20,20
82039,STA,4322,STA 4322,(GM) Statistical Theory,[REDACTED],MW | 6:00 PM - 7:40 PM | 4-Skinner-Jones Hall Room 1701,Main Campus-UNF,Standard,OPEN,2,23,25,25
85757,STA,4853,STA 4853,Time Series: Stat Technique,[REDACTED],TR | 1:40 PM - 2:55 PM | 9-Fred Schultz Hall Room 2301,Main Campus-UNF,Standard,OPEN,1,19,20,20
85784,STA,4912,STA 4912,Research Experience in Statistics - Independent Study,[REDACTED],TBA,Main Campus-UNF,Independent,OPEN,1,3,4,1
85786,STA,4912,STA 4912,Research Experience in Statistics - Independent Study,[REDACTED],TBA,Main Campus-UNF,Independent,OPEN,2,2,4,1
85788,STA,4912,STA 4912,Research Experience in Statistics - Independent Study,[REDACTED],TBA,Main Campus-UNF,Independent,OPEN,3,1,4,1
85789,STA,4912,STA 4912,Research Experience in Statistics - Independent Study,[REDACTED],TBA,Main Campus-UNF,Independent,OPEN,3,1,4,1
86529,STA,4912,STA 4912,Research Experience in Statistics - Independent Study,[REDACTED],TBA,Main Campus-UNF,Independent,FULL - WAITLIST AVAILABLE,0,1,1,1
84652,STA,4935,STA 4935,Seminar in Statistics,[REDACTED],F | 12:00 PM - 12:50 PM | Online,Distance Learning,Live Online,OPEN,19,1,20,20
85983,STA,4935,STA 4935,Seminar in Statistics,[REDACTED],F | 1:00 PM - 1:50 PM | Online,Distance Learning,Live Online,OPEN,18,2,20,20
84606,STA,4945,STA 4945,Capstone Experience in Statistics,[REDACTED],M | 4:30 PM - 5:45 PM | 2-Founders Hall Room 2218,Main Campus-UNF,Standard,OPEN,12,8,20,20
86024,STA,4990,STA 4990,Exp: Intern in Statistics,[REDACTED],Off Main Campus Room OFF-MC,Off-Campus: Internships,Independent,OPEN,1,1,2,2
86050,STA,5991,STA 5991,Exp:Disc.Math Found/Data Sci,[REDACTED],MW | 6:00 PM - 7:15 PM | 9-Fred Schultz Hall Room 1413,Main Campus-UNF,Standard,OPEN,19,11,30,30
82254,STA,6166,STA 6166,Statistical Methods I,[REDACTED],MW | 4:30 PM - 5:45 PM | 2-Founders Hall Room 2222,Main Campus-UNF,Standard,FULL - WAITLIST AVAILABLE,0,20,20,20
83784,STA,6446,STA 6446,Probability,[REDACTED],TR | 4:30 PM - 5:45 PM | Online,Distance Learning,Live Online,OPEN,4,21,25,25
85970,STA,6938,STA 6938,Seminar: Time Series,[REDACTED],TR | 6:00 PM - 7:15 PM | 8-English Hall Room 2054,Main Campus-UNF,Standard,OPEN,21,9,30,10
86386,STA,6971,STA 6971,Thesis,[REDACTED],TBA,Main Campus-UNF,Independent,OPEN,3,1,4,1
86387,STA,6971,STA 6971,Thesis,[REDACTED],TBA,Main Campus-UNF,Independent,OPEN,3,1,4,0
86388,STA,6971,STA 6971,Thesis,[REDACTED],TBA,Main Campus-UNF,Independent,OPEN,1,4,5,1
86389,STA,6971,STA 6971,Thesis,[REDACTED],TBA,Main Campus-UNF,Independent,OPEN,2,2,4,1
86391,STA,6971,STA 6971,Thesis,[REDACTED],TBA,Main Campus-UNF,Independent,OPEN,3,1,4,1
86527,STA,6971,STA 6971,Thesis,[REDACTED],TBA,Main Campus-UNF,Independent,FULL - WAITLIST AVAILABLE,0,1,1,1
82426,SYA,3300,SYA 3300,Sociological Research Methods,[REDACTED],Online,Distance Learning,Online (DL),OPEN,2,23,25,25
82306,SYA,3310,SYA 3310,Qualitative Research Methods,[REDACTED],W | 6:00 PM - 8:45 PM | 2-Founders Hall Room 2002,Main Campus-UNF,Standard,OPEN,5,20,25,25
82088,SYA,4010,SYA 4010,Sociological Theory,[REDACTED],TR | 4:30 PM - 5:45 PM | 2-Founders Hall Room 2218,Main Campus-UNF,Standard,OPEN,7,28,35,35
86521,SYA,4905,SYA 4905,Directed Individual Study,[REDACTED],TBA,Main Campus-UNF,Independent,FULL,0,1,1,0
83504,SYA,4930,SYA 4930,ST: Sociology Through Film,[REDACTED],Online,Distance Learning,Online (DL),FULL - WAITLIST AVAILABLE,0,26,26,25
85266,SYD,3700,SYD 3700,Sociology of Race &amp; Ethnicity,[REDACTED],Online,Distance Learning,Online (DL),OPEN,2,33,35,35
84821,SYD,4510,SYD 4510,Environment and Society,[REDACTED],Online,Distance Learning,Online (DL),OPEN,1,34,35,35
82165,SYG,2000,SYG 2000,Introduction to Sociology,[REDACTED],Online,Distance Learning,Online (DL),FULL - WAITLIST AVAILABLE,0,60,60,75
82621,SYG,2000,SYG 2000,Introduction to Sociology,[REDACTED],TR | 10:50 AM - 12:05 PM | 9-Fred Schultz Hall Room 1421,Main Campus-UNF,Standard,OPEN,8,47,55,25
83218,SYG,2013,SYG 2013,"Sex, Race and Social Class: A Sociological Examination of Culture and Diversity",[REDACTED],Online,Distance Learning,Online (DL),OPEN,1,34,35,35
85269,SYO,3110,SYO 3110,Sociology of Sexualities,[REDACTED],TR | 12:15 PM - 1:30 PM | 2-Founders Hall Room 2210,Main Campus-UNF,Standard,FULL - WAITLIST AVAILABLE,-1,36,35,35
86304,SYO,4100,SYO 4100,Sociology of the Family,[REDACTED],Online,Distance Learning,Online (DL),OPEN,1,34,35,35
85268,SYO,4370,SYO 4370,Sociology of Work,[REDACTED],MW | 12:00 PM - 1:15 PM | 42-Coggin College of Business Room 1105,Main Campus-UNF,Standard,OPEN,11,24,35,35
85267,SYO,4461,SYO 4461,Media &amp; Pop Culture,[REDACTED],MW | 1:30 PM - 2:45 PM | 51-Social Sciences Room 1104,Main Campus-UNF,Standard,OPEN,26,9,35,35
83507,SYP,3570,SYP 3570,Deviance and Social Control,[REDACTED],MW | 4:30 PM - 5:45 PM | 2-Founders Hall Room 2002,Main Campus-UNF,Standard,OPEN,13,22,35,35
85265,SYP,4013,SYP 4013,Sociology of the Body and Movement,[REDACTED],Online,Distance Learning,Online (DL),FULL - WAITLIST AVAILABLE,0,35,35,35
85270,SYP,4730,SYP 4730,The Sociology of Aging,[REDACTED],Online,Distance Learning,Online (DL),OPEN,3,32,35,35
82148,TAX,3001,TAX 3001,Federal Income Tax,[REDACTED],MW | 3:00 PM - 4:15 PM | 42-Coggin College of Business Room 1113,Main Campus-UNF,Standard,FULL - WAITLIST AVAILABLE,0,43,43,5
82213,TAX,3001,TAX 3001,Federal Income Tax,[REDACTED],MW | 6:00 PM - 7:15 PM | 42-Coggin College of Business Room 1113,Main Campus-UNF,Standard,OPEN,2,41,43,5
86368,TAX,3011,TAX 3011,Income Tax for Corporations and Partnerships,[REDACTED],T | 7:30 PM - 10:15 PM | 42-Coggin College of Business Room 2120,Main Campus-UNF,Standard,OPEN,31,12,43,5
86363,TAX,6105,TAX 6105,Taxation of Business Corporations,[REDACTED],M | 7:30 PM - 10:15 PM | 42-Coggin College of Business Room 2120,Main Campus-UNF,Standard,OPEN,25,18,43,5
82379,THE,2000,THE 2000,Theater Appreciation,[REDACTED],MW | 4:30 PM - 5:45 PM | 4-Skinner-Jones Hall Room 1702,Main Campus-UNF,Standard,FULL - WAITLIST AVAILABLE,0,35,35,10
83393,THE,2000,THE 2000,Theater Appreciation,[REDACTED],TR | 9:25 AM - 10:40 AM | 57-Petway Hall Room 1280,Main Campus-UNF,Standard,OPEN,6,29,35,10
83857,THE,2000,THE 2000,Theater Appreciation,[REDACTED],TR | 10:50 AM - 12:05 PM | 57-Petway Hall Room 1280,Main Campus-UNF,Standard,FULL - WAITLIST AVAILABLE,0,35,35,10
83859,THE,2000,THE 2000,Theater Appreciation,[REDACTED],Online,Distance Learning,Online (DL),FULL - WAITLIST AVAILABLE,-2,37,35,10
84734,THE,2000,THE 2000,Theater Appreciation,[REDACTED],Online,Distance Learning,Online (DL),FULL - WAITLIST AVAILABLE,0,35,35,10
84740,THE,2000,THE 2000,Theater Appreciation,[REDACTED],TR | 4:30 PM - 5:45 PM | 4-Skinner-Jones Hall Room 1701,Main Campus-UNF,Standard,OPEN,4,31,35,10
84779,THE,2000,THE 2000,Theater Appreciation,[REDACTED],TR | 3:05 PM - 4:20 PM | 51-Social Sciences Room 1205,Main Campus-UNF,Standard,OPEN,7,28,35,10
84972,THE,2000,THE 2000,Theater Appreciation,[REDACTED],MW | 12:00 PM - 1:15 PM | 45-Fine Arts Center Room 2412,Main Campus-UNF,Standard,FULL - WAITLIST AVAILABLE,0,35,35,10
85697,THE,2000,THE 2000,(H) Theater Appreciation,[REDACTED],TR | 1:40 PM - 2:55 PM | 42-Coggin College of Business Room 1116,Main Campus-UNF,Standard,FULL - WAITLIST AVAILABLE,0,20,20,10
85729,THE,2000,THE 2000,Theater Appreciation,[REDACTED],F | 12:00 PM - 2:45 PM | 14D-Andrew A. Robinson Center Room 2001,Main Campus-UNF,Standard,OPEN,2,33,35,10
86202,THE,2000,THE 2000,Theater Appreciation,[REDACTED],TR | 3:05 PM - 4:20 PM | 51-Social Sciences Room 1205,Main Campus-UNF,Standard,OPEN,2,33,35,35
86203,THE,2000,THE 2000,Theater Appreciation,[REDACTED],MW | 12:00 PM - 1:15 PM | 51-Social Sciences Room 1102,Main Campus-UNF,Standard,FULL - WAITLIST AVAILABLE,0,35,35,35
86314,THE,2000,THE 2000,Theater Appreciation,[REDACTED],MWF | 10:00 AM - 10:50 AM | 4-Skinner-Jones Hall Room 1703,Main Campus-UNF,Standard,FULL - WAITLIST AVAILABLE,0,35,35,35
82215,TRA,3035,TRA 3035,Foundations of Transportation,[REDACTED],MW | 3:00 PM - 4:15 PM | 42-Coggin College of Business Room 2116,Main Campus-UNF,Standard,OPEN,3,21,24,5
83447,TRA,3035,TRA 3035,Foundations of Transportation,[REDACTED],Online,Distance Learning,Online (DL),OPEN,2,28,30,5
83186,TRA,4132,TRA 4132,Purchasing Management,[REDACTED],TR | 1:40 PM - 2:55 PM | 42-Coggin College of Business Room 1101,Main Campus-UNF,Standard,OPEN,22,13,35,5
83443,TRA,4202,TRA 4202,Logistics Systems Management,[REDACTED],MW | 7:30 PM - 8:45 PM | 42-Coggin College of Business Room 2105,Main Campus-UNF,Standard,OPEN,9,17,26,5
82413,TRA,4210,TRA 4210,Logistics Subsystems Analysis,[REDACTED],MW | 6:00 PM - 7:15 PM | 42-Coggin College of Business Room 2105,Main Campus-UNF,Standard,OPEN,15,11,26,5
84418,TRA,4234,TRA 4234,Warehouse Management,[REDACTED],Online,Distance Learning,Online (DL),OPEN,17,18,35,5
83444,TRA,4721,TRA 4721,International Logistics,[REDACTED],Online,Distance Learning,Online (DL),OPEN,2,48,50,5
84437,TRA,4945,TRA 4945,Logistics Internship,[REDACTED],Off Main Campus Room OFF-MC,Off-Campus: Internships,Independent,OPEN,14,1,15,5
85904,TRA,6015,TRA 6015,Graduate Survey in Transportation,[REDACTED],M | 6:00 PM - 7:15 PM | 42-Coggin College of Business Room 2116; Online,Hybrid - On Campus/Online,Hybrid,OPEN,1,14,15,5
85905,TRA,6015,TRA 6015,Graduate Survey in Transportation,[REDACTED],M | 6:00 PM - 7:15 PM | Online; Online,Distance Learning,Live Online,OPEN,1,14,15,5
85884,TRA,6725,TRA 6725,International Logistics,[REDACTED],T | 6:00 PM - 8:45 PM | 42-Coggin College of Business Room 2116; T | 6:00 PM - 8:45 PM | 42-Coggin College of Business Room 2116; T | 6:00 PM - 8:45 PM | 42-Coggin College of Business Room 2116; T | 6:00 PM - 8:45 PM | 42-Coggin College of Business Room 2116; T | 6:00 PM - 8:45 PM | 42-Coggin College of Business Room 2116; T | 6:00 PM - 8:45 PM | 42-Coggin College of Business Room 2116; T | 6:00 PM - 8:45 PM | 42-Coggin College of Business Room 2116; T | 6:00 PM - 8:45 PM | 42-Coggin College of Business Room 2116; Online,Main Campus-UNF,Standard,OPEN,2,18,20,5
85885,TRA,6725,TRA 6725,International Logistics,[REDACTED],T | 6:00 PM - 8:45 PM | Online; T | 6:00 PM - 8:45 PM | Online; T | 6:00 PM - 8:45 PM | Online; T | 6:00 PM - 8:45 PM | Online; T | 6:00 PM - 8:45 PM | Online; T | 6:00 PM - 8:45 PM | Online; T | 6:00 PM - 8:45 PM | Online; T | 6:00 PM - 8:45 PM | Online; Online,Distance Learning,Live Online,FULL - WAITLIST AVAILABLE,-2,12,10,5
85962,TRA,6906,TRA 6906,Research Project,[REDACTED],R | 6:00 PM - 8:45 PM | 42-Coggin College of Business Room 2116; R | 6:00 PM - 8:45 PM | 42-Coggin College of Business Room 2116; R | 6:00 PM - 8:45 PM | 42-Coggin College of Business Room 2116; R | 6:00 PM - 8:45 PM | 42-Coggin College of Business Room 2116; R | 6:00 PM - 8:45 PM | 42-Coggin College of Business Room 2116; R | 6:00 PM - 8:45 PM | 42-Coggin College of Business Room 2116; R | 6:00 PM - 8:45 PM | 42-Coggin College of Business Room 2116; R | 6:00 PM - 8:45 PM | 42-Coggin College of Business Room 2116; Online,Main Campus-UNF,Standard,OPEN,14,1,15,5
85963,TRA,6906,TRA 6906,Research Project,[REDACTED],R | 6:00 PM - 8:45 PM | Online; R | 6:00 PM - 8:45 PM | Online; R | 6:00 PM - 8:45 PM | Online; R | 6:00 PM - 8:45 PM | Online; R | 6:00 PM - 8:45 PM | Online; R | 6:00 PM - 8:45 PM | Online; R | 6:00 PM - 8:45 PM | Online; R | 6:00 PM - 8:45 PM | Online; Online,Distance Learning,Live Online,OPEN,13,2,15,5
83937,TSL,3080,TSL 3080,ESOL Principles and Practices 1,[REDACTED],Online,Distance Learning,Online (DL),OPEN,6,29,35,5
83939,TSL,3080,TSL 3080,ESOL Principles and Practices 1,[REDACTED],Online,Distance Learning,Online (DL),OPEN,9,31,40,5
84151,TSL,3080,TSL 3080,ESOL Principles and Practices 1,[REDACTED],W | 4:30 PM - 7:15 PM | 57-Petway Hall Room 2010,Main Campus-UNF,Standard,OPEN,25,15,40,5
83940,TSL,4240,TSL 4240,Applied Linguistics and Grammar in TESOL,[REDACTED],Online,Distance Learning,Online (DL),OPEN,26,4,30,5
83941,TSL,4324,TSL 4324,TESOL for Secondary Content Area Teachers,[REDACTED],Online,Distance Learning,Online (DL),OPEN,4,26,30,5
83942,TSL,4340,TSL 4340,TESOL Methods and Curriculum,[REDACTED],T | 4:30 PM - 7:15 PM | 57-Petway Hall Room 2010,Main Campus-UNF,Standard,OPEN,10,20,30,5
83971,TSL,4340,TSL 4340,TESOL Methods and Curriculum,[REDACTED],Online,Distance Learning,Online (DL),OPEN,2,28,30,5
83943,TSL,6325,TSL 6325,TESOL Methods: Content Instruction,[REDACTED],Online,Distance Learning,Online (DL),OPEN,13,17,30,5
82758,TTE,4004,TTE 4004,Transportation Engineering,[REDACTED],TR | 1:40 PM - 2:55 PM | 4-Skinner-Jones Hall Room 1703,Main Campus-UNF,Standard,OPEN,40,10,50,5
85349,TTE,4314,TTE 4314,Traffic Operations,[REDACTED],MW | 1:30 PM - 2:45 PM | 9-Fred Schultz Hall Room 2301,Main Campus-UNF,Standard,OPEN,8,2,10,5
86326,TTE,6205,TTE 6205,Operational Analysis of Transportation Facilities,[REDACTED],MW | 1:30 PM - 2:45 PM | 9-Fred Schultz Hall Room 2301,Main Campus-UNF,Standard,OPEN,2,8,10,5
86320,TTE,6607,TTE 6607,Transportation Demand Analysis,[REDACTED],TR | 4:30 PM - 5:45 PM | 4-Skinner-Jones Hall Room 2306,Main Campus-UNF,Standard,OPEN,2,8,10,5
82465,WOH,1012,WOH 1012,(GW) World History I,[REDACTED],Online,Distance Learning,Online (DL),OPEN,1,44,45,35
85945,XCH,4000,XCH 4000,International Exchange Program,[REDACTED],Off Main Campus Room OFF-MC,Intrn&#39;l Exchange Program,Study Abroad,OPEN,2,13,15,0
82312,ZOO,3733C,ZOO 3733C,Human Structure and Function,[REDACTED],TR | 10:00 AM - 11:50 AM | 59-Biological Sciences Room 3506; MW | 3:00 PM - 4:15 PM | 4-Skinner-Jones Hall Room 1703,Main Campus-UNF,Standard,FULL - WAITLIST AVAILABLE,0,24,24,24
82423,ZOO,3733C,ZOO 3733C,Human Structure and Function,[REDACTED],TR | 1:00 PM - 2:50 PM | 59-Biological Sciences Room 3506; MW | 3:00 PM - 4:15 PM | 4-Skinner-Jones Hall Room 1703,Main Campus-UNF,Standard,FULL - WAITLIST AVAILABLE,0,24,24,24
85505,ZOO,4454C,ZOO 4454C,Ichthyology,[REDACTED],F | 9:00 AM - 12:50 PM | 59-Biological Sciences Room 1502; MW | 12:00 PM - 1:15 PM | 4-Skinner-Jones Hall Room 1701,Main Campus-UNF,Standard,FULL - WAITLIST AVAILABLE,0,19,19,20
83033,ZOO,4513,ZOO 4513,Animal Behavior,[REDACTED],MW | 1:30 PM - 2:45 PM | 4-Skinner-Jones Hall Room 1705,Main Campus-UNF,Standard,FULL - WAITLIST AVAILABLE,-4,46,42,45
83034,ZOO,4513L,ZOO 4513L,Animal Behavior Laboratory,[REDACTED],T | 12:00 PM - 3:50 PM | 59-Biological Sciences Room 1502,Main Campus-UNF,Standard,OPEN,7,15,22,24
85506,ZOO,5455C,ZOO 5455C,Advanced Ichthyology,[REDACTED],F | 9:00 AM - 12:50 PM | 59-Biological Sciences Room 1502; MW | 12:00 PM - 1:15 PM | 4-Skinner-Jones Hall Room 1701,Main Campus-UNF,Standard,FULL - WAITLIST AVAILABLE,0,4,4,4
85933,ZOO,5514,ZOO 5514,Advanced Animal Behavior,[REDACTED],MW | 1:30 PM - 2:45 PM | 4-Skinner-Jones Hall Room 1705,Main Campus-UNF,Standard,FULL - WAITLIST AVAILABLE,-2,6,4,3
